{"text": " We'll be right back. Thank you. Thank you. .", "segments": [{"id": 0, "seek": 0, "start": 0.0, "end": 29.98, "text": " We'll be right back.", "tokens": [50365, 492, 603, 312, 558, 646, 13, 51864], "temperature": 0.0, "avg_logprob": -0.6536258591545953, "compression_ratio": 0.7142857142857143, "no_speech_prob": 3.539856602285951e-11}, {"id": 1, "seek": 3000, "start": 30.0, "end": 59.980000000000004, "text": " Thank you.", "tokens": [50365, 1044, 291, 13, 51864], "temperature": 0.0, "avg_logprob": -0.24526449044545492, "compression_ratio": 0.5555555555555556, "no_speech_prob": 2.4711529697518664e-11}, {"id": 2, "seek": 6000, "start": 60.0, "end": 89.98, "text": " Thank you.", "tokens": [50365, 1044, 291, 13, 51864], "temperature": 0.0, "avg_logprob": -0.38389909267425537, "compression_ratio": 0.5555555555555556, "no_speech_prob": 2.422076948727092e-11}, {"id": 3, "seek": 9000, "start": 90.0, "end": 92.0, "text": " .", "tokens": [50365, 2411, 50465], "temperature": 0.0, "avg_logprob": -0.9682473540306091, "compression_ratio": 0.1111111111111111, "no_speech_prob": 3.8709545985282645e-11}], "language": "en"}