[2026-03-05 15:00:27] ============================================================
[2026-03-05 15:00:27] LIVE MIRROR: amasci.com
[2026-03-05 15:00:27] Seed: http://amasci.com
[2026-03-05 15:00:27] Seed path: /
[2026-03-05 15:00:27] Max link depth: 5
[2026-03-05 15:00:27] Output: /Users/esaruoho/work/merlib-mirror/sites/amasci.com
[2026-03-05 15:00:27] ============================================================
[2026-03-05 15:00:27] Crawling / (download-as-you-go)...
[2026-03-05 15:00:28]   [1 d0*] http://amasci.com  (1 OK, 0 queued)
[2026-03-05 15:00:28]     +68 links (69 total known)
[2026-03-05 15:00:29]   [2 d0*] http://amasci.com/graphics/newearth.gif  (2 OK, 67 queued)
[2026-03-05 15:00:30]   [3 d0*] http://amasci.com/weird.html  (3 OK, 66 queued)
[2026-03-05 15:00:30]     +29 links (98 total known)
[2026-03-05 15:00:31]   [4 d0*] http://amasci.com/hum/hum.html  (4 OK, 94 queued)
[2026-03-05 15:00:31]     +25 links (123 total known)
[2026-03-05 15:00:32]   [5 d0*] http://amasci.com/hum/hum_map.gif  (5 OK, 118 queued)
[2026-03-05 15:00:33]   [6 d0*] http://amasci.com/hum/torshum.html  (6 OK, 117 queued)
[2026-03-05 15:00:33]     +2 links (125 total known)
[2026-03-05 15:00:34]   [8 d0*] http://amasci.com/graphics/abc.gif  (7 OK, 117 queued)
[2026-03-05 15:00:35]   [9 d0*] http://amasci.com/hum/lennart2.gif  (8 OK, 116 queued)
[2026-03-05 15:00:42]   [15 d0*] http://amasci.com/hum/chco2-19.wav  (13 OK, 110 queued)
[2026-03-05 15:00:47]   [20 d0*] http://amasci.com/amateur/amfrmJ.html  (18 OK, 106 queued)
[2026-03-05 15:00:47]     +2 links (128 total known)
[2026-03-05 15:00:52]   [25 d0*] http://amasci.com/graphics/tink1.jpg  (22 OK, 130 queued)
[2026-03-05 15:00:58]   [30 d0*] http://amasci.com/sc/awards.html  (26 OK, 125 queued)
[2026-03-05 15:01:08]   [40] 30 OK, 10 failed, 116 queued
[2026-03-05 15:01:08]     last fail: http://amasci.com/sc/child.html
[2026-03-05 15:01:13]   [45 d0*] http://amasci.com/amateur/sciamdx.html  (34 OK, 117 queued)
[2026-03-05 15:01:20]   [50 d0*] http://amasci.com/index.html  (37 OK, 116 queued)
[2026-03-05 15:01:26]   [55 d0*] http://amasci.com/miscon/eyeball.jpg  (42 OK, 142 queued)
[2026-03-05 15:01:33]   [60 d0*] http://amasci.com/wing/smrg1.gif  (47 OK, 144 queued)
[2026-03-05 15:01:41]   [65 d0*] http://amasci.com/emotor/voltmeas.html  (52 OK, 148 queued)
[2026-03-05 15:01:46]   [70 d0*] http://amasci.com/freenrg/jhs.txt  (57 OK, 219 queued)
[2026-03-05 15:01:52]   [75 d0*] http://amasci.com/weird/vortex/gravdsk3.txt  (60 OK, 216 queued)
[2026-03-05 15:01:57]   [80 d0*] http://amasci.com/maglev/lev/exhibit12.txt  (64 OK, 250 queued)
[2026-03-05 15:02:04]   [85 d0*] http://amasci.com/maglev/lev/exhibit11.txt  (69 OK, 245 queued)
[2026-03-05 15:02:10]   [90 d0*] http://amasci.com/maglev/lev/letters2.html  (74 OK, 240 queued)
[2026-03-05 15:02:16]   [95 d0*] http://amasci.com/maglev/lev/exhibit2.txt  (79 OK, 237 queued)
[2026-03-05 15:02:21]   [100 d0*] http://amasci.com/maglev/lev/exhibit8.txt  (84 OK, 232 queued)
[2026-03-05 15:02:29]   [105 d0*] http://amasci.com/maglev/lev/johnson1.gif  (89 OK, 227 queued)
[2026-03-05 15:02:36]   [110 d0*] http://amasci.com/maglev/lev/exhibit3.txt  (94 OK, 223 queued)
[2026-03-05 15:02:41]   [115 d0*] http://amasci.com/maglev/lev/exhibit6.txt  (99 OK, 218 queued)
[2026-03-05 15:02:47]   [120 d0*] http://amasci.com/maglev/lev/fig6b.gif  (104 OK, 213 queued)
[2026-03-05 15:02:57]   [125 d0*] http://amasci.com/freenrg/clbooks.html  (109 OK, 214 queued)
[2026-03-05 15:03:02]   [130 d0*] http://amasci.com/freenrg/mfig3.gif  (114 OK, 214 queued)
[2026-03-05 15:03:08]   [135 d0*] http://amasci.com/freenrg/tamp.txt  (119 OK, 209 queued)
[2026-03-05 15:03:15]   [140 d0*] http://amasci.com/freenrg/grado.html  (124 OK, 238 queued)
[2026-03-05 15:03:15]     +1 links (379 total known)
[2026-03-05 15:03:21]   [145 d0*] http://amasci.com/freenrg/tors/pesf2.gif  (128 OK, 237 queued)
[2026-03-05 15:03:26]   [150 d0*] http://amasci.com/freenrg/galli1.txt  (133 OK, 232 queued)
[2026-03-05 15:03:31]   [155 d0*] http://amasci.com/freenrg/mie/puls.jpg  (138 OK, 237 queued)
[2026-03-05 15:03:38]   [160 d0*] http://amasci.com/freenrg/mie/y11-5-2.jpg  (143 OK, 232 queued)
[2026-03-05 15:03:44]   [165 d0*] http://amasci.com/freenrg/tors/drbl.doc  (148 OK, 227 queued)
[2026-03-05 15:03:49]   [170 d0*] http://amasci.com/freenrg/tors/tors.html  (153 OK, 222 queued)
[2026-03-05 15:03:57]   [175 d0*] http://amasci.com/freenrg/bajak1.txt  (158 OK, 217 queued)
[2026-03-05 15:04:03]   [180 d0*] http://amasci.com/freenrg/CORMAT2A.JPG  (163 OK, 220 queued)
[2026-03-05 15:04:11]   [185 d0*] http://amasci.com/freenrg/TOPVIEW2.JPG  (168 OK, 215 queued)
[2026-03-05 15:04:15]   [190 d0*] https://amasci.com/graphics/abc.gif  (173 OK, 225 queued)
[2026-03-05 15:04:19]   [195 d0*] https://amasci.com/  (174 OK, 220 queued)
[2026-03-05 15:04:23]   [200] 174 OK, 26 failed, 276 queued
[2026-03-05 15:04:23]     last fail: https://amasci.com/miscon/coherenc.html
[2026-03-05 15:04:41]   [220] 176 OK, 44 failed, 285 queued
[2026-03-05 15:04:41]     last fail: https://amasci.com/weird/wbookstr.html
[2026-03-05 15:04:48]   [230 d0*] https://amasci.com/hum/humnotes.txt  (179 OK, 300 queued)
[2026-03-05 15:04:52]   [235 d0*] https://amasci.com/hum/hum_map.gif  (181 OK, 295 queued)
[2026-03-05 15:04:55]   [240] 184 OK, 56 failed, 290 queued
[2026-03-05 15:04:55]     last fail: https://amasci.com/hum/taosmsgs.txt
[2026-03-05 15:05:13]   [260] 189 OK, 71 failed, 270 queued
[2026-03-05 15:05:13]     last fail: https://amasci.com/amateur/irgoggA.html
[2026-03-05 15:05:41]   [280] 189 OK, 91 failed, 250 queued
[2026-03-05 15:05:41]     last fail: https://amasci.com/elehob/elehobnw.html
[2026-03-05 15:06:06]   [300] 189 OK, 111 failed, 230 queued
[2026-03-05 15:06:06]     last fail: https://amasci.com/amateur/elehob.html
[2026-03-05 15:06:28]   [315 d0*] http://amasci.com/freenrg/potato.html  (192 OK, 215 queued)
[2026-03-05 15:06:33]   [320 d0*] http://amasci.com/graphics/bioholo.gif  (196 OK, 212 queued)
[2026-03-05 15:06:38]   [325 d0*] http://amasci.com/freenrg/tors/figx3.gif  (201 OK, 211 queued)
[2026-03-05 15:06:44]   [330 d0*] http://amasci.com/freenrg/tors/fig3.jpg  (206 OK, 209 queued)
[2026-03-05 15:06:49]   [335 d0*] http://amasci.com/greb/Grebennikov/10s1.jpg  (211 OK, 242 queued)
[2026-03-05 15:06:56]   [340 d0*] http://amasci.com/greb/Grebennikov/237b.gif  (216 OK, 237 queued)
[2026-03-05 15:07:02]   [345 d0*] http://amasci.com/greb/Grebennikov/236d.gif  (221 OK, 232 queued)
[2026-03-05 15:07:07]   [350 d0*] http://amasci.com/greb/Grebennikov/233a.gif  (226 OK, 227 queued)
[2026-03-05 15:07:13]   [355 d0*] http://amasci.com/greb/Grebennikov/233b.gif  (231 OK, 222 queued)
[2026-03-05 15:07:20]   [360 d0*] http://amasci.com/greb/Grebennikov/10s.jpg  (236 OK, 217 queued)
[2026-03-05 15:07:25]   [365 d0*] http://amasci.com/greb/Grebennikov/8s1.jpg  (241 OK, 212 queued)
[2026-03-05 15:07:30]   [370 d0*] http://amasci.com/greb/Grebennikov/6s1.jpg  (245 OK, 207 queued)
[2026-03-05 15:07:36]   [375 d0*] http://amasci.com/weird/vortex/ref2.txt  (249 OK, 204 queued)
[2026-03-05 15:07:40]   [380 d0*] http://amasci.com/graphics/email.gif  (253 OK, 203 queued)
[2026-03-05 15:07:47]   [385 d0*] http://amasci.com/caps/capwarp.html  (257 OK, 200 queued)
[2026-03-05 15:07:52]   [390 d0*] http://www.amasci.com/emotor/nostat.html  (262 OK, 435 queued)
[2026-03-05 15:07:52]     +1 links (826 total known)
[2026-03-05 15:07:59]   [395 d0*] http://amasci.com/resume.html  (267 OK, 450 queued)
[2026-03-05 15:08:03]   [400 d0*] http://amasci.com/res7.txt  (272 OK, 452 queued)
[2026-03-05 15:08:08]   [405 d0*] http://amasci.com/graphics/holo/onestp.gif  (277 OK, 466 queued)
[2026-03-05 15:08:13]   [410 d0*] http://amasci.com/graphics/holo/curvscr8.gif  (282 OK, 461 queued)
[2026-03-05 15:08:21]   [415 d0*] http://amasci.com/amateur/holo1c.gif  (287 OK, 465 queued)
[2026-03-05 15:08:28]   [420 d0*] http://amasci.com/weird/unusual/swenson1.html  (292 OK, 464 queued)
[2026-03-05 15:08:35]   [425 d0*] http://amasci.com/graphics/holo/holos1a.jpg  (297 OK, 461 queued)
[2026-03-05 15:08:39]   [430 d0*] http://amasci.com/graphics/holo/curvscr5.gif  (302 OK, 456 queued)
[2026-03-05 15:08:44]   [435 d0*] http://amasci.com/amateur/hovercft.html  (307 OK, 498 queued)
[2026-03-05 15:08:49]   [440 d0*] http://amasci.com/tesla/schemBD10.jpg  (312 OK, 506 queued)
[2026-03-05 15:08:55]   [445 d0*] http://amasci.com/maglev/magschem.html  (317 OK, 501 queued)
[2026-03-05 15:09:01]   [450 d0*] http://amasci.com/surplus/scisupl.html  (322 OK, 502 queued)
[2026-03-05 15:09:01]     +2 links (954 total known)
[2026-03-05 15:09:12]   [455 d0*] http://amasci.com/amateur/lenses.html  (326 OK, 503 queued)
[2026-03-05 15:09:17]   [460 d0*] http://amasci.com/graphics/hov4.gif  (328 OK, 499 queued)
[2026-03-05 15:09:21]   [465 d0*] http://amasci.com/emotor/vdgbug.html  (332 OK, 499 queued)
[2026-03-05 15:09:27]   [470 d0*] http://amasci.com/physvids  (336 OK, 517 queued)
[2026-03-05 15:09:32]   [475 d0*] http://amasci.com/amateur/dryice.html  (340 OK, 513 queued)
[2026-03-05 15:09:37]   [480 d0*] http://amasci.com/graphics/yt/dscope.jpg  (345 OK, 508 queued)
[2026-03-05 15:09:44]   [485 d0*] http://amasci.com/graphics/yt/jobrsch.jpg  (350 OK, 536 queued)
[2026-03-05 15:09:48]   [490 d0*] http://amasci.com/graphics/yt/flirband.jpg  (355 OK, 531 queued)
[2026-03-05 15:09:54]   [495 d0*] http://amasci.com/mushr/  (360 OK, 526 queued)
[2026-03-05 15:09:57]   [500 d0*] http://www.amasci.com/amateur/chemsupl.html  (365 OK, 546 queued)
[2026-03-05 15:09:57]     +1 links (1047 total known)
[2026-03-05 15:10:01]   [505 d0*] http://www.amasci.com/graphics/newearth.gif  (369 OK, 542 queued)
[2026-03-05 15:10:07]   [510 d0*] http://amasci.com/tesla/diodes.html  (374 OK, 561 queued)
[2026-03-05 15:10:15]   [515 d0*] http://amasci.com/tesla/tespc.txt  (379 OK, 598 queued)
[2026-03-05 15:10:20]   [520 d0*] http://amasci.com/emotor/scifirst.html  (384 OK, 593 queued)
[2026-03-05 15:10:20]     +2 links (1115 total known)
[2026-03-05 15:10:26]   [525 d0*] http://amasci.com/emotor/belt.html  (389 OK, 608 queued)
[2026-03-05 15:10:30]   [530 d0*] http://amasci.com/emotor/vdgblt3.gif  (394 OK, 609 queued)
[2026-03-05 15:10:35]   [535 d0*] http://amasci.com/tesla/hand-bl.html  (398 OK, 604 queued)
[2026-03-05 15:10:42]   [540 d0*] http://amasci.com/weird/unusual/paranor.html  (402 OK, 612 queued)
[2026-03-05 15:10:42]     +2 links (1154 total known)
[2026-03-05 15:10:53]   [550 d0*] http://amasci.com/weird/unusual/animl.html  (407 OK, 610 queued)
[2026-03-05 15:10:53]     +2 links (1162 total known)
[2026-03-05 15:11:04]   [560] 411 OK, 149 failed, 618 queued
[2026-03-05 15:11:04]     last fail: http://amasci.com/weird/unusual/www.wvwnewsdot net
[2026-03-05 15:11:14]   [570 d0*] http://www.amasci.com/weird/unusual/compu_jinx.html  (415 OK, 639 queued)
[2026-03-05 15:11:14]     +19 links (1228 total known)
[2026-03-05 15:11:22]   [580] 415 OK, 165 failed, 648 queued
[2026-03-05 15:11:22]     last fail: http://www.amasci.com/contributor/1755745
[2026-03-05 15:11:35]   [590 d0*] http://www.amasci.com/weird/unusual/sli.html  (416 OK, 638 queued)
[2026-03-05 15:11:35]     +4 links (1232 total known)
[2026-03-05 15:11:42]   [600 d0*] http://www.amasci.com/weird/unusual/blold4.html?  (421 OK, 649 queued)
[2026-03-05 15:11:49]   [610 d0*] http://www.amasci.com/weird/unusual/unexpl.html  (427 OK, 643 queued)
[2026-03-05 15:11:49]     +2 links (1255 total known)
[2026-03-05 15:11:56]   [620 d0*] http://www.amasci.com/weird/unusual/wots050399.htm  (432 OK, 639 queued)
[2026-03-05 15:11:56]     +5 links (1264 total known)
[2026-03-05 15:12:08]   [630 d0*] http://www.amasci.com/tesla/earplas.html  (436 OK, 636 queued)
[2026-03-05 15:12:08]     +2 links (1268 total known)
[2026-03-05 15:12:12]   [635 d0*] http://www.amasci.com/home.html  (441 OK, 670 queued)
[2026-03-05 15:12:17]   [640 d0*] http://amasci.com/amateur/toys1.html  (445 OK, 674 queued)
[2026-03-05 15:12:17]     +15 links (1329 total known)
[2026-03-05 15:12:23]   [645 d0*] http://amasci.com/graphics/fstick.jpg  (450 OK, 684 queued)
[2026-03-05 15:12:29]   [650 d0*] http://amasci.com/graphics/books/shrnqtr.jpg  (455 OK, 679 queued)
[2026-03-05 15:12:34]   [655 d0*] http://amasci.com/graphics/books/tarant.jpg  (460 OK, 674 queued)
[2026-03-05 15:12:42]   [660] 464 OK, 196 failed, 684 queued
[2026-03-05 15:12:42]     last fail: http://www.amasci.com/sc/parent.html
[2026-03-05 15:12:47]   [665 d0*] http://www.amasci.com/sc/scilogo6.gif  (466 OK, 681 queued)
[2026-03-05 15:12:50]   [670 d0*] http://www.amasci.com/sc/us1.txt  (468 OK, 676 queued)
[2026-03-05 15:12:56]   [675 d0*] http://www.amasci.com/sc/awards.html  (470 OK, 671 queued)
[2026-03-05 15:13:01]   [680 d0*] http://www.amasci.com/tesla/tradio.html  (474 OK, 667 queued)
[2026-03-05 15:13:07]   [685 d0*] http://www.amasci.com/tesla/rqsup.txt  (479 OK, 662 queued)
[2026-03-05 15:13:12]   [690 d0*] http://www.amasci.com/tesla/tslsoc.html  (484 OK, 660 queued)
[2026-03-05 15:13:12]     +1 links (1351 total known)
[2026-03-05 15:13:17]   [695 d0*] http://www.amasci.com/amateur/blljar4.txt  (488 OK, 662 queued)
[2026-03-05 15:13:22]   [700 d0*] http://www.amasci.com/tesla/fieldexe.txt  (493 OK, 657 queued)
[2026-03-05 15:13:27]   [705 d0*] http://www.amasci.com/tesla/tespc.txt  (498 OK, 652 queued)
[2026-03-05 15:13:32]   [710 d0*] http://www.amasci.com/tesla/test.css  (503 OK, 648 queued)
[2026-03-05 15:13:35]   [715 d0*] http://www.amasci.com/graphics/ETCviol.jpeg  (508 OK, 645 queued)
[2026-03-05 15:13:39]   [720 d0*] http://www.amasci.com/tesla/toroid1.txt  (513 OK, 641 queued)
[2026-03-05 15:13:45]   [725 d0*] http://www.amasci.com/elect/tinyhole.html  (518 OK, 643 queued)
[2026-03-05 15:13:49]   [730 d0*] http://www.amasci.com/tesla/reson2.gif  (521 OK, 641 queued)
[2026-03-05 15:13:54]   [735 d0*] http://amasci.com/tesla/dipole1.html  (526 OK, 639 queued)
[2026-03-05 15:13:58]   [740 d0*] http://www.amasci.com/tesla/dipol1.html  (529 OK, 637 queued)
[2026-03-05 15:14:04]   [745 d0*] http://www.amasci.com/weird/unusual/objold.html  (532 OK, 637 queued)
[2026-03-05 15:14:16]   [755 d0*] http://amasci.com/weird/unusual/evilev.html  (538 OK, 637 queued)
[2026-03-05 15:14:22]   [760] 542 OK, 218 failed, 643 queued
[2026-03-05 15:14:22]     last fail: http://amasci.com/weird/unusual/Massa
[2026-03-05 15:14:36]   [780] 551 OK, 229 failed, 638 queued
[2026-03-05 15:14:36]     last fail: http://www.amasci.com/weird/unusual/nil
[2026-03-05 15:14:52]   [800] 554 OK, 246 failed, 618 queued
[2026-03-05 15:14:52]     last fail: http://amasci.com/contributor/1756332
[2026-03-05 15:15:01]   [815 d0*] http://amasci.com/weird/unusual/blold.html  (561 OK, 607 queued)
[2026-03-05 15:15:03]   [820] 563 OK, 257 failed, 605 queued
[2026-03-05 15:15:03]     last fail: http://amasci.com/weird/unusual/Kelley Farm
[2026-03-05 15:15:06]   [825 d0*] http://amasci.com/emotor/icepail.html  (566 OK, 603 queued)
[2026-03-05 15:15:12]   [830 d0*] http://amasci.com/emotor/roller.txt  (571 OK, 599 queued)
[2026-03-05 15:15:17]   [835 d0*] http://amasci.com/amateur/vonngt_1965.html  (576 OK, 595 queued)
[2026-03-05 15:15:21]   [840 d0*] http://amasci.com/graphics/books/moore2.jpg  (577 OK, 594 queued)
[2026-03-05 15:15:26]   [845 d0*] http://amasci.com/graphics/tesbeam3.gif  (582 OK, 591 queued)
[2026-03-05 15:15:28]   [850 d0*] http://amasci.com/amateur/blljar1.txt  (587 OK, 591 queued)
[2026-03-05 15:15:31]   [855 d0*] http://amasci.com/tesla/biog.txt  (592 OK, 586 queued)
[2026-03-05 15:15:36]   [860 d0*] http://amasci.com/tesla/testrik.txt  (597 OK, 582 queued)
[2026-03-05 15:15:38]   [865 d0*] http://amasci.com/polwav3.gif  (602 OK, 578 queued)
[2026-03-05 15:15:43]   [870 d0*] http://amasci.com/graphics/tcoil1.gif  (607 OK, 582 queued)
[2026-03-05 15:15:48]   [875 d0*] http://amasci.com/freenrg/a-vectFE.html  (612 OK, 584 queued)
[2026-03-05 15:15:53]   [880 d0*] http://amasci.com/elect/poynt/fig5.gif  (617 OK, 595 queued)
[2026-03-05 15:15:59]   [885 d0*] http://amasci.com/elect/poynt/fig6.gif  (622 OK, 590 queued)
[2026-03-05 15:16:04]   [890 d0*] http://amasci.com/graphics/kraus_poynt.gif  (627 OK, 585 queued)
[2026-03-05 15:16:10]   [895 d0*] http://amasci.com/elect/charg1.html  (632 OK, 591 queued)
[2026-03-05 15:16:16]   [900 d0*] http://amasci.com/amateur/elecdir.html  (637 OK, 588 queued)
[2026-03-05 15:16:22]   [905 d0*] http://amasci.com/miscon/books.html  (642 OK, 589 queued)
[2026-03-05 15:16:27]   [910 d0*] http://amasci.com/miscon/mform.html  (646 OK, 585 queued)
[2026-03-05 15:16:27]     +1 links (1496 total known)
[2026-03-05 15:16:32]   [915 d0*] http://amasci.com/freenrg/audwall.html  (651 OK, 581 queued)
[2026-03-05 15:16:36]   [920] 654 OK, 266 failed, 593 queued
[2026-03-05 15:16:36]     last fail: http://amasci.com/elect/elect/coil1.gif
[2026-03-05 15:16:54]   [935 d0*] http://amasci.com/graphics/gline1.gif  (656 OK, 578 queued)
[2026-03-05 15:16:58]   [940 d0*] http://amasci.com/tesla/tc2.html  (661 OK, 573 queued)
[2026-03-05 15:17:01]   [945 d0*] http://amasci.com/amateur/bllsupl.txt  (666 OK, 568 queued)
[2026-03-05 15:17:04]   [950 d0*] http://amasci.com/tesla/sources.html  (671 OK, 564 queued)
[2026-03-05 15:17:04]     +6 links (1520 total known)
[2026-03-05 15:17:09]   [955 d0*] http://amasci.com/tesla/tc.txt  (676 OK, 565 queued)
[2026-03-05 15:17:12]   [960 d0*] http://amasci.com/tesla/nearfld1.html  (681 OK, 562 queued)
[2026-03-05 15:17:12]     +3 links (1525 total known)
[2026-03-05 15:17:15]   [965 d0*] http://amasci.com/tes;a/toroid2.html  (686 OK, 561 queued)
[2026-03-05 15:17:20]   [970 d0*] http://www.amasci.com/graphics/yt/uwavbotl.jpg  (689 OK, 568 queued)
[2026-03-05 15:17:24]   [975 d0*] http://amasci.com/coilgen/generator_3.html  (694 OK, 566 queued)
[2026-03-05 15:17:31]   [980 d0*] http://www.amasci.com/coilgen/coilgen1996.txt  (699 OK, 564 queued)
[2026-03-05 15:17:36]   [985 d0*] http://www.amasci.com/graphics/coilgen.gif  (704 OK, 559 queued)
[2026-03-05 15:17:39]   [990 d0*] http://www.amasci.com/coilgen/generator_4.html  (709 OK, 557 queued)
[2026-03-05 15:17:43]   [995 d0*] http://www.amasci.com/weird/unusual/swenson1.html  (713 OK, 560 queued)
[2026-03-05 15:17:45]   [1000 d0*] http://www.amasci.com/graphics/eglitch.jpg  (718 OK, 557 queued)
[2026-03-05 15:17:54]   [1010 d0*] http://www.amasci.com/maglev/lev/exhibit3.txt  (722 OK, 584 queued)
[2026-03-05 15:17:56]   [1015 d0*] http://www.amasci.com/maglev/lev/expose.html  (727 OK, 580 queued)
[2026-03-05 15:17:59]   [1020 d0*] http://www.amasci.com/maglev/lev/index.html  (732 OK, 575 queued)
[2026-03-05 15:17:59]     +2 links (1597 total known)
[2026-03-05 15:18:01]   [1025 d0*] http://www.amasci.com/maglev/lev/exhibit1.gif  (737 OK, 572 queued)
[2026-03-05 15:18:04]   [1030 d0*] http://www.amasci.com/maglev/lev/exhibit11.txt  (742 OK, 567 queued)
[2026-03-05 15:18:06]   [1035 d0*] http://www.amasci.com/maglev/lev/exhibit6.txt  (747 OK, 562 queued)
[2026-03-05 15:18:09]   [1040 d0*] http://www.amasci.com/maglev/lev/exhibit2.gif  (752 OK, 557 queued)
[2026-03-05 15:18:11]   [1045 d0*] http://www.amasci.com/maglev/lev/magneto.gif  (757 OK, 553 queued)
[2026-03-05 15:18:14]   [1050 d0*] http://www.amasci.com/maglev/lev/fig5.gif  (762 OK, 548 queued)
[2026-03-05 15:18:18]   [1055 d0*] http://www.amasci.com/miscon/feynjudg.html  (767 OK, 550 queued)
[2026-03-05 15:18:22]   [1060 d0*] http://amasci.com/freenrg/pfact.txt  (772 OK, 550 queued)
[2026-03-05 15:18:25]   [1065 d0*] http://www.amasci.com/graphics/gline2.gif  (777 OK, 553 queued)
[2026-03-05 15:18:28]   [1070 d0*] http://www.amasci.com/elect/poynt/fig2.gif  (782 OK, 548 queued)
[2026-03-05 15:18:38]   [1080 d0*] http://www.amasci.com/amateur/mushr.html  (788 OK, 539 queued)
[2026-03-05 15:18:43]   [1085 d0*] http://www.amasci.com/anime/5.html  (793 OK, 539 queued)
[2026-03-05 15:18:47]   [1090 d0*] http://amasci.com/anime/4.html  (797 OK, 540 queued)
[2026-03-05 15:18:47]     +3 links (1633 total known)
[2026-03-05 15:18:53]   [1095 d0*] http://amasci.com/anime/2.html  (801 OK, 539 queued)
[2026-03-05 15:18:56]   [1100 d0*] http://www.amasci.com/3.html  (805 OK, 538 queued)
[2026-03-05 15:18:56]     +1 links (1639 total known)
[2026-03-05 15:18:59]   [1105 d0*] http://www.amasci.com/indexng.html  (809 OK, 534 queued)
[2026-03-05 15:19:03]   [1110 d0*] http://www.amasci.com/physvids  (813 OK, 535 queued)
[2026-03-05 15:19:05]   [1115 d0*] http://www.amasci.com/graphics/books/facehgr.jpg  (818 OK, 545 queued)
[2026-03-05 15:19:08]   [1120 d0*] http://www.amasci.com/graphics/shirt_detail_2.jpg  (823 OK, 540 queued)
[2026-03-05 15:19:11]   [1125 d0*] http://www.amasci.com/graphics/books/blaklit2.jpg  (828 OK, 535 queued)
[2026-03-05 15:19:15]   [1130 d0*] http://www.amasci.com/elehob/elehot.html  (832 OK, 536 queued)
[2026-03-05 15:19:15]     +2 links (1668 total known)
[2026-03-05 15:19:27]   [1140] 835 OK, 305 failed, 538 queued
[2026-03-05 15:19:27]     last fail: http://amasci.com/gif/bullet5.GIF
[2026-03-05 15:19:41]   [1155 d0*] http://www.amasci.com/amateur/scigrps.html  (843 OK, 534 queued)
[2026-03-05 15:19:47]   [1160] 846 OK, 314 failed, 532 queued
[2026-03-05 15:19:47]     last fail: http://www.amasci.com/amateur/elehobnw.html
[2026-03-05 15:19:51]   [1165 d0*] http://amasci.com/physvids/13.html  (851 OK, 564 queued)
[2026-03-05 15:20:00]   [1175 d0*] http://amasci.com/physvids/15.html  (860 OK, 562 queued)
[2026-03-05 15:20:04]   [1180 d0*] http://amasci.com/physvids/3.html  (865 OK, 558 queued)
[2026-03-05 15:20:04]     +1 links (1739 total known)
[2026-03-05 15:20:10]   [1185 d0*] http://amasci.com/amateur/traffic/traffic1.html  (870 OK, 554 queued)
[2026-03-05 15:20:16]   [1190 d0*] http://amasci.com/mistake.html  (874 OK, 580 queued)
[2026-03-05 15:20:22]   [1195 d0*] http://amasci.com/amateur/transis2.html  (878 OK, 580 queued)
[2026-03-05 15:20:28]   [1200 d0*] http://amasci.com/freenrg/wbelief1.html  (882 OK, 576 queued)
[2026-03-05 15:20:28]     +2 links (1778 total known)
[2026-03-05 15:20:38]   [1210 d0*] http://amasci.com/amateur/traffic/tfaq.html  (887 OK, 576 queued)
[2026-03-05 15:20:38]     +5 links (1791 total known)
[2026-03-05 15:20:49]   [1220] 890 OK, 330 failed, 576 queued
[2026-03-05 15:20:49]     last fail: http://amasci.com/preventwaves.html
[2026-03-05 15:20:53]   [1225 d0*] http://amasci.com/amateur/traffic/eee.html  (891 OK, 571 queued)
[2026-03-05 15:21:00]   [1230 d0*] http://amasci.com/amateur/traffic1/seatraf.html  (893 OK, 567 queued)
[2026-03-05 15:21:07]   [1235 d0*] http://amasci.com/amateur/traffic1/traffic1.html  (898 OK, 562 queued)
[2026-03-05 15:21:16]   [1240 d0*] http://amasci.com/amateur/traffic/twlite1.gif  (903 OK, 565 queued)
[2026-03-05 15:21:28]   [1250 d0*] http://amasci.com/amateur/traffic/trafexp.html  (910 OK, 555 queued)
[2026-03-05 15:21:37]   [1260 d0*] http://www.amasci.com/physvids/2.html  (919 OK, 546 queued)
[2026-03-05 15:21:39]   [1265 d0*] http://www.amasci.com/physvids/1.html  (924 OK, 541 queued)
[2026-03-05 15:21:42]   [1270 d0*] http://www.amasci.com/physvids.html  (929 OK, 537 queued)
[2026-03-05 15:21:45]   [1275 d0*] http://www.amasci.com/amateur/schlrn2.gif  (934 OK, 535 queued)
[2026-03-05 15:21:51]   [1280 d0*] http://www.amasci.com/physivds/1.html  (938 OK, 530 queued)
[2026-03-05 15:21:57]   [1285 d0*] http://www.amasci.com/graphics/yt/flircat.jpg  (943 OK, 576 queued)
[2026-03-05 15:22:01]   [1290 d0*] http://www.amasci.com/graphics/yt/bumb.jpg  (948 OK, 571 queued)
[2026-03-05 15:22:06]   [1295 d0*] http://www.amasci.com/graphics/yt/runship.jpg  (952 OK, 567 queued)
[2026-03-05 15:22:12]   [1300 d0*] http://www.amasci.com/graphics/yt/UVphos.jpg  (957 OK, 562 queued)
[2026-03-05 15:22:15]   [1305 d0*] http://www.amasci.com/graphics/yt/capvac.jpg  (962 OK, 557 queued)
[2026-03-05 15:22:18]   [1310 d0*] http://www.amasci.com/graphics/yt/sonic1.JPG  (967 OK, 552 queued)
[2026-03-05 15:22:22]   [1315 d0*] http://www.amasci.com/graphics/yt/notalska.jpg  (972 OK, 547 queued)
[2026-03-05 15:22:27]   [1320 d0*] http://www.amasci.com/graphics/yt/co2squee.jpg  (977 OK, 542 queued)
[2026-03-05 15:22:31]   [1325 d0*] http://www.amasci.com/graphics/yt/toymut08.jpg  (982 OK, 537 queued)
[2026-03-05 15:22:35]   [1330 d0*] http://www.amasci.com/graphics/yt/trknut2.jpg  (987 OK, 532 queued)
[2026-03-05 15:22:38]   [1335 d0*] http://www.amasci.com/wsci/  (992 OK, 527 queued)
[2026-03-05 15:22:43]   [1340 d0*] http://amasci.com/wsci/booksle7.doc  (997 OK, 542 queued)
[2026-03-05 15:22:51]   [1345 d0*] http://amasci.com/graphics/goggl.jpg  (1002 OK, 541 queued)
[2026-03-05 15:22:57]   [1350 d0*] http://amasci.com/graphics/leefltrb.gif  (1007 OK, 542 queued)
[2026-03-05 15:23:02]   [1355 d0*] http://amasci.com/freenrg/seapts.html"  (1012 OK, 538 queued)
[2026-03-05 15:23:08]   [1360 d0*] http://www.amasci.com/wsci/flyer5.doc  (1017 OK, 533 queued)
[2026-03-05 15:23:11]   [1365 d0*] http://www.amasci.com/wsci/weird.txt  (1022 OK, 529 queued)
[2026-03-05 15:23:14]   [1370 d0*] http://www.amasci.com/amateur/irgogg2.html  (1027 OK, 528 queued)
[2026-03-05 15:23:14]     +6 links (1904 total known)
[2026-03-05 15:23:16]   [1375 d0*] http://www.amasci.com/graphics/leefltrh.gif  (1032 OK, 529 queued)
[2026-03-05 15:23:20]   [1380 d0*] http://www.amasci.com/graphics/infrared/cmps2VIS.jpeg  (1037 OK, 535 queued)
[2026-03-05 15:23:27]   [1385 d0*] http://www.amasci.com/graphics/infrared/fntn1IR.jpeg  (1042 OK, 530 queued)
[2026-03-05 15:23:32]   [1390 d0*] http://amasci.com/graphics/yt/pdstwe3.jpg  (1047 OK, 525 queued)
[2026-03-05 15:23:35]   [1395 d0*] http://amasci.com/graphics/yt/gravbox.jpg  (1052 OK, 520 queued)
[2026-03-05 15:23:37]   [1400 d0*] http://amasci.com/graphics/yt/bucky.jpg  (1057 OK, 515 queued)
[2026-03-05 15:23:40]   [1405 d0*] http://amasci.com/graphics/yt/ascomyct.jpg  (1061 OK, 511 queued)
[2026-03-05 15:23:43]   [1410 d0*] http://amasci.com/graphics/yt/bumb.jpg  (1066 OK, 506 queued)
[2026-03-05 15:23:45]   [1415 d0*] http://amasci.com/graphics/yt/sonic1.JPG  (1071 OK, 501 queued)
[2026-03-05 15:23:49]   [1420 d0*] http://amasci.com/emotor/electoph.html  (1076 OK, 496 queued)
[2026-03-05 15:23:53]   [1425 d0*] http://amasci.com/amateur/MIRROR.GIF  (1080 OK, 495 queued)
[2026-03-05 15:23:59]   [1430 d0*] http://amasci.com/graphics/moore2.jpg  (1084 OK, 491 queued)
[2026-03-05 15:24:05]   [1435 d0*] http://amasci.com/graphics/microtc.jpg  (1089 OK, 492 queued)
[2026-03-05 15:24:12]   [1440 d0*] http://amasci.com/graphics/pndanim3.gif  (1094 OK, 502 queued)
[2026-03-05 15:24:17]   [1445 d0*] http://amasci.com/art/pondmach/bumbr_04.jpg  (1098 OK, 497 queued)
[2026-03-05 15:24:22]   [1450 d0*] http://amasci.com/art/pondmach/index.html  (1103 OK, 496 queued)
[2026-03-05 15:24:27]   [1455 d0*] http://amasci.com/art/pondmach/pndthb.jpg  (1108 OK, 494 queued)
[2026-03-05 15:24:36]   [1460 d0*] http://amasci.com/art/  (1113 OK, 489 queued)
[2026-03-05 15:24:36]     +6 links (1955 total known)
[2026-03-05 15:24:42]   [1465 d0*] http://amasci.com/art/dork07/phos_IR1.JPG  (1118 OK, 493 queued)
[2026-03-05 15:24:55]   [1475 d0*] http://amasci.com/art/ideas/buttons.html  (1127 OK, 489 queued)
[2026-03-05 15:25:02]   [1480 d0*] http://amasci.com/amateur/eyeself.html  (1130 OK, 486 queued)
[2026-03-05 15:25:02]     +1 links (1967 total known)
[2026-03-05 15:25:09]   [1485 d0*] http://amasci.com/sc/proj/kidproja.html  (1135 OK, 485 queued)
[2026-03-05 15:25:16]   [1490 d0*] http://amasci.com/emotor/scanm1.gif  (1140 OK, 491 queued)
[2026-03-05 15:25:24]   [1495 d0*] http://amasci.com/amateur/capexpt.html  (1145 OK, 491 queued)
[2026-03-05 15:25:28]   [1500 d0*] http://amasci.com/graphics/qshrnk.jpg  (1149 OK, 491 queued)
[2026-03-05 15:25:36]   [1505 d0*] http://amasci.com/weird/microwvave/microwave.css  (1153 OK, 497 queued)
[2026-03-05 15:25:53]   [1520 d0*] http://amasci.com/weird2.html  (1162 OK, 492 queued)
[2026-03-05 15:25:59]   [1525 d0*] http://amasci.com/emotor/zerostat.html  (1167 OK, 487 queued)
[2026-03-05 15:26:06]   [1530 d0*] http://amasci.com/static/fostergen.html  (1172 OK, 488 queued)
[2026-03-05 15:26:06]     +1 links (2019 total known)
[2026-03-05 15:26:11]   [1535 d0*] http://amasci.com/amateur/pris.html  (1176 OK, 484 queued)
[2026-03-05 15:26:16]   [1540 d0*] http://amasci.com/amateur/tornbox.gif  (1181 OK, 482 queued)
[2026-03-05 15:26:22]   [1545 d0*] http://amasci.com/emotor/ikelv.html  (1186 OK, 479 queued)
[2026-03-05 15:26:28]   [1550 d0*] http://amasci.com/graphics/kelvxsec.gif  (1190 OK, 482 queued)
[2026-03-05 15:26:33]   [1555 d0*] http://amasci.com/emotor/vdgtame.gif  (1194 OK, 478 queued)
[2026-03-05 15:26:42]   [1560 d0*] http://amasci.com/graphics/argon/full01.jpg  (1199 OK, 482 queued)
[2026-03-05 15:26:49]   [1565 d0*] http://amasci.com/graphics/argon/bowlsid009.mpg  (1204 OK, 477 queued)
[2026-03-05 15:26:59]   [1570 d0*] http://amasci.com/amateur/hglob.gif  (1209 OK, 476 queued)
[2026-03-05 15:27:05]   [1575 d0*] http://amasci.com/amateur/teles.html  (1214 OK, 471 queued)
[2026-03-05 15:27:12]   [1580 d0*] http://amasci.com/esloud/eslfig5.gif  (1219 OK, 473 queued)
[2026-03-05 15:27:19]   [1585 d0*] http://amasci.com/esloud/eslfig2.gif  (1224 OK, 468 queued)
[2026-03-05 15:27:24]   [1590 d0*] http://amasci.com/amateur/bloblamp.html  (1227 OK, 465 queued)
[2026-03-05 15:27:29]   [1595 d0*] http://amasci.com/amateur/antibub/anti3.gif  (1232 OK, 471 queued)
[2026-03-05 15:27:33]   [1600 d0*] http://amasci.com/amateur/antibub/anti10.gif  (1237 OK, 466 queued)
[2026-03-05 15:27:39]   [1605 d0*] http://amasci.com/emotor/safe.html  (1242 OK, 463 queued)
[2026-03-05 15:27:43]   [1610 d0*] http://amasci.com/exhibits/hiamp.html  (1246 OK, 460 queued)
[2026-03-05 15:27:43]     +1 links (2071 total known)
[2026-03-05 15:27:49]   [1615 d0*] http://amasci.com/exhibits/statdrum.html  (1250 OK, 457 queued)
[2026-03-05 15:27:54]   [1620 d0*] http://amasci.com/maglev/bbmlev.gif  (1255 OK, 453 queued)
[2026-03-05 15:28:01]   [1625 d0*] http://amasci.com/graphics/achlfhz2.gif  (1260 OK, 458 queued)
[2026-03-05 15:28:06]   [1630 d0*] http://amasci.com/viselect/vedemos.html  (1265 OK, 453 queued)
[2026-03-05 15:28:14]   [1635 d0*] http://amasci.com/amateur/neospher.html  (1270 OK, 454 queued)
[2026-03-05 15:28:22]   [1640 d0*] http://amasci.com/graphics/glance.gif  (1275 OK, 453 queued)
[2026-03-05 15:28:27]   [1645 d0*] http://www.amasci.com/wrd7sensrs.doc  (1280 OK, 448 queued)
[2026-03-05 15:28:30]   [1650 d0*] http://www.amasci.com/res7.txt  (1285 OK, 444 queued)
[2026-03-05 15:28:32]   [1655 d0*] http://www.amasci.com/graphics/sqwhls4.gif  (1290 OK, 456 queued)
[2026-03-05 15:28:35]   [1660 d0*] http://www.amasci.com/art/dork07/dorkopen.jpg  (1295 OK, 453 queued)
[2026-03-05 15:28:37]   [1665 d0*] http://www.amasci.com/art/pondmach/bumb2_03.jpg  (1300 OK, 454 queued)
[2026-03-05 15:28:40]   [1670 d0*] http://www.amasci.com/art/pondmach/bumbr007a.jpg  (1305 OK, 449 queued)
[2026-03-05 15:28:43]   [1675 d0*] http://www.amasci.com/art/emerdelu/  (1309 OK, 446 queued)
[2026-03-05 15:28:46]   [1680] 1313 OK, 367 failed, 447 queued
[2026-03-05 15:28:46]     last fail: http://www.amasci.com/art/dork07/graphics/abc.gif
[2026-03-05 15:28:49]   [1685 d0*] http://www.amasci.com/graphics/holo/hood1a.jpg  (1318 OK, 454 queued)
[2026-03-05 15:28:51]   [1690 d0*] http://www.amasci.com/graphics/holo/onestp2.gif  (1323 OK, 449 queued)
[2026-03-05 15:28:54]   [1695 d0*] http://www.amasci.com/graphics/holo/curvscr5.gif  (1328 OK, 444 queued)
[2026-03-05 15:28:56]   [1700 d0*] http://www.amasci.com/weird/end.html  (1333 OK, 442 queued)
[2026-03-05 15:29:02]   [1705 d0*] http://amasci.com/weird/suprss.html  (1338 OK, 474 queued)
[2026-03-05 15:29:07]   [1710 d0*] http://amasci.com/weird/Martin_letter.html  (1343 OK, 474 queued)
[2026-03-05 15:29:15]   [1720] 1351 OK, 369 failed, 468 queued
[2026-03-05 15:29:15]     last fail: http://www.amasci.com/abc.gif
[2026-03-05 15:29:20]   [1725 d0*] http://www.amasci.com/weird/hevolv.html  (1354 OK, 464 queued)
[2026-03-05 15:29:25]   [1730 d0*] http://www.amasci.com/freenrg/fe.css  (1359 OK, 462 queued)
[2026-03-05 15:29:29]   [1735 d0*] http://www.amasci.com/maglev/levbill1.html  (1364 OK, 459 queued)
[2026-03-05 15:29:33]   [1740 d0*] http://amasci.com/amfrm/   (1369 OK, 460 queued)
[2026-03-05 15:29:36]   [1745 d0*] http://amasci.com/weird/stmlaf.html  (1374 OK, 457 queued)
[2026-03-05 15:29:41]   [1750 d0*] http://amasci.com/pathsk2.html  (1379 OK, 454 queued)
[2026-03-05 15:29:45]   [1755 d0*] http://www.amasci.com/graphics/skep.gif  (1384 OK, 452 queued)
[2026-03-05 15:29:49]   [1760 d0*] http://amasci.com/freenrg/index.html  (1388 OK, 452 queued)
[2026-03-05 15:29:54]   [1765 d0*] http://www.amasci.com/weird/worg.html  (1392 OK, 448 queued)
[2026-03-05 15:29:58]   [1770 d0*] http://amasci.com/tesla/ballexst.html  (1397 OK, 446 queued)
[2026-03-05 15:30:03]   [1775 d0*] http://www.amasci.com/weird/flam2.html  (1402 OK, 445 queued)
[2026-03-05 15:30:06]   [1780 d0*] http://www.amasci.com/weird/globe.html  (1407 OK, 443 queued)
[2026-03-05 15:30:10]   [1785 d0*] http://www.amasci.com/invent.html  (1411 OK, 439 queued)
[2026-03-05 15:30:12]   [1790 d0*] http://www.amasci.com/wrd7sci.doc  (1416 OK, 437 queued)
[2026-03-05 15:30:16]   [1795 d0*] http://www.amasci.com/sc/proj/kidprojb.html  (1420 OK, 434 queued)
[2026-03-05 15:30:18]   [1800 d0*] http://www.amasci.com/static/electrostatic1.html  (1424 OK, 446 queued)
[2026-03-05 15:30:18]     +3 links (2249 total known)
[2026-03-05 15:30:37]   [1820 d0*] http://www.amasci.com/electrom/electro-f2.gif  (1428 OK, 448 queued)
[2026-03-05 15:30:39]   [1825 d0*] http://www.amasci.com/graphics/foster4a.jpg  (1433 OK, 447 queued)
[2026-03-05 15:30:42]   [1830 d0*] http://www.amasci.com/static/electrostatic3  (1437 OK, 446 queued)
[2026-03-05 15:30:45]   [1835 d0*] http://www.amasci.com/graphics/email.gif  (1442 OK, 459 queued)
[2026-03-05 15:30:49]   [1840] 1444 OK, 396 failed, 458 queued
[2026-03-05 15:30:49]     last fail: http://www.amasci.com/soap/amateur/amform.html
[2026-03-05 15:30:54]   [1845 d0*] http://www.amasci.com/weird/microwave/voltage1.html  (1447 OK, 453 queued)
[2026-03-05 15:30:57]   [1850 d0*] http://www.amasci.com/freenrg/magputt.txt  (1450 OK, 451 queued)
[2026-03-05 15:31:00]   [1855 d0*] http://www.amasci.com/weird/microwvave/voltage2.html  (1455 OK, 446 queued)
[2026-03-05 15:31:03]   [1860 d0*] http://www.amasci.com/freenrg/carbiron.html  (1459 OK, 442 queued)
[2026-03-05 15:31:06]   [1865 d0*] http://www.amasci.com/graphics/sphere2b.gif  (1464 OK, 441 queued)
[2026-03-05 15:31:08]   [1870 d0*] http://www.amasci.com/sc/proj/kidproja.html  (1469 OK, 436 queued)
[2026-03-05 15:31:11]   [1875 d0*] http://www.amasci.com/amateur/elsafe.html  (1474 OK, 432 queued)
[2026-03-05 15:31:16]   [1880 d0*] http://www.amasci.com/index.html  (1477 OK, 439 queued)
[2026-03-05 15:31:18]   [1885 d0*] http://www.amasci.com/freenrg/secret.html  (1482 OK, 434 queued)
[2026-03-05 15:31:21]   [1890 d0*] http://www.amasci.com/graphics/holo/holos1a.jpg  (1487 OK, 432 queued)
[2026-03-05 15:31:26]   [1895 d0*] http://www.amasci.com/wing/saabrok3.jpg  (1492 OK, 447 queued)
[2026-03-05 15:31:30]   [1900 d0*] http://www.amasci.com/wing/smoke22A.gif  (1495 OK, 442 queued)
[2026-03-05 15:31:37]   [1910 d0*] http://www.amasci.com/miscon/ice.txt  (1504 OK, 434 queued)
[2026-03-05 15:31:42]   [1915 d0*] http://www.amasci.com/tesla/ballgtn.html  (1508 OK, 429 queued)
[2026-03-05 15:31:47]   [1920 d0*] http://www.amasci.com/tesla/bigball2.html  (1512 OK, 436 queued)
[2026-03-05 15:31:51]   [1925 d0*] http://www.amasci.com/tesla/ball.txt  (1517 OK, 432 queued)
[2026-03-05 15:31:55]   [1930 d0*] http://www.amasci.com/amateur/clouds.html  (1521 OK, 428 queued)
[2026-03-05 15:32:04]   [1940 d0*] http://www.amasci.com/amateur/saslgosm.gif  (1528 OK, 433 queued)
[2026-03-05 15:32:09]   [1945 d0*] http://amasci.com/wing/wing1a.jpg  (1533 OK, 432 queued)
[2026-03-05 15:32:13]   [1950 d0*] http://www.amasci.com/amateur/microsco.html  (1538 OK, 427 queued)
[2026-03-05 15:32:13]     +1 links (2378 total known)
[2026-03-05 15:32:17]   [1955 d0*] http://www.amasci.com/amateur/elecdir.html  (1543 OK, 423 queued)
[2026-03-05 15:32:21]   [1960 d0*] http://www.amasci.com/graphics/comicon.gif  (1548 OK, 424 queued)
[2026-03-05 15:32:25]   [1965 d0*] http://www.amasci.com/graphics/krampus.gif  (1553 OK, 424 queued)
[2026-03-05 15:32:38]   [1980 d0*] http://www.amasci.com/freenrg/scalar.gif  (1562 OK, 422 queued)
[2026-03-05 15:32:44]   [1985 d0*] http://amasci.com/electrom/e-field2.gif  (1567 OK, 423 queued)
[2026-03-05 15:32:47]   [1990 d0*] http://www.amasci.com/miscon/opphys.html  (1572 OK, 418 queued)
[2026-03-05 15:32:51]   [1995 d0*] http://amasci.com/freenrg/nytmag.html  (1577 OK, 422 queued)
[2026-03-05 15:32:57]   [2000 d0*] http://www.amasci.com/freenrg/magnet.html  (1582 OK, 419 queued)
[2026-03-05 15:32:57]     +1 links (2420 total known)
[2026-03-05 15:33:00]   [2005 d0*] http://amasci.com/freenrg/magheal.html  (1587 OK, 417 queued)
[2026-03-05 15:33:14]   [2020 d0*] http://amasci.com/scifair/physics.html   (1594 OK, 422 queued)
[2026-03-05 15:33:22]   [2030 d0*] http://www.amasci.com/maglev/maglev.html  (1598 OK, 413 queued)
[2026-03-05 15:33:22]     +2 links (2445 total known)
[2026-03-05 15:33:29]   [2040 d0*] http://amasci.com/amateur/magnerite.html  (1605 OK, 412 queued)
[2026-03-05 15:33:32]   [2045 d0*] http://www.amasci.com/maglev/magroll.html  (1609 OK, 409 queued)
[2026-03-05 15:33:48]   [2060 d0*] http://www.amasci.com/elehob/eledate.html  (1616 OK, 409 queued)
[2026-03-05 15:33:48]     +1 links (2470 total known)
[2026-03-05 15:33:54]   [2065 d0*] http://www.amasci.com/fuelair.html  (1620 OK, 407 queued)
[2026-03-05 15:33:58]   [2070 d0*] http://www.amasci.com/emotor/nanoamp.html  (1623 OK, 405 queued)
[2026-03-05 15:34:03]   [2075 d0*] http://www.amasci.com/weird/unusual/screwy.html  (1628 OK, 425 queued)
[2026-03-05 15:34:08]   [2080] 1632 OK, 448 failed, 423 queued
[2026-03-05 15:34:08]     last fail: http://www.amasci.com/freenrg/freenrg/h2oblast.html
[2026-03-05 15:34:13]   [2085 d0*] http://www.amasci.com/lghtclok.txt  (1636 OK, 419 queued)
[2026-03-05 15:34:18]   [2090 d0*] http://amasci.com/atmos.html  (1641 OK, 497 queued)
[2026-03-05 15:34:18]     +2 links (2589 total known)
[2026-03-05 15:34:23]   [2095 d0*] http://amasci.com/freenrg/frnge.txt  (1645 OK, 494 queued)
[2026-03-05 15:34:29]   [2100 d0*] http://amasci.com/graphics/tstrain.jpg  (1650 OK, 516 queued)
[2026-03-05 15:34:38]   [2105 d0*] http://amasci.com/graphics/tesbeam2.jpg  (1655 OK, 511 queued)
[2026-03-05 15:34:45]   [2110 d0*] http://amasci.com/graphics/tesla/electrical.jpg  (1660 OK, 506 queued)
[2026-03-05 15:34:53]   [2115 d0*] http://amasci.com/graphics/tesdray2.jpg  (1665 OK, 501 queued)
[2026-03-05 15:35:00]   [2120 d0*] http://amasci.com/graphics/tes_flyer1.jpg  (1670 OK, 496 queued)
[2026-03-05 15:35:08]   [2125 d0*] http://amasci.com/graphics/tstowr.jpg  (1675 OK, 491 queued)
[2026-03-05 15:35:14]   [2130 d0*] http://amasci.com/whenidie.html  (1680 OK, 486 queued)
[2026-03-05 15:35:20]   [2135 d0*] http://amasci.com/werid/humanIR.html  (1685 OK, 484 queued)
[2026-03-05 15:35:25]   [2140 d0*] http://amasci.com/newname.html  (1690 OK, 479 queued)
[2026-03-05 15:35:31]   [2145 d0*] http://amasci.com/graphics/howfast3.gif  (1695 OK, 474 queued)
[2026-03-05 15:35:38]   [2150 d0*] http://amasci.com/stats/idbylink2.html  (1700 OK, 470 queued)
[2026-03-05 15:35:38]     +62 links (2682 total known)
[2026-03-05 15:35:43]   [2155 d0*] http://www.amasci.com/elehob/elehobcr.html  (1703 OK, 531 queued)
[2026-03-05 15:35:47]   [2160 d0*] http://www.AMASCI.COM  (1706 OK, 526 queued)
[2026-03-05 15:35:47]     +68 links (2754 total known)
[2026-03-05 15:35:53]   [2165 d0*] http://amasci.com/feynexpt.html  (1711 OK, 597 queued)
[2026-03-05 15:35:55]   [2170 d0*] http://www.AMASCI.COM/graphics/eglitch.jpg  (1716 OK, 593 queued)
[2026-03-05 15:35:58]   [2175 d0*] http://www.AMASCI.COM/amateur/blljar3.txt  (1721 OK, 611 queued)
[2026-03-05 15:36:01]   [2180 d0*] http://www.AMASCI.COM/mistake.html  (1726 OK, 606 queued)
[2026-03-05 15:36:06]   [2185 d0*] http://www.AMASCI.COM/resume.html  (1730 OK, 616 queued)
[2026-03-05 15:36:09]   [2190 d0*] http://www.AMASCI.COM/wrd7res7.doc  (1735 OK, 618 queued)
[2026-03-05 15:36:12]   [2195 d0*] http://www.AMASCI.COM/emotor/stmiscon.html  (1739 OK, 620 queued)
[2026-03-05 15:36:17]   [2200] 1742 OK, 458 failed, 630 queued
[2026-03-05 15:36:17]     last fail: http://www.AMASCI.COM/~billb/cgi-bin/miscon/guestbok.html
[2026-03-05 15:36:20]   [2205 d0*] http://www.AMASCI.COM/elect/elefaq1.html  (1747 OK, 630 queued)
[2026-03-05 15:36:22]   [2210 d0*] http://www.AMASCI.COM/elect/poynt/poynt.html  (1752 OK, 636 queued)
[2026-03-05 15:36:22]     +16 links (2862 total known)
[2026-03-05 15:36:25]   [2215 d0*] http://www.AMASCI.COM/miscon/energ1.html  (1757 OK, 647 queued)
[2026-03-05 15:36:27]   [2220 d0*] http://www.AMASCI.COM/graphics/kraus_poynt.gif  (1762 OK, 644 queued)
[2026-03-05 15:36:30]   [2225 d0*] http://www.AMASCI.COM/freenrg/laughed.html  (1767 OK, 723 queued)
[2026-03-05 15:36:32]   [2230 d0*] http://www.AMASCI.COM/freenrg/mavskep1.html  (1772 OK, 753 queued)
[2026-03-05 15:36:35]   [2235 d0*] http://www.AMASCI.COM/freenrg/bead.html  (1776 OK, 749 queued)
[2026-03-05 15:36:38]   [2240 d0*] http://www.AMASCI.COM/weird/stmlaf.html  (1780 OK, 746 queued)
[2026-03-05 15:36:41]   [2245 d0*] http://www.AMASCI.COM/freenrg/evolv.txt  (1785 OK, 744 queued)
[2026-03-05 15:36:43]   [2250 d0*] http://www.AMASCI.COM/freenrg/clbooks.html  (1790 OK, 739 queued)
[2026-03-05 15:36:46]   [2255 d0*] http://www.AMASCI.COM/freenrg/carbiron.html  (1795 OK, 758 queued)
[2026-03-05 15:36:52]   [2260 d0*] http://www.AMASCI.COM/weird/vortex2.txt  (1800 OK, 753 queued)
[2026-03-05 15:36:58]   [2265 d0*] http://www.AMASCI.COM/weird/vortex/fusion.doc  (1805 OK, 748 queued)
[2026-03-05 15:37:04]   [2270 d0*] http://www.AMASCI.COM/weird/vmore.html  (1810 OK, 743 queued)
[2026-03-05 15:37:04]     +1 links (3014 total known)
[2026-03-05 15:37:09]   [2275 d0*] http://www.AMASCI.COM/wing/smring.html  (1815 OK, 744 queued)
[2026-03-05 15:37:11]   [2280 d0*] http://www.AMASCI.COM/wing/smrg1.gif  (1820 OK, 745 queued)
[2026-03-05 15:37:15]   [2285 d0*] http://www.AMASCI.COM/weird/fieldyus.doc  (1825 OK, 740 queued)
[2026-03-05 15:37:19]   [2290 d0*] http://www.AMASCI.COM/weird/vortex3.txt  (1830 OK, 738 queued)
[2026-03-05 15:37:23]   [2295 d0*] http://www.AMASCI.COM/weird/truzzi.html  (1834 OK, 734 queued)
[2026-03-05 15:37:26]   [2300 d0*] http://www.AMASCI.COM/weird/wlists.html  (1838 OK, 733 queued)
[2026-03-05 15:37:26]     +1 links (3034 total known)
[2026-03-05 15:37:33]   [2310 d0*] http://www.AMASCI.COM/amfrm/   (1846 OK, 728 queued)
[2026-03-05 15:37:36]   [2315 d0*] http://www.AMASCI.COM/maglev/lev/exhibit4.txt  (1851 OK, 761 queued)
[2026-03-05 15:37:38]   [2320 d0*] http://www.AMASCI.COM/maglev/lev/edhones.jpg  (1856 OK, 757 queued)
[2026-03-05 15:37:41]   [2325 d0*] http://www.AMASCI.COM/maglev/lev/index.html  (1861 OK, 752 queued)
[2026-03-05 15:37:43]   [2330 d0*] http://www.AMASCI.COM/maglev/lev/exhibit10.txt  (1866 OK, 749 queued)
[2026-03-05 15:37:46]   [2335 d0*] http://www.AMASCI.COM/maglev/lev/fig10.gif  (1871 OK, 744 queued)
[2026-03-05 15:37:48]   [2340 d0*] http://www.AMASCI.COM/maglev/lev/kid2.jpg  (1876 OK, 739 queued)
[2026-03-05 15:37:51]   [2345 d0*] http://www.AMASCI.COM/maglev/lev/exhibit6.txt  (1881 OK, 734 queued)
[2026-03-05 15:37:53]   [2350 d0*] http://www.AMASCI.COM/maglev/lev/fig12.gif  (1886 OK, 729 queued)
[2026-03-05 15:37:59]   [2360 d0*] http://www.AMASCI.COM/tesla/heli1.html  (1895 OK, 729 queued)
[2026-03-05 15:37:59]     +9 links (3098 total known)
[2026-03-05 15:38:01]   [2365 d0*] http://www.AMASCI.COM/graphics/argon/full01.jpg  (1900 OK, 733 queued)
[2026-03-05 15:38:04]   [2370 d0*] http://www.AMASCI.COM/graphics/qshrnk.jpg  (1905 OK, 728 queued)
[2026-03-05 15:38:06]   [2375 d0*] http://www.AMASCI.COM/tesla/microtc.html  (1910 OK, 726 queued)
[2026-03-05 15:38:09]   [2380 d0*] http://www.AMASCI.COM/art/pondmach/bumb2_03.jpg  (1915 OK, 735 queued)
[2026-03-05 15:38:11]   [2385 d0*] http://www.AMASCI.COM/art/pondmach/bumbr_18.jpg  (1920 OK, 730 queued)
[2026-03-05 15:38:14]   [2390 d0*] http://www.AMASCI.COM/emotor/duluc.html  (1925 OK, 725 queued)
[2026-03-05 15:38:14]     +3 links (3118 total known)
[2026-03-05 15:38:19]   [2395 d0*] http://www.AMASCI.COM/ele-projs.html  (1929 OK, 735 queued)
[2026-03-05 15:38:21]   [2400 d0*] http://www.AMASCI.COM/maglev/magschem.html  (1934 OK, 755 queued)
[2026-03-05 15:38:21]     +2 links (3157 total known)
[2026-03-05 15:38:24]   [2405 d0*] http://www.AMASCI.COM/amateur/chemsupl.html  (1939 OK, 756 queued)
[2026-03-05 15:38:30]   [2415 d0*] http://www.AMASCI.COM/emotor/vdgdemo.html  (1945 OK, 753 queued)
[2026-03-05 15:38:33]   [2420 d0*] http://www.AMASCI.COM/emotor/ikelv.html  (1949 OK, 752 queued)
[2026-03-05 15:38:33]     +6 links (3178 total known)
[2026-03-05 15:38:36]   [2425 d0*] http://www.AMASCI.COM/emotor/kelvin.htnl  (1954 OK, 753 queued)
[2026-03-05 15:38:39]   [2430 d0*] http://www.AMASCI.COM/electrom/e-field2.html  (1957 OK, 754 queued)
[2026-03-05 15:38:47]   [2440] 1961 OK, 479 failed, 752 queued
[2026-03-05 15:38:47]     last fail: http://www.AMASCI.COM/electrom/herb-f2-t.gif
[2026-03-05 15:38:52]   [2445 d0*] http://www.AMASCI.COM/emotor/stathint.html  (1964 OK, 747 queued)
[2026-03-05 15:38:55]   [2450 d0*] http://www.AMASCI.COM/graphics/chase3.gif  (1969 OK, 752 queued)
[2026-03-05 15:38:57]   [2455 d0*] http://www.AMASCI.COM/viselect/layout1.gif  (1974 OK, 747 queued)
[2026-03-05 15:39:00]   [2460 d0*] http://www.AMASCI.COM/amateur/GOLD1992b.TXT  (1979 OK, 743 queued)
[2026-03-05 15:39:02]   [2465 d0*] http://www.AMASCI.COM/amateur/neospher.html  (1984 OK, 756 queued)
[2026-03-05 15:39:05]   [2470 d0*] http://www.AMASCI.COM/weird/microwave/voltage3.html  (1989 OK, 751 queued)
[2026-03-05 15:39:05]     +2 links (3223 total known)
[2026-03-05 15:39:08]   [2475 d0*] http://www.AMASCI.COM/weird/microwvave/microwave.css  (1992 OK, 749 queued)
[2026-03-05 15:39:11]   [2480 d0*] http://www.AMASCI.COM/soap/weird2.html  (1997 OK, 744 queued)
[2026-03-05 15:39:11]     +5 links (3229 total known)
[2026-03-05 15:39:19]   [2490 d0*] http://www.AMASCI.COM/weird/microwave/microwave.css  (2002 OK, 743 queued)
[2026-03-05 15:39:21]   [2495 d0*] http://www.AMASCI.COM/emotor/scifirst.html  (2007 OK, 757 queued)
[2026-03-05 15:39:24]   [2500 d0*] http://www.AMASCI.COM/emotor/vdgmotr.html  (2012 OK, 753 queued)
[2026-03-05 15:39:26]   [2505 d0*] http://www.AMASCI.COM/emotor/belt.html  (2017 OK, 748 queued)
[2026-03-05 15:39:29]   [2510 d0*] http://www.AMASCI.COM/emotor/vdgblt1.gif  (2021 OK, 749 queued)
[2026-03-05 15:39:34]   [2520 d0*] http://www.AMASCI.COM/weird/unusual/unexpl.html  (2028 OK, 755 queued)
[2026-03-05 15:39:34]     +2 links (3277 total known)
[2026-03-05 15:39:38]   [2525 d0*] http://www.AMASCI.COM/weird/unusual/blold2.html  (2030 OK, 754 queued)
[2026-03-05 15:39:40]   [2530 d0*] http://www.AMASCI.COM/weird/unusual/animl.html  (2033 OK, 751 queued)
[2026-03-05 15:39:40]     +2 links (3283 total known)
[2026-03-05 15:39:47]   [2540] 2037 OK, 503 failed, 759 queued
[2026-03-05 15:39:47]     last fail: http://www.AMASCI.COM/weird/unusual/yahoodot com
[2026-03-05 15:39:50]   [2545 d0*] http://www.AMASCI.COM/weird/unusual/objs.html  (2040 OK, 756 queued)
[2026-03-05 15:39:59]   [2560] 2048 OK, 512 failed, 759 queued
[2026-03-05 15:39:59]     last fail: http://www.AMASCI.COM/weird/unusual/leelouden a webtv net
[2026-03-05 15:40:17]   [2580] 2052 OK, 528 failed, 760 queued
[2026-03-05 15:40:17]     last fail: http://www.AMASCI.COM/layout/iconSets/dark/print.png
[2026-03-05 15:40:26]   [2590 d0*] http://www.AMASCI.COM/weird/unusual/blold.html  (2054 OK, 750 queued)
[2026-03-05 15:40:26]     +2 links (3342 total known)
[2026-03-05 15:40:29]   [2595 d0*] http://www.AMASCI.COM/weird/unusual/blold4.html?  (2056 OK, 750 queued)
[2026-03-05 15:40:31]   [2600 d0*] http://www.AMASCI.COM/emotor/roller.txt  (2059 OK, 745 queued)
[2026-03-05 15:40:34]   [2605 d0*] http://www.AMASCI.COM/amateur/sundog.html  (2064 OK, 741 queued)
[2026-03-05 15:40:36]   [2610 d0*] http://www.AMASCI.COM/graphics/hov2.gif  (2069 OK, 745 queued)
[2026-03-05 15:40:43]   [2620 d0*] http://www.AMASCI.COM/sc/awards.html  (2075 OK, 751 queued)
[2026-03-05 15:40:50]   [2630 d0*] http://www.AMASCI.COM/amateur/vonngt_1965.html  (2079 OK, 741 queued)
[2026-03-05 15:40:50]     +4 links (3375 total known)
[2026-03-05 15:40:54]   [2635 d0*] http://www.AMASCI.COM/maglev/train.html  (2080 OK, 740 queued)
[2026-03-05 15:40:57]   [2640 d0*] http://www.AMASCI.COM/exhibits/exhibits.html  (2084 OK, 738 queued)
[2026-03-05 15:40:57]     +3 links (3381 total known)
[2026-03-05 15:41:00]   [2645 d0*] http://www.AMASCI.COM/graphics/sqwhls2.gif  (2088 OK, 740 queued)
[2026-03-05 15:41:05]   [2655 d0*] http://www.AMASCI.COM/static/fostergen.html  (2097 OK, 737 queued)
[2026-03-05 15:41:09]   [2660 d0*] http://www.AMASCI.COM/static/electrostatic3.html  (2101 OK, 732 queued)
[2026-03-05 15:41:09]     +2 links (3394 total known)
[2026-03-05 15:41:12]   [2665 d0*] http://www.AMASCI.COM/graphics/books/moore.jpg  (2106 OK, 729 queued)
[2026-03-05 15:41:15]   [2670 d0*] http://www.AMASCI.COM/emotor/vdgtame.html  (2110 OK, 724 queued)
[2026-03-05 15:41:15]     +1 links (3395 total known)
[2026-03-05 15:41:17]   [2675 d0*] http://www.AMASCI.COM/tesla/sstesla.gif  (2115 OK, 722 queued)
[2026-03-05 15:41:20]   [2680 d0*] http://www.AMASCI.COM/weird/notso.html  (2119 OK, 718 queued)
[2026-03-05 15:41:23]   [2685 d0*] http://www.AMASCI.COM/graphics/gline1.gif  (2124 OK, 721 queued)
[2026-03-05 15:41:25]   [2690 d0*] http://www.AMASCI.COM/graphics/gline2.gif  (2129 OK, 716 queued)
[2026-03-05 15:41:28]   [2695 d0*] http://www.AMASCI.COM/freenrg/iontest.html  (2133 OK, 712 queued)
[2026-03-05 15:41:32]   [2700 d0*] http://www.AMASCI.COM/freenrg/ideas.html  (2138 OK, 709 queued)
[2026-03-05 15:41:36]   [2705 d0*] http://www.AMASCI.COM/amateur/seesnd.html  (2143 OK, 706 queued)
[2026-03-05 15:41:39]   [2710 d0*] http://amasci.com/freenrg/minto.html  (2148 OK, 704 queued)
[2026-03-05 15:41:39]     +1 links (3415 total known)
[2026-03-05 15:41:44]   [2715 d0*] http://www.AMASCI.COM/freenrg/h2odet.gif  (2153 OK, 704 queued)
[2026-03-05 15:41:46]   [2720 d0*] http://www.AMASCI.COM/freenrg/digibio.html  (2158 OK, 699 queued)
[2026-03-05 15:41:46]     +1 links (3420 total known)
[2026-03-05 15:41:49]   [2725 d0*] http://www.AMASCI.COM/freenrg/h2oblast.html  (2163 OK, 753 queued)
[2026-03-05 15:41:54]   [2730 d0*] http://www.AMASCI.COM/amateur/pinhole.html  (2167 OK, 751 queued)
[2026-03-05 15:41:54]     +1 links (3482 total known)
[2026-03-05 15:41:59]   [2735 d0*] http://amasci.com/freenrg/pacebook.txt  (2172 OK, 750 queued)
[2026-03-05 15:42:03]   [2740] 2176 OK, 564 failed, 753 queued
[2026-03-05 15:42:03]     last fail: http://www.AMASCI.COM/scifair/1304 Stockton Road
[2026-03-05 15:42:13]   [2755 d0*] http://www.AMASCI.COM/graphics/tink1.jpg  (2186 OK, 754 queued)
[2026-03-05 15:42:15]   [2760 d0*] http://www.AMASCI.COM/amateur/antibub/anti5.gif  (2191 OK, 749 queued)
[2026-03-05 15:42:18]   [2765 d0*] http://www.AMASCI.COM/awards.html  (2196 OK, 744 queued)
[2026-03-05 15:42:20]   [2770 d0*] http://www.AMASCI.COM/graphics/tesla/war.jpg  (2201 OK, 767 queued)
[2026-03-05 15:42:23]   [2775 d0*] http://www.AMASCI.COM/graphics/tesdray2.jpg  (2206 OK, 762 queued)
[2026-03-05 15:42:25]   [2780 d0*] http://www.AMASCI.COM/graphics/tesla/ttower3.jpg  (2211 OK, 757 queued)
[2026-03-05 15:42:28]   [2785 d0*] http://www.AMASCI.COM/graphics/tesbeam2.jpg  (2216 OK, 752 queued)
[2026-03-05 15:42:30]   [2790 d0*] http://www.AMASCI.COM/graphics/tesla/lightstower.jpg  (2221 OK, 747 queued)
[2026-03-05 15:42:33]   [2795 d0*] http://www.AMASCI.COM/amateur/led.html  (2226 OK, 742 queued)
[2026-03-05 15:42:36]   [2800 d0*] http://www.AMASCI.COM/graphics/shirt_detail_2.jpg  (2231 OK, 753 queued)
[2026-03-05 15:42:39]   [2805 d0*] http://www.AMASCI.COM/graphics/books/bhead.jpg  (2236 OK, 748 queued)
[2026-03-05 15:42:41]   [2810 d0*] http://www.AMASCI.COM/graphics/books/levit2.jpg  (2241 OK, 743 queued)
[2026-03-05 15:42:44]   [2815 d0*] http://www.AMASCI.COM/amateur/sciam1.html  (2246 OK, 738 queued)
[2026-03-05 15:42:48]   [2820 d0*] http://www.AMASCI.COM/amateur/sciam1  (2249 OK, 738 queued)
[2026-03-05 15:42:50]   [2825 d0*] http://www.AMASCI.COM/miscon/fund.html  (2254 OK, 736 queued)
[2026-03-05 15:42:53]   [2830 d0*] http://www.AMASCI.COM/amateur/transis.html  (2259 OK, 732 queued)
[2026-03-05 15:42:53]     +2 links (3564 total known)
[2026-03-05 15:42:56]   [2835 d0*] http://www.AMASCI.COM/weird/wsci.html  (2262 OK, 731 queued)
[2026-03-05 15:43:02]   [2840 d0*] http://www.AMASCI.COM/weird/wener.html  (2267 OK, 730 queued)
[2026-03-05 15:43:02]     +1 links (3571 total known)
[2026-03-05 15:43:09]   [2850 d0*] http://www.AMASCI.COM/amateur/holohint.html  (2272 OK, 726 queued)
[2026-03-05 15:43:09]     +9 links (3585 total known)
[2026-03-05 15:43:12]   [2855 d0*] http://www.AMASCI.COM/graphics/holo/curvscr5.gif  (2277 OK, 735 queued)
[2026-03-05 15:43:14]   [2860 d0*] http://www.AMASCI.COM/index.html  (2282 OK, 730 queued)
[2026-03-05 15:43:17]   [2865 d0*] http://www.AMASCI.COM/grapics/holo/holos1a.jpg  (2287 OK, 735 queued)
[2026-03-05 15:43:19]   [2870 d0*] http://www.AMASCI.COM/graphics/holo/curvscr2.gif  (2292 OK, 730 queued)
[2026-03-05 15:43:22]   [2875 d0*] http://www.AMASCI.COM/weird/wsotw.html  (2297 OK, 725 queued)
[2026-03-05 15:43:26]   [2880 d0*] http://www.AMASCI.COM/tesla/jladdr.html  (2302 OK, 724 queued)
[2026-03-05 15:43:26]     +1 links (3605 total known)
[2026-03-05 15:43:29]   [2885 d0*] http://www.AMASCI.COM/hum/humnotes.txt  (2307 OK, 742 queued)
[2026-03-05 15:43:33]   [2890 d0*] http://www.AMASCI.COM/hum/newshum.txt  (2312 OK, 737 queued)
[2026-03-05 15:43:38]   [2895 d0*] http://www.AMASCI.COM/hum/avebury5.wav  (2317 OK, 732 queued)
[2026-03-05 15:43:43]   [2900 d0*] http://www.AMASCI.COM/hum/hill1.gif  (2322 OK, 727 queued)
[2026-03-05 15:43:46]   [2905 d0*] http://www.AMASCI.COM/amateur/dscope.html  (2326 OK, 722 queued)
[2026-03-05 15:43:49]   [2910 d0*] http://www.AMASCI.COM/tesla/sources.html  (2331 OK, 721 queued)
[2026-03-05 15:43:49]     +21 links (3652 total known)
[2026-03-05 15:43:51]   [2915 d0*] http://www.AMASCI.COM/tesla/primary.txt  (2336 OK, 737 queued)
[2026-03-05 15:43:54]   [2920 d0*] http://www.AMASCI.COM/tesla/bottle.jpg  (2341 OK, 733 queued)
[2026-03-05 15:43:56]   [2925 d0*] http://www.AMASCI.COM/tesla/toroid1.txt  (2346 OK, 728 queued)
[2026-03-05 15:43:59]   [2930 d0*] http://www.AMASCI.COM/tesla/high_voltage1.html  (2351 OK, 726 queued)
[2026-03-05 15:43:59]     +1 links (3657 total known)
[2026-03-05 15:44:01]   [2935 d0*] http://www.AMASCI.COM/tesla/cap1.txt  (2356 OK, 723 queued)
[2026-03-05 15:44:04]   [2940 d0*] http://www.AMASCI.COM/weird/w_art.html  (2361 OK, 722 queued)
[2026-03-05 15:44:07]   [2945 d0*] http://www.AMASCI.COM/amateur/coolinks.html  (2366 OK, 719 queued)
[2026-03-05 15:44:14]   [2955 d0*] http://www.AMASCI.COM/tfaq.html  (2369 OK, 721 queued)
[2026-03-05 15:44:19]   [2960] 2371 OK, 589 failed, 718 queued
[2026-03-05 15:44:19]     last fail: http://www.AMASCI.COM/slomerg1.gif
[2026-03-05 15:44:22]   [2965 d0*] http://www.AMASCI.COM/elehob/elehobcr.html  (2374 OK, 716 queued)
[2026-03-05 15:44:33]   [2980 d0*] http://www.AMASCI.COM/amateur/ambooks.html  (2381 OK, 712 queued)
[2026-03-05 15:44:40]   [2990 d0*] http://www.AMASCI.COM/coilgen/generator_4.html  (2389 OK, 708 queued)
[2026-03-05 15:44:40]     +2 links (3700 total known)
[2026-03-05 15:44:42]   [2995 d0*] http://www.AMASCI.COM/coilgen/generator_3.html  (2394 OK, 708 queued)
[2026-03-05 15:44:46]   [3000 d0*] http://amasci.com/weird/wallc/wallc1.html  (2398 OK, 706 queued)
[2026-03-05 15:44:49]   [3005 d0*] http://www.AMASCI.COM/weird/unusual/e-wall  (2403 OK, 703 queued)
[2026-03-05 15:44:53]   [3010 d0*] http://www.AMASCI.COM/miscon/myths10.html  (2408 OK, 699 queued)
[2026-03-05 15:44:56]   [3015 d0*] http://www.AMASCI.COM/freenrg/abhor.html  (2413 OK, 694 queued)
[2026-03-05 15:45:00]   [3020 d0*] http://amasci.com/freenrg/aura/aura.html  (2418 OK, 691 queued)
[2026-03-05 15:45:03]   [3025 d0*] http://www.AMASCI.COM/freenrg/secret.html  (2423 OK, 686 queued)
[2026-03-05 15:45:07]   [3030 d0*] http://amasci.com/weird/unusual/airexp.html  (2428 OK, 691 queued)
[2026-03-05 15:45:07]     +3 links (3724 total known)
[2026-03-05 15:45:14]   [3035 d0*] http://amasci.com/weird/unsual/airexp.html  (2433 OK, 691 queued)
[2026-03-05 15:45:18]   [3040 d0*] http://www.AMASCI.COM/weird/unusual/visthr2.gif  (2438 OK, 691 queued)
[2026-03-05 15:45:21]   [3045 d0*] http://www.AMASCI.COM/weird/unusual/longthr2.gif  (2443 OK, 686 queued)
[2026-03-05 15:45:24]   [3050 d0*] http://www.AMASCI.COM/weird/wseeing.html  (2448 OK, 681 queued)
[2026-03-05 15:45:27]   [3055 d0*] http://www.AMASCI.COM/freenrg/tors/pes1.html  (2453 OK, 706 queued)
[2026-03-05 15:45:30]   [3060 d0*] http://www.AMASCI.COM/freenrg/grav3.txt  (2457 OK, 705 queued)
[2026-03-05 15:45:32]   [3065 d0*] http://www.AMASCI.COM/freenrg/potato.txt  (2462 OK, 701 queued)
[2026-03-05 15:45:35]   [3070 d0*] http://www.AMASCI.COM/freenrg/mie/h2odet.html  (2467 OK, 698 queued)
[2026-03-05 15:45:37]   [3075 d0*] http://www.AMASCI.COM/greb/greb2.html  (2472 OK, 693 queued)
[2026-03-05 15:45:40]   [3080 d0*] http://www.AMASCI.COM/greb/Grebennikov/10s1.jpg  (2477 OK, 726 queued)
[2026-03-05 15:45:42]   [3085 d0*] http://www.AMASCI.COM/greb/Grebennikov/9s.jpg  (2482 OK, 721 queued)
[2026-03-05 15:45:45]   [3090 d0*] http://www.AMASCI.COM/greb/titul1.jpg  (2487 OK, 716 queued)
[2026-03-05 15:45:47]   [3095 d0*] http://www.AMASCI.COM/greb/Grebennikov/6s1.jpg  (2492 OK, 711 queued)
[2026-03-05 15:45:50]   [3100] 2496 OK, 604 failed, 706 queued
[2026-03-05 15:45:50]     last fail: http://www.AMASCI.COM/cgi-bin/Count.cgi?df=terner_2.dat&dd=E&ft=2&frgb=000000
[2026-03-05 15:45:53]   [3105 d0*] http://www.AMASCI.COM/greb/Grebennikov/13s.jpg  (2501 OK, 701 queued)
[2026-03-05 15:45:55]   [3110 d0*] http://www.AMASCI.COM/greb/Grebennikov/10s.jpg  (2506 OK, 696 queued)
[2026-03-05 15:45:58]   [3115 d0*] http://www.AMASCI.COM/freenrg/grado.html  (2511 OK, 691 queued)
[2026-03-05 15:46:00]   [3120 d0*] http://www.AMASCI.COM/freenrg/tors/index.html  (2516 OK, 688 queued)
[2026-03-05 15:46:03]   [3125 d0*] http://www.AMASCI.COM/freenrg/gravity3.txt  (2521 OK, 683 queued)
[2026-03-05 15:46:05]   [3130 d0*] http://www.AMASCI.COM/freenrg/tors/fig5.jpg  (2526 OK, 681 queued)
[2026-03-05 15:46:09]   [3135 d0*] http://www.AMASCI.COM/freenrg/morton1.html  (2531 OK, 676 queued)
[2026-03-05 15:46:11]   [3140 d0*] http://www.AMASCI.COM/freenrg/mfig2.gif  (2536 OK, 676 queued)
[2026-03-05 15:46:14]   [3145 d0*] http://www.AMASCI.COM/freenrg/ufoscope.html  (2541 OK, 673 queued)
[2026-03-05 15:46:17]   [3150 d0*] http://www.AMASCI.COM/weird/microexp.html  (2546 OK, 668 queued)
[2026-03-05 15:46:17]     +2 links (3820 total known)
[2026-03-05 15:46:20]   [3155 d0*] http://www.AMASCI.COM/weird/x  (2549 OK, 666 queued)
[2026-03-05 15:46:23]   [3160 d0*] http://www.AMASCI.COM/weird/unusual/screwy.html  (2554 OK, 661 queued)
[2026-03-05 15:46:26]   [3165 d0*] http://www.AMASCI.COM/freenrg/magdrug.txt  (2559 OK, 664 queued)
[2026-03-05 15:46:28]   [3170 d0*] http://www.AMASCI.COM/freenrg/wassrmag.html  (2564 OK, 659 queued)
[2026-03-05 15:46:35]   [3180 d0*] http://www.AMASCI.COM/tesla/bigball3.html  (2572 OK, 659 queued)
[2026-03-05 15:46:35]     +1 links (3840 total known)
[2026-03-05 15:46:38]   [3185 d0*] http://www.AMASCI.COM/tesla/ballpprs.html  (2576 OK, 655 queued)
[2026-03-05 15:46:40]   [3190 d0*] http://www.AMASCI.COM/tesla/tc2.html  (2581 OK, 655 queued)
[2026-03-05 15:46:43]   [3195 d0*] http://www.AMASCI.COM/tesla/tescvshort.html  (2586 OK, 651 queued)
[2026-03-05 15:46:45]   [3200 d0*] http://www.AMASCI.COM/graphics/dp-absb2.gif  (2591 OK, 648 queued)
[2026-03-05 15:46:48]   [3205 d0*] http://www.AMASCI.COM/tesla/nearfld1.html  (2596 OK, 644 queued)
[2026-03-05 15:46:52]   [3210 d0*] http://www.AMASCI.COM/elect/poynt/fig7.gif  (2600 OK, 641 queued)
[2026-03-05 15:47:01]   [3220] 2601 OK, 619 failed, 646 queued
[2026-03-05 15:47:01]     last fail: http://www.AMASCI.COM/elect/elect/coil3.gif
[2026-03-05 15:47:08]   [3230 d0*] http://www.AMASCI.COM/elect/poynt/fig5.gif  (2605 OK, 636 queued)
[2026-03-05 15:47:11]   [3235 d0*] http://www.AMASCI.COM/miscon/speed.html  (2610 OK, 632 queued)
[2026-03-05 15:47:15]   [3240 d0*] http://www.AMASCI.COM/amateur/eyeself.html  (2615 OK, 636 queued)
[2026-03-05 15:47:15]     +1 links (3877 total known)
[2026-03-05 15:47:17]   [3245 d0*] http://www.AMASCI.COM/sc/proj/kidproja.html  (2620 OK, 635 queued)
[2026-03-05 15:47:20]   [3250 d0*] http://www.AMASCI.COM/graphics/yt/co2squee.jpg  (2625 OK, 649 queued)
[2026-03-05 15:47:22]   [3255 d0*] http://www.AMASCI.COM/graphics/yt/wrdgens.jpg  (2630 OK, 644 queued)
[2026-03-05 15:47:25]   [3260 d0*] http://www.AMASCI.COM/graphics/yt/capvac.jpg  (2635 OK, 639 queued)
[2026-03-05 15:47:27]   [3265 d0*] http://www.AMASCI.COM/graphics/yt/dryice.jpg  (2640 OK, 634 queued)
[2026-03-05 15:47:30]   [3270 d0*] http://www.AMASCI.COM/graphics/yt/kelso.jpg  (2644 OK, 664 queued)
[2026-03-05 15:47:33]   [3275 d0*] http://www.AMASCI.COM/graphics/yt/computar.jpg  (2649 OK, 659 queued)
[2026-03-05 15:47:36]   [3280 d0*] http://www.AMASCI.COM/graphics/yt/strwars.jpg  (2654 OK, 654 queued)
[2026-03-05 15:47:38]   [3285 d0*] http://www.AMASCI.COM/graphics/yt/ascomyct.jpg  (2659 OK, 649 queued)
[2026-03-05 15:47:41]   [3290 d0*] http://www.AMASCI.COM/graphics/yt/bumb.jpg  (2664 OK, 644 queued)
[2026-03-05 15:47:43]   [3295 d0*] http://www.AMASCI.COM/graphics/yt/toymut.jpg  (2669 OK, 639 queued)
[2026-03-05 15:47:46]   [3300 d0*] http://www.AMASCI.COM/graphics/yt/KittFLIR.jpg  (2674 OK, 634 queued)
[2026-03-05 15:47:48]   [3305 d0*] http://www.AMASCI.COM/miscon/physl.html  (2679 OK, 629 queued)
[2026-03-05 15:47:52]   [3310 d0*] http://www.AMASCI.COM/miscon/whatis.html  (2683 OK, 625 queued)
[2026-03-05 15:47:52]     +2 links (3937 total known)
[2026-03-05 15:47:56]   [3315 d0*] http://www.AMASCI.COM/graphics/wtrcap2.gif  (2688 OK, 628 queued)
[2026-03-05 15:48:00]   [3320 d0*] http://www.AMASCI.COM/emotor/sticky.html  (2693 OK, 623 queued)
[2026-03-05 15:48:00]     +1 links (3944 total known)
[2026-03-05 15:48:12]   [3335 d0*] http://www.AMASCI.COM/emotor/kelvin.html  (2701 OK, 617 queued)
[2026-03-05 15:48:16]   [3340 d0*] http://www.AMASCI.COM/weird/skepquot.html  (2705 OK, 615 queued)
[2026-03-05 15:48:16]     +1 links (3956 total known)
[2026-03-05 15:48:22]   [3350 d0*] http://www.AMASCI.COM/art/dork07/faraday3.JPG  (2714 OK, 623 queued)
[2026-03-05 15:48:25]   [3355 d0*] http://www.AMASCI.COM/art/dork07/faradic2.gif  (2718 OK, 618 queued)
[2026-03-05 15:48:27]   [3360 d0*] http://www.AMASCI.COM/graphics/leefltr.gif  (2723 OK, 619 queued)
[2026-03-05 15:48:30]   [3365 d0*] http://www.AMASCI.COM/graphics/leefltr4.gif  (2728 OK, 614 queued)
[2026-03-05 15:48:33]   [3370 d0*] http://www. amasci.com/search.html  (2733 OK, 639 queued)
[2026-03-05 15:48:33]     +199 links (4208 total known)
[2026-03-05 15:48:36]   [3375 d0*] http://www. amasci.com/amateur/tornbox.html  (2736 OK, 833 queued)
[2026-03-05 15:48:38]   [3380 d0*] http://www. amasci.com/graphics/sqwhls4.gif  (2741 OK, 836 queued)
[2026-03-05 15:48:41]   [3385 d0*] http://www. amasci.com/freenrg/fejnls.html  (2746 OK, 831 queued)
[2026-03-05 15:48:43]   [3390 d0*] http://www. amasci.com/freenrg/clbooks.html  (2751 OK, 829 queued)
[2026-03-05 15:48:46]   [3395 d0*] http://www. amasci.com/graphics/chase3.gif  (2756 OK, 833 queued)
[2026-03-05 15:48:48]   [3400 d0*] http://www. amasci.com/viselect/vedemos.html  (2761 OK, 828 queued)
[2026-03-05 15:48:51]   [3405 d0*] http://www. amasci.com/main.css  (2766 OK, 832 queued)
[2026-03-05 15:48:53]   [3410 d0*] http://www. amasci.com/amateur/blljar4.txt  (2771 OK, 871 queued)
[2026-03-05 15:48:56]   [3415 d0*] http://www. amasci.com/tesla/rqsup.txt  (2776 OK, 866 queued)
[2026-03-05 15:48:58]   [3420 d0*] http://www. amasci.com/tesla/toroid2.html  (2781 OK, 861 queued)
[2026-03-05 15:48:58]     +1 links (4282 total known)
[2026-03-05 15:49:04]   [3430 d0*] http://www. amasci.com/freenrg/a-vect2.html  (2790 OK, 865 queued)
[2026-03-05 15:49:09]   [3440 d0*] http://www. amasci.com/tesla/tws5a400.gif  (2798 OK, 860 queued)
[2026-03-05 15:49:11]   [3445 d0*] http://www. amasci.com/tesla/tescv2.html  (2803 OK, 857 queued)
[2026-03-05 15:49:14]   [3450 d0*] http://www. amasci.com/tesla/teslafaq.html  (2807 OK, 852 queued)
[2026-03-05 15:49:14]     +1 links (4303 total known)
[2026-03-05 15:49:16]   [3455 d0*] http://www. amasci.com/tesla/violet_bd-10.html  (2811 OK, 848 queued)
[2026-03-05 15:49:19]   [3460 d0*] http://www. amasci.com/tesla/toroid1.txt  (2816 OK, 845 queued)
[2026-03-05 15:49:21]   [3465 d0*] http://www. amasci.com/tesla/reson2.gif  (2821 OK, 843 queued)
[2026-03-05 15:49:24]   [3470 d0*] http://www. amasci.com/tesla/teslabad.html  (2826 OK, 839 queued)
[2026-03-05 15:49:27]   [3475 d0*] http://www. amasci.com/home.html  (2831 OK, 835 queued)
[2026-03-05 15:49:29]   [3480] 2835 OK, 645 failed, 849 queued
[2026-03-05 15:49:29]     last fail: http://www. amasci.com/sc/sdl/awards1.html
[2026-03-05 15:49:32]   [3485 d0*] http://www. amasci.com/sc/nonprof.html  (2838 OK, 844 queued)
[2026-03-05 15:49:37]   [3495 d0*] http://www. amasci.com/tesla/tealase.txt  (2841 OK, 834 queued)
[2026-03-05 15:49:39]   [3500 d0*] http://www. amasci.com/tesla/primary.txt  (2846 OK, 831 queued)
[2026-03-05 15:49:42]   [3505 d0*] http://www. amasci.com/surplus/scisupl.html  (2851 OK, 828 queued)
[2026-03-05 15:49:44]   [3510 d0*] http://www. amasci.com/art/pondmach/pond3_1.html  (2856 OK, 827 queued)
[2026-03-05 15:49:44]     +6 links (4343 total known)
[2026-03-05 15:49:47]   [3515 d0*] http://www. amasci.com/art/pondmach/bumbr_18.jpg  (2861 OK, 828 queued)
[2026-03-05 15:49:49]   [3520 d0*] http://www. amasci.com/weird/wclose.html  (2866 OK, 824 queued)
[2026-03-05 15:49:49]     +36 links (4380 total known)
[2026-03-05 15:49:52]   [3525 d0*] http://www. amasci.com/freenrg/newidea1.html  (2871 OK, 855 queued)
[2026-03-05 15:49:55]   [3530 d0*] http://www. amasci.com/weird/wclose  (2875 OK, 853 queued)
[2026-03-05 15:49:57]   [3535 d0*] http://www. amasci.com/weird/worg.html  (2880 OK, 850 queued)
[2026-03-05 15:50:00]   [3540 d0*] http://www. amasci.com/weird/end.html  (2884 OK, 846 queued)
[2026-03-05 15:50:02]   [3545 d0*] http://www. amasci.com/weird/rightman.html  (2889 OK, 845 queued)
[2026-03-05 15:50:05]   [3550 d0*] http://www. amasci.com/weird/momk01.htm  (2894 OK, 840 queued)
[2026-03-05 15:50:05]     +1 links (4391 total known)
[2026-03-05 15:50:07]   [3555 d0*] http://www. amasci.com/weird/globe.html  (2898 OK, 836 queued)
[2026-03-05 15:50:10]   [3560 d0*] http://www. amasci.com/maglev/lev/proto.jpg  (2903 OK, 872 queued)
[2026-03-05 15:50:12]   [3565 d0*] http://www. amasci.com/maglev/lev/expose1.html  (2908 OK, 867 queued)
[2026-03-05 15:50:15]   [3570 d0*] http://www. amasci.com/maglev/lev/exhibit4.txt  (2913 OK, 862 queued)
[2026-03-05 15:50:17]   [3575 d0*] http://www. amasci.com/maglev/lev/exhibit10.txt  (2918 OK, 857 queued)
[2026-03-05 15:50:20]   [3580 d0*] http://www. amasci.com/maglev/lev/exhibit2.gif  (2923 OK, 852 queued)
[2026-03-05 15:50:23]   [3585 d0*] http://www. amasci.com/maglev/lev/hand00.gif  (2928 OK, 850 queued)
[2026-03-05 15:50:25]   [3590 d0*] http://www. amasci.com/maglev/lev/fig6b.gif  (2933 OK, 845 queued)
[2026-03-05 15:50:28]   [3595 d0*] http://www. amasci.com/maglev/lev/fig6a.gif  (2938 OK, 840 queued)
[2026-03-05 15:50:30]   [3600 d0*] http://www. amasci.com/amfrm/   (2943 OK, 835 queued)
[2026-03-05 15:50:33]   [3605 d0*] http://www. amasci.com/tesla/ballsci.html  (2948 OK, 830 queued)
[2026-03-05 15:50:35]   [3610 d0*] http://www. amasci.com/freenrg/frnge.txt  (2952 OK, 827 queued)
[2026-03-05 15:50:38]   [3615 d0*] http://www. amasci.com/lists.html  (2956 OK, 824 queued)
[2026-03-05 15:50:40]   [3620 d0*] http://www. amasci.com/graphics/books/blaster.jpg  (2960 OK, 836 queued)
[2026-03-05 15:50:43]   [3625 d0*] http://www. amasci.com/graphics/zlobin.jpg  (2965 OK, 831 queued)
[2026-03-05 15:50:45]   [3630 d0*] http://www. amasci.com/graphics/books/mmicros.gif  (2970 OK, 826 queued)
[2026-03-05 15:50:48]   [3635 d0*] http://www. amasci.com/freenrg/esj.html  (2975 OK, 822 queued)
[2026-03-05 15:50:51]   [3640 d0*] http://www. amasci.com/weird/unusual/airexp.html  (2980 OK, 825 queued)
[2026-03-05 15:50:51]     +3 links (4468 total known)
[2026-03-05 15:50:53]   [3645 d0*] http://www. amasci.com/weird/unusual/longthr2.gif  (2985 OK, 823 queued)
[2026-03-05 15:50:56]   [3650 d0*] http://www. amasci.com/freenrg/prometh.html  (2990 OK, 826 queued)
[2026-03-05 15:50:58]   [3655 d0*] http://www. amasci.com/weird/unusual/hhh.html  (2995 OK, 825 queued)
[2026-03-05 15:51:01]   [3660] 2998 OK, 662 failed, 825 queued
[2026-03-05 15:51:01]     last fail: http://www. amasci.com/weird/unusual/http
[2026-03-05 15:51:03]   [3665 d0*] http://www. amasci.com/weird/unusual/evilev.html  (3001 OK, 825 queued)
[2026-03-05 15:51:06]   [3670 d0*] http://www. amasci.com/weird/unusual/sli.html  (3004 OK, 828 queued)
[2026-03-05 15:51:06]     +5 links (4503 total known)
[2026-03-05 15:51:08]   [3675 d0*] http://www. amasci.com/weird/unusual/blold.html  (3007 OK, 838 queued)
[2026-03-05 15:51:11]   [3680] 3008 OK, 672 failed, 841 queued
[2026-03-05 15:51:11]     last fail: http://www. amasci.com/weird/unusual/excite com
[2026-03-05 15:51:14]   [3685 d0*] http://www. amasci.com/weird/unusual/blold3.html  (3011 OK, 836 queued)
[2026-03-05 15:51:16]   [3690 d0*] http://www. amasci.com/weird/unusual/unexpl.html  (3014 OK, 835 queued)
[2026-03-05 15:51:16]     +1 links (4526 total known)
[2026-03-05 15:51:19]   [3695 d0*] http://www. amasci.com/weird/unusual/blold2.html  (3016 OK, 833 queued)
[2026-03-05 15:51:21]   [3700] 3020 OK, 680 failed, 839 queued
[2026-03-05 15:51:21]     last fail: http://www. amasci.com/group/ufolist/post?protectID=061158020121082135048181065085147130163248042197061130234143025
[2026-03-05 15:51:24]   [3705 d0*] http://www. amasci.com/weird/unusual/compu_jinx.html  (3021 OK, 834 queued)
[2026-03-05 15:51:31]   [3720] 3021 OK, 699 failed, 838 queued
[2026-03-05 15:51:31]     last fail: http://www. amasci.com/layout/iconSets/dark/print.png
[2026-03-05 15:51:42]   [3740] 3029 OK, 711 failed, 824 queued
[2026-03-05 15:51:42]     last fail: http://www. amasci.com/weird/unusual/leelouden a webtv net
[2026-03-05 15:51:44]   [3745 d0*] http://www. amasci.com/weird/unusual/squigth2.gif  (3032 OK, 819 queued)
[2026-03-05 15:51:47]   [3750 d0*] http://www. amasci.com/freenrg/wform.html  (3037 OK, 823 queued)
[2026-03-05 15:51:49]   [3755 d0*] http://www. amasci.com/graphics/yt/uwavbotl.jpg  (3040 OK, 818 queued)
[2026-03-05 15:51:52]   [3760 d0*] http://www. amasci.com/maglev/bbmlev.gif  (3045 OK, 816 queued)
[2026-03-05 15:51:54]   [3765 d0*] http://www. amasci.com/elect/poynt/fig9.gif  (3050 OK, 826 queued)
[2026-03-05 15:51:57]   [3770 d0*] http://www. amasci.com/elect/poynt/voltaged.gif  (3055 OK, 821 queued)
[2026-03-05 15:51:59]   [3775 d0*] http://www. amasci.com/elect/poynt/voltagef.gif  (3060 OK, 816 queued)
[2026-03-05 15:52:02]   [3780 d0*] http://www. amasci.com/maglev/train.html  (3065 OK, 812 queued)
[2026-03-05 15:52:02]     +1 links (4593 total known)
[2026-03-05 15:52:05]   [3785 d0*] http://www. amasci.com/graphics/yt/steadi.jpg  (3070 OK, 862 queued)
[2026-03-05 15:52:07]   [3790 d0*] http://www. amasci.com/graphics/yt/levdia.jpg  (3075 OK, 857 queued)
[2026-03-05 15:52:10]   [3795 d0*] http://www. amasci.com/graphics/yt/trknut1.jpg  (3080 OK, 852 queued)
[2026-03-05 15:52:12]   [3800 d0*] http://www. amasci.com/graphics/yt/KittFLIR.jpg  (3085 OK, 847 queued)
[2026-03-05 15:52:15]   [3805 d0*] http://www. amasci.com/graphics/yt/tesexh.jpg  (3090 OK, 842 queued)
[2026-03-05 15:52:17]   [3810 d0*] http://www. amasci.com/graphics/yt/supercon2.jpg  (3095 OK, 837 queued)
[2026-03-05 15:52:20]   [3815 d0*] http://www. amasci.com/graphics/yt/flirings.jpg  (3100 OK, 832 queued)
[2026-03-05 15:52:22]   [3820 d0*] http://www. amasci.com/physvids/9.html  (3105 OK, 849 queued)
[2026-03-05 15:52:27]   [3830 d0*] http://www. amasci.com/anime/2.html  (3114 OK, 847 queued)
[2026-03-05 15:52:30]   [3835 d0*] http://www. amasci.com/graphics/superball.gif  (3118 OK, 847 queued)
[2026-03-05 15:52:32]   [3840 d0*] http://www. amasci.com/physvids/2.html  (3122 OK, 842 queued)
[2026-03-05 15:52:35]   [3845 d0*] http://www. amasci.com/physvids/19.html  (3127 OK, 837 queued)
[2026-03-05 15:52:38]   [3850 d0*] http://www. amasci.com/physvids/14.html  (3132 OK, 833 queued)
[2026-03-05 15:52:40]   [3855 d0*] http://www. amasci.com/physvids/11.html  (3137 OK, 828 queued)
[2026-03-05 15:52:43]   [3860 d0*] http://www. amasci.com/graphics/yt/UVphos.jpg  (3141 OK, 824 queued)
[2026-03-05 15:52:45]   [3865 d0*] http://www. amasci.com/graphics/yt/flirband.jpg  (3146 OK, 820 queued)
[2026-03-05 15:52:48]   [3870 d0*] http://www. amasci.com/graphics/yt/flircat.jpg  (3151 OK, 815 queued)
[2026-03-05 15:52:50]   [3875 d0*] http://www. amasci.com/amateur/teles.html  (3155 OK, 810 queued)
[2026-03-05 15:52:53]   [3880 d0*] http://www. amasci.com/graphics/ovnbotl.jpg  (3160 OK, 827 queued)
[2026-03-05 15:52:55]   [3885 d0*] http://www. amasci.com/graphics/books/scisoap.jpg  (3164 OK, 828 queued)
[2026-03-05 15:53:00]   [3895 d0*] http://www. amasci.com/amatuer/irgoggl.html  (3170 OK, 832 queued)
[2026-03-05 15:53:03]   [3900 d0*] http://www. amasci.com/graphics/infrared/cmps1IR.jpeg  (3175 OK, 843 queued)
[2026-03-05 15:53:06]   [3905 d0*] http://www. amasci.com/graphics/infrared/cmps2IR.jpeg  (3180 OK, 838 queued)
[2026-03-05 15:53:08]   [3910 d0*] http://www. amasci.com/graphics/infrared/shrtaVIS.jpeg  (3185 OK, 833 queued)
[2026-03-05 15:53:11]   [3915 d0*] http://www. amasci.com/graphics/leefltr3.gif  (3190 OK, 834 queued)
[2026-03-05 15:53:13]   [3920 d0*] http://www. amasci.com/wsci/weird.txt  (3195 OK, 829 queued)
[2026-03-05 15:53:16]   [3925 d0*] http://www. amasci.com/wsci/booksle7.doc  (3200 OK, 825 queued)
[2026-03-05 15:53:21]   [3935 d0*] http://www. amasci.com/tesla/balligntn.txt  (3208 OK, 817 queued)
[2026-03-05 15:53:23]   [3940 d0*] http://www. amasci.com/tesla/ballpprs.html  (3211 OK, 812 queued)
[2026-03-05 15:53:26]   [3945 d0*] http://www. amasci.com/tesla/langBL.html  (3216 OK, 808 queued)
[2026-03-05 15:53:28]   [3950 d0*] http://www. amasci.com/ele-projs.html  (3221 OK, 811 queued)
[2026-03-05 15:53:28]     +3 links (4764 total known)
[2026-03-05 15:53:31]   [3955 d0*] http://www. amasci.com/static/electrostatic1.html  (3224 OK, 810 queued)
[2026-03-05 15:53:34]   [3960] 3225 OK, 735 failed, 816 queued
[2026-03-05 15:53:34]     last fail: http://www. amasci.com/electrom/raven_t.gif
[2026-03-05 15:53:39]   [3970 d0*] http://www. amasci.com/graphics/books/moore2.jpg  (3230 OK, 811 queued)
[2026-03-05 15:53:41]   [3975 d0*] http://www. amasci.com/emotor/zerostat.html  (3235 OK, 810 queued)
[2026-03-05 15:53:44]   [3980 d0*] http://www. amasci.com/amateur/pris.html  (3238 OK, 805 queued)
[2026-03-05 15:53:46]   [3985 d0*] http://www. amasci.com/feynexpt.html  (3243 OK, 804 queued)
[2026-03-05 15:53:49]   [3990 d0*] http://www. amasci.com/amateur/antibub/anti3.gif  (3248 OK, 811 queued)
[2026-03-05 15:53:51]   [3995 d0*] http://www. amasci.com/amateur/antibub/anti7.gif  (3253 OK, 806 queued)
[2026-03-05 15:53:54]   [4000 d0*] http://www. amasci.com/amateur/antibub/anti5.gif  (3258 OK, 801 queued)
[2026-03-05 15:53:59]   [4010 d0*] http://www. amasci.com/miscon/eleca.html  (3265 OK, 798 queued)
[2026-03-05 15:53:59]     +3 links (4811 total known)
[2026-03-05 15:54:02]   [4015 d0*] http://www. amasci.com/elect/elefaq1.html  (3270 OK, 797 queued)
[2026-03-05 15:54:04]   [4020 d0*] http://www. amasci.com/graphics/tcoil7.gif  (3275 OK, 801 queued)
[2026-03-05 15:54:07]   [4025 d0*] http://www. amasci.com/miscon/daves.txt  (3280 OK, 796 queued)
[2026-03-05 15:54:09]   [4030 d0*] http://www. amasci.com/amateur/capexpt.html  (3285 OK, 792 queued)
[2026-03-05 15:54:09]     +4 links (4826 total known)
[2026-03-05 15:54:14]   [4040 d0*] http://www. amasci.com/graphics/tesdray2.jpg  (3294 OK, 815 queued)
[2026-03-05 15:54:17]   [4045 d0*] http://www. amasci.com/graphics/tesla/war.jpg  (3299 OK, 810 queued)
[2026-03-05 15:54:19]   [4050 d0*] http://www. amasci.com/graphics/tesdray3.gif  (3304 OK, 805 queued)
[2026-03-05 15:54:22]   [4055 d0*] http://www. amasci.com/graphics/tes_flyer1.jpg  (3309 OK, 800 queued)
[2026-03-05 15:54:24]   [4060 d0*] http://www. amasci.com/graphics/tstowr.jpg  (3314 OK, 795 queued)
[2026-03-05 15:54:27]   [4065 d0*] http://www. amasci.com/tesla/tesecr1.html  (3319 OK, 790 queued)
[2026-03-05 15:54:35]   [4080] 3320 OK, 760 failed, 790 queued
[2026-03-05 15:54:35]     last fail: http://www. amasci.com/elect/elect/coila.gif
[2026-03-05 15:54:37]   [4085 d0*] http://www. amasci.com/miscon/books.html  (3324 OK, 789 queued)
[2026-03-05 15:54:40]   [4090 d0*] http://www. amasci.com/weird.html  (3327 OK, 784 queued)
[2026-03-05 15:54:40]     +5 links (4879 total known)
[2026-03-05 15:54:42]   [4095 d0*] http://www. amasci.com/weird/w_art.html  (3328 OK, 784 queued)
[2026-03-05 15:54:45]   [4100 d0*] http://www. amasci.com/graphics/argon/full01.jpg  (3333 OK, 788 queued)
[2026-03-05 15:54:47]   [4105 d0*] http://www. amasci.com/graphics/argon/fixfingr005a.mpg  (3338 OK, 783 queued)
[2026-03-05 15:54:50]   [4110 d0*] http://www. amasci.com/freenrg/plasbang.html  (3343 OK, 804 queued)
[2026-03-05 15:54:52]   [4115 d0*] http://www. amasci.com/graphics/coilgen.gif  (3348 OK, 802 queued)
[2026-03-05 15:54:55]   [4120 d0*] http://www. amasci.com/freenrg/tors/floaters.html  (3353 OK, 797 queued)
[2026-03-05 15:54:58]   [4125 d0*] http://www. amasci.com/search.html   (3358 OK, 795 queued)
[2026-03-05 15:55:03]   [4135 d0*] http://www. amasci.com/freenrg/plasmafe.txt  (3367 OK, 787 queued)
[2026-03-05 15:55:05]   [4140 d0*] http://www. amasci.com/freenrg/hudson.txt  (3372 OK, 782 queued)
[2026-03-05 15:55:08]   [4145 d0*] http://www. amasci.com/tesla/tc.txt  (3377 OK, 783 queued)
[2026-03-05 15:55:10]   [4150 d0*] http://www. amasci.com/scilists.html  (3382 OK, 778 queued)
[2026-03-05 15:55:10]     +2 links (4930 total known)
[2026-03-05 15:55:13]   [4155 d0*] http://www. amasci.com/amateur/balloon.txt  (3386 OK, 778 queued)
[2026-03-05 15:55:15]   [4160] 3388 OK, 772 failed, 781 queued
[2026-03-05 15:55:15]     last fail: http://www. amasci.com/emotor/emotor/vdg.html
[2026-03-05 15:55:20]   [4170 d0*] http://www. amasci.com/tesla/tcvmail.html  (3393 OK, 774 queued)
[2026-03-05 15:55:23]   [4175 d0*] http://www. amasci.com/mistake.html  (3396 OK, 769 queued)
[2026-03-05 15:55:25]   [4180 d0*] http://www. amasci.com/graphics/bucky3.gif  (3401 OK, 769 queued)
[2026-03-05 15:55:28]   [4185 d0*] http://www. amasci.com/freenrg/magputt.html  (3406 OK, 771 queued)
[2026-03-05 15:55:33]   [4195 d0*] http://www. amasci.com/tesla/tmistk.html  (3415 OK, 763 queued)
[2026-03-05 15:55:36]   [4200 d0*] http://www. amasci.com/wing/smoke22A.gif  (3419 OK, 777 queued)
[2026-03-05 15:55:38]   [4205 d0*] http://www. amasci.com/wing/lasrWing.gif  (3422 OK, 772 queued)
[2026-03-05 15:55:41]   [4210 d0*] http://www. amasci.com/miscon/prsmtxt.txt  (3427 OK, 767 queued)
[2026-03-05 15:55:43]   [4215 d0*] http://www. amasci.com/miscon/germ.html  (3432 OK, 762 queued)
[2026-03-05 15:55:46]   [4220 d0*] http://www. amasci.com/amateur/MIRROR.GIF  (3436 OK, 762 queued)
[2026-03-05 15:55:51]   [4230 d0*] http://www. amasci.com/elect/vwatt1.html  (3442 OK, 755 queued)
[2026-03-05 15:55:51]     +1 links (4986 total known)
[2026-03-05 15:55:56]   [4240 d0*] http://www. amasci.com/graphics/mbrain.gif  (3449 OK, 755 queued)
[2026-03-05 15:56:01]   [4250 d0*] http://www. amasci.com/graphics/hov6.gif  (3456 OK, 754 queued)
[2026-03-05 15:56:04]   [4255 d0*] http://www. amasci.com/sc/proj/kidprojc.html  (3461 OK, 750 queued)
[2026-03-05 15:56:06]   [4260 d0*] http://www. amasci.com/miscon/coherence.html  (3466 OK, 752 queued)
[2026-03-05 15:56:06]     +3 links (5015 total known)
[2026-03-05 15:56:09]   [4265 d0*] http://www. amasci.com/amateur/lasqueal.html  (3471 OK, 750 queued)
[2026-03-05 15:56:11]   [4270 d0*] http://www. amasci.com/weird/wallc/wallc1.html  (3476 OK, 748 queued)
[2026-03-05 15:56:14]   [4275 d0*] http://www. amasci.com/amateur/traffic1/seatraf.html  (3480 OK, 763 queued)
[2026-03-05 15:56:16]   [4280 d0*] http://www. amasci.com/guestbook.html  (3484 OK, 777 queued)
[2026-03-05 15:56:17]     +14 links (5071 total known)
[2026-03-05 15:56:22]   [4290 d0*] http://www. amasci.com/coilgen/generator_3.html  (3489 OK, 785 queued)
[2026-03-05 15:56:22]     +2 links (5077 total known)
[2026-03-05 15:56:24]   [4295 d0*] http://www. amasci.com/rrr.html  (3492 OK, 782 queued)
[2026-03-05 15:56:27]   [4300] 3492 OK, 808 failed, 777 queued
[2026-03-05 15:56:27]     last fail: http://www. amasci.com/~billb/cgi-bin/guest2.html
[2026-03-05 15:56:29]   [4305 d0*] http://www. amasci.com/jobs.html  (3496 OK, 776 queued)
[2026-03-05 15:56:34]   [4315 d0*] http://www. amasci.com/index.htm  (3499 OK, 775 queued)
[2026-03-05 15:56:37]   [4320] 3503 OK, 817 failed, 773 queued
[2026-03-05 15:56:37]     last fail: http://www. amasci.com/stats/stats.txt
[2026-03-05 15:56:39]   [4325 d0*] http://www. amasci.com/tfaq.html  (3507 OK, 768 queued)
[2026-03-05 15:56:47]   [4340 d0*] http://www. amasci.com/amateur/traffic1/traf1.gif  (3515 OK, 756 queued)
[2026-03-05 15:56:52]   [4350 d0*] http://www. amasci.com/amateur/traffic/guestbok.html  (3521 OK, 753 queued)
[2026-03-05 15:56:52]     +4 links (5107 total known)
[2026-03-05 15:56:55]   [4355 d0*] http://www. amasci.com/amateur/traffic1/twlite3.gif  (3523 OK, 752 queued)
[2026-03-05 15:56:57]   [4360 d0*] http://www. amasci.com/amateur/traffic1/links.html  (3527 OK, 748 queued)
[2026-03-05 15:56:57]     +1 links (5109 total known)
[2026-03-05 15:57:00]   [4365 d0*] http://www. amasci.com/amateur/magnerite.html  (3530 OK, 747 queued)
[2026-03-05 15:57:02]   [4370 d0*] http://www. amasci.com/amateur/pykrete.html  (3531 OK, 742 queued)
[2026-03-05 15:57:05]   [4375 d0*] http://www. amasci.com/graphics/lig1.jpg  (3536 OK, 741 queued)
[2026-03-05 15:57:07]   [4380 d0*] http://www. amasci.com/emotor/vsphere.html  (3541 OK, 738 queued)
[2026-03-05 15:57:10]   [4385 d0*] http://www. amasci.com/emotor/emotbug.html  (3544 OK, 733 queued)
[2026-03-05 15:57:13]   [4390 d0*] http://www. amasci.com/amateur/nerdsmax.html  (3549 OK, 733 queued)
[2026-03-05 15:57:15]   [4395 d0*] http://www. amasci.com/viselect/vistxt.html  (3552 OK, 730 queued)
[2026-03-05 15:57:18]   [4400 d0*] http://www. amasci.com/emotor/kelvin.html  (3557 OK, 727 queued)
[2026-03-05 15:57:18]     +3 links (5130 total known)
[2026-03-05 15:57:20]   [4405 d0*] http://www. amasci.com/emotor/hints.txt  (3559 OK, 731 queued)
[2026-03-05 15:57:23]   [4410 d0*] http://www. amasci.com/emotor/charger.txt  (3564 OK, 726 queued)
[2026-03-05 15:57:25]   [4415 d0*] http://www. amasci.com/amateur/dscope2.gif  (3569 OK, 725 queued)
[2026-03-05 15:57:28]   [4420 d0*] http://www. amasci.com/freenrg/regen.txt  (3574 OK, 752 queued)
[2026-03-05 15:57:30]   [4425 d0*] http://www. amasci.com/freenrg/tors/drbl.doc  (3579 OK, 750 queued)
[2026-03-05 15:57:33]   [4430 d0*] http://www. amasci.com/freenrg/timeflo1.html  (3584 OK, 745 queued)
[2026-03-05 15:57:33]     +2 links (5177 total known)
[2026-03-05 15:57:35]   [4435 d0*] http://www. amasci.com/greb/greb2.html  (3589 OK, 743 queued)
[2026-03-05 15:57:38]   [4440 d0*] http://www. amasci.com/greb/Grebennikov/233a.gif  (3594 OK, 776 queued)
[2026-03-05 15:57:41]   [4445 d0*] http://www. amasci.com/greb/Grebennikov/9s.jpg  (3599 OK, 771 queued)
[2026-03-05 15:57:43]   [4450 d0*] http://www. amasci.com/greb/Grebennikov/1s.jpg  (3604 OK, 766 queued)
[2026-03-05 15:57:46]   [4455 d0*] http://www. amasci.com/greb/Grebennikov/14s.jpg  (3609 OK, 761 queued)
[2026-03-05 15:57:48]   [4460 d0*] http://www. amasci.com/greb/Grebennikov/236d.gif  (3613 OK, 756 queued)
[2026-03-05 15:57:51]   [4465 d0*] http://www. amasci.com/greb/Grebennikov/233b.gif  (3618 OK, 751 queued)
[2026-03-05 15:57:53]   [4470 d0*] http://www. amasci.com/greb/Grebennikov/236c.gif  (3623 OK, 746 queued)
[2026-03-05 15:57:56]   [4475 d0*] http://www. amasci.com/freenrg/gravity3.txt  (3628 OK, 741 queued)
[2026-03-05 15:57:58]   [4480 d0*] http://www. amasci.com/freenrg/grav3.txt  (3633 OK, 736 queued)
[2026-03-05 15:58:01]   [4485 d0*] http://www. amasci.com/freenrg/bajak1.txt  (3637 OK, 734 queued)
[2026-03-05 15:58:03]   [4490 d0*] http://www. amasci.com/freenrg/tors/spin1.html  (3642 OK, 729 queued)
[2026-03-05 15:58:03]     +1 links (5220 total known)
[2026-03-05 15:58:06]   [4495 d0*] http://www. amasci.com/weird/vortex/subc.html  (3647 OK, 726 queued)
[2026-03-05 15:58:09]   [4500 d0*] http://www. amasci.com/tesla/plasplan.html  (3652 OK, 721 queued)
[2026-03-05 15:58:11]   [4505 d0*] http://www. amasci.com/graphics/holo/curvscr8.gif  (3656 OK, 737 queued)
[2026-03-05 15:58:14]   [4510 d0*] http://www. amasci.com/graphics/holo/curvscr5.gif  (3661 OK, 732 queued)
[2026-03-05 15:58:16]   [4515 d0*] http://www. amasci.com/graphics/holo/onestp.gif  (3666 OK, 727 queued)
[2026-03-05 15:58:19]   [4520 d0*] http://www. amasci.com/graphics/holo/holos1a.jpg  (3671 OK, 725 queued)
[2026-03-05 15:58:21]   [4525 d0*] http://www. amasci.com/amateur/holo1a.gif  (3676 OK, 720 queued)
[2026-03-05 15:58:24]   [4530 d0*] http://www. amasci.com/scifair/bio.html  (3680 OK, 717 queued)
[2026-03-05 15:58:24]     +6 links (5253 total known)
[2026-03-05 15:58:29]   [4540 d0*] http://www. amasci.com/emotor/vdgroll.gif  (3684 OK, 719 queued)
[2026-03-05 15:58:31]   [4545 d0*] http://www. amasci.com/miscon/myths10.html  (3688 OK, 714 queued)
[2026-03-05 15:58:34]   [4550 d0*] http://www. amasci.com/freenrg/bark.html  (3692 OK, 709 queued)
[2026-03-05 15:58:36]   [4555 d0*] http://www. amasci.com/amateur/projs.txt  (3697 OK, 713 queued)
[2026-03-05 15:58:39]   [4560 d0*] http://www. amasci.com/amateur/saslgosm.gif  (3702 OK, 708 queued)
[2026-03-05 15:58:44]   [4570 d0*] http://www. amasci.com/amateur/transis2.html  (3708 OK, 705 queued)
[2026-03-05 15:58:44]     +1 links (5276 total known)
[2026-03-05 15:58:47]   [4575 d0*] http://www. amasci.com/amatuer/toys1.html  (3712 OK, 702 queued)
[2026-03-05 15:58:49]   [4580 d0*] http://www. amasci.com/tesla/wire1.html  (3715 OK, 698 queued)
[2026-03-05 15:58:49]     +1 links (5279 total known)
[2026-03-05 15:58:52]   [4585 d0*] http://www. amasci.com/miscon/whyhard2.html  (3719 OK, 695 queued)
[2026-03-05 15:58:54]   [4590 d0*] http://www. amasci.com/elehob/elehobed.html  (3724 OK, 692 queued)
[2026-03-05 15:58:57]   [4595 d0*] http://www. amasci.com/freenrg/wasser.html  (3727 OK, 687 queued)
[2026-03-05 15:59:00]   [4600 d0*] http://www. amasci.com/electrom/aura1.jpg  (3732 OK, 687 queued)
[2026-03-05 15:59:02]   [4605 d0*] http://www. amasci.com/suppliers.html  (3737 OK, 684 queued)
[2026-03-05 15:59:05]   [4610 d0*] http://www. amasci.com/graphics/kelvxsec.gif  (3742 OK, 684 queued)
[2026-03-05 15:59:07]   [4615 d0*] http://www. amasci.com/emotor/vdgdemo.html  (3747 OK, 679 queued)
[2026-03-05 15:59:10]   [4620 d0*] http://www. amasci.com/graphics/wtrcap3.gif  (3752 OK, 678 queued)
[2026-03-05 15:59:12]   [4625 d0*] http://www. amasci.com/freenrg/keely.html  (3757 OK, 674 queued)
[2026-03-05 15:59:15]   [4630 d0*] http://www. amasci.com/maglev/magroll.gif  (3761 OK, 671 queued)
[2026-03-05 15:59:17]   [4635 d0*] http://www. amasci.com/wing/smring.html  (3765 OK, 669 queued)
[2026-03-05 15:59:20]   [4640 d0*] http://www. amasci.com/freenrg/morton1.html  (3769 OK, 666 queued)
[2026-03-05 15:59:20]     +5 links (5311 total known)
[2026-03-05 15:59:22]   [4645 d0*] http://www. amasci.com/freenrg/mfig2.gif  (3774 OK, 666 queued)
[2026-03-05 15:59:25]   [4650 d0*] http://www. amasci.com/amateur/gravcam.html  (3779 OK, 661 queued)
[2026-03-05 15:59:30]   [4660] 3784 OK, 876 failed, 656 queued
[2026-03-05 15:59:30]     last fail: http://www. amasci.com/weird/elgo2.html
[2026-03-05 15:59:35]   [4670 d0*] http://www. amasci.com/hum/hum1.html  (3793 OK, 671 queued)
[2026-03-05 15:59:38]   [4675 d0*] http://www. amasci.com/hum/humbkg.txt  (3798 OK, 666 queued)
[2026-03-05 15:59:40]   [4680 d0*] http://www. amasci.com/hum/bristol.html  (3803 OK, 661 queued)
[2026-03-05 15:59:43]   [4685 d0*] http://www. amasci.com/hum/tinn2.txt  (3807 OK, 656 queued)
[2026-03-05 15:59:45]   [4690 d0*] http://www. amasci.com/hum/info.txt  (3812 OK, 651 queued)
[2026-03-05 15:59:50]   [4700 d0*] http://www. amasci.com/weird/fieldwkc.doc  (3820 OK, 662 queued)
[2026-03-05 15:59:53]   [4705 d0*] http://www. amasci.com/weird/cofu.txt  (3825 OK, 657 queued)
[2026-03-05 15:59:56]   [4710 d0*] http://www. amasci.com/weird/fieldyus.doc  (3830 OK, 652 queued)
[2026-03-05 15:59:58]   [4715 d0*] http://www. amasci.com/weird/main.css  (3835 OK, 648 queued)
[2026-03-05 16:00:01]   [4720] 3836 OK, 884 failed, 1866 queued
[2026-03-05 16:00:01]     last fail: http://www. amasci.com/weird2/3D"https:/media.ten=
[2026-03-05 16:00:11]   [4740] 3836 OK, 904 failed, 1846 queued
[2026-03-05 16:00:11]     last fail: http://www. amasci.com/weird2/3D"https:/www.youtube.com/watch?v=3Dk__dqH129vE"
[2026-03-05 16:00:21]   [4760] 3836 OK, 924 failed, 1826 queued
[2026-03-05 16:00:21]     last fail: http://www. amasci.com/weird2/3D"https:/drive.google.com/drive/blockuser?blocke=
[2026-03-05 16:00:31]   [4780] 3836 OK, 944 failed, 1806 queued
[2026-03-05 16:00:31]     last fail: http://www. amasci.com/weird2/3D"https:/www.mer=
[2026-03-05 16:00:41]   [4800] 3836 OK, 964 failed, 1786 queued
[2026-03-05 16:00:41]     last fail: http://www. amasci.com/weird2/3D"mailto:janap128@g=
[2026-03-05 16:00:52]   [4820] 3836 OK, 984 failed, 1766 queued
[2026-03-05 16:00:52]     last fail: http://www. amasci.com/weird2/3D"mailto:mules=
[2026-03-05 16:01:02]   [4840] 3836 OK, 1004 failed, 1746 queued
[2026-03-05 16:01:02]     last fail: http://www. amasci.com/weird2/3D"https:/www.youtube.com/watch?v=3DZbzcYQVrTxQ=
[2026-03-05 16:01:12]   [4860] 3836 OK, 1024 failed, 1726 queued
[2026-03-05 16:01:12]     last fail: http://www. amasci.com/weird2/3D"https:/www.foxnews.com/world/chinas-xi-panic-=
[2026-03-05 16:01:22]   [4880] 3836 OK, 1044 failed, 1706 queued
[2026-03-05 16:01:22]     last fail: http://www. amasci.com/weird2/3D"https:/www.youtube.com/watch?v=3DpYGNoZVrsxQ"
[2026-03-05 16:01:32]   [4900] 3836 OK, 1064 failed, 1686 queued
[2026-03-05 16:01:32]     last fail: http://www. amasci.com/weird2/3D"https:/lenr-=
[2026-03-05 16:01:42]   [4920] 3836 OK, 1084 failed, 1666 queued
[2026-03-05 16:01:42]     last fail: http://www. amasci.com/weird2/=3D"https:/www.engadget.com/2011-05-17-blood-turbine-to-power-your-pacemak=
[2026-03-05 16:01:52]   [4940] 3836 OK, 1104 failed, 1646 queued
[2026-03-05 16:01:52]     last fail: http://www. amasci.com/weird2/3D"mailto:88.frank@gmail.com=
[2026-03-05 16:02:03]   [4960] 3836 OK, 1124 failed, 1626 queued
[2026-03-05 16:02:03]     last fail: http://www. amasci.com/weird2/3D"https:/www.eia.g=
[2026-03-05 16:02:13]   [4980] 3836 OK, 1144 failed, 1606 queued
[2026-03-05 16:02:13]     last fail: http://www. amasci.com/weird2/3D"https:/www.tomshardware.com/news/lk-99-paten=
[2026-03-05 16:02:23]   [5000] 3836 OK, 1164 failed, 1586 queued
[2026-03-05 16:02:23]     last fail: http://www. amasci.com/weird2/3D"https:/archive.ph/o/YlYcK/https:/www.researchgate.net/pr=
[2026-03-05 16:02:33]   [5020] 3836 OK, 1184 failed, 1566 queued
[2026-03-05 16:02:33]     last fail: http://www. amasci.com/weird2/3D"https:/phys.org/ne=
[2026-03-05 16:02:43]   [5040] 3836 OK, 1204 failed, 1546 queued
[2026-03-05 16:02:43]     last fail: http://www. amasci.com/weird2/3D"https:/www.youtube.com/watch?v=3Dn=
[2026-03-05 16:02:53]   [5060] 3836 OK, 1224 failed, 1526 queued
[2026-03-05 16:02:53]     last fail: http://www. amasci.com/weird2/3D"https:/news.yahoo.com/=
[2026-03-05 16:03:03]   [5080] 3836 OK, 1244 failed, 1506 queued
[2026-03-05 16:03:03]     last fail: http://www. amasci.com/weird2/3D"https:/www.france24.com/en/live-news/20230411=
[2026-03-05 16:03:14]   [5100] 3836 OK, 1264 failed, 1486 queued
[2026-03-05 16:03:14]     last fail: http://www. amasci.com/weird2/3D"https:/nam11.safelinks.protec=
[2026-03-05 16:03:24]   [5120] 3836 OK, 1284 failed, 1466 queued
[2026-03-05 16:03:24]     last fail: http://www. amasci.com/weird2/3D"https:/www.youtube.com/watch?v=3D8sUjpkmisBs"
[2026-03-05 16:03:34]   [5140] 3836 OK, 1304 failed, 1446 queued
[2026-03-05 16:03:34]     last fail: http://www. amasci.com/weird2/3D"https:/www.sciencealert.com/physicist=
[2026-03-05 16:03:44]   [5160] 3836 OK, 1324 failed, 1426 queued
[2026-03-05 16:03:44]     last fail: http://www. amasci.com/weird2/3D"https:/lenr-canr.org/acrobat/Bi=
[2026-03-05 16:03:54]   [5180] 3836 OK, 1344 failed, 1406 queued
[2026-03-05 16:03:54]     last fail: http://www. amasci.com/weird2/3D"https:/www.theguardi=
[2026-03-05 16:04:04]   [5200] 3836 OK, 1364 failed, 1386 queued
[2026-03-05 16:04:04]     last fail: http://www. amasci.com/weird2/3D"http:/itampe.com/on-the-fundamentals-of-charge.html"
[2026-03-05 16:04:14]   [5220] 3836 OK, 1384 failed, 1366 queued
[2026-03-05 16:04:14]     last fail: http://www. amasci.com/weird2/3D"https:/sanjosespotlight.com/san-jose-bloom-energy-company-wants-to=
[2026-03-05 16:04:24]   [5240] 3836 OK, 1404 failed, 1346 queued
[2026-03-05 16:04:24]     last fail: http://www. amasci.com/weird2/3D"https:/www.chatfast.io/pricing"
[2026-03-05 16:04:35]   [5260] 3836 OK, 1424 failed, 1326 queued
[2026-03-05 16:04:35]     last fail: http://www. amasci.com/weird2/3D"https:/th=
[2026-03-05 16:04:45]   [5280] 3836 OK, 1444 failed, 1306 queued
[2026-03-05 16:04:45]     last fail: http://www. amasci.com/weird2/=3D"http:/www.youtube.com/watch?v=3Dan6JiBLQqXY&t=3D8s"
[2026-03-05 16:04:55]   [5300] 3836 OK, 1464 failed, 1286 queued
[2026-03-05 16:04:55]     last fail: http://www. amasci.com/weird2/3D"https:/www.facebook.com/reel/1153140760136446"
[2026-03-05 16:05:05]   [5320] 3836 OK, 1484 failed, 1266 queued
[2026-03-05 16:05:05]     last fail: http://www. amasci.com/weird2/3D"https:/www.reuters=
[2026-03-05 16:05:15]   [5340] 3836 OK, 1504 failed, 1246 queued
[2026-03-05 16:05:15]     last fail: http://www. amasci.com/weird2/3D"https:/cointelegraph.com/news/chatgpt-learns-bitcoin-wil=
[2026-03-05 16:05:25]   [5360] 3836 OK, 1524 failed, 1226 queued
[2026-03-05 16:05:25]     last fail: http://www. amasci.com/weird2/3D"mailto:hveeder000@gmail.com"=
[2026-03-05 16:05:35]   [5380] 3836 OK, 1544 failed, 1206 queued
[2026-03-05 16:05:35]     last fail: http://www. amasci.com/weird2/3D"https:/techcrunch.com/2023/08/18/lk-99-room-temperature-sup=
[2026-03-05 16:05:46]   [5400] 3836 OK, 1564 failed, 1186 queued
[2026-03-05 16:05:46]     last fail: http://www. amasci.com/weird2/3D"mailto:jh=
[2026-03-05 16:05:56]   [5420] 3836 OK, 1584 failed, 1166 queued
[2026-03-05 16:05:56]     last fail: http://www. amasci.com/weird2/3D"https:/www.youtube.com/w=
[2026-03-05 16:06:06]   [5440] 3836 OK, 1604 failed, 1146 queued
[2026-03-05 16:06:06]     last fail: http://www. amasci.com/weird2/3D"mailto:jonathanberry3=
[2026-03-05 16:06:16]   [5460] 3836 OK, 1624 failed, 1126 queued
[2026-03-05 16:06:16]     last fail: http://www. amasci.com/weird2/3D"https:/web.archive.org/web/20220428030850/http:=
[2026-03-05 16:06:26]   [5480] 3836 OK, 1644 failed, 1106 queued
[2026-03-05 16:06:26]     last fail: http://www. amasci.com/weird2/3D"http:/amasci.com/graphics/tesla/SAM_1253b.jpg"
[2026-03-05 16:06:36]   [5500] 3836 OK, 1664 failed, 1086 queued
[2026-03-05 16:06:36]     last fail: http://www. amasci.com/weird2/3D"https:/www.yout=
[2026-03-05 16:06:46]   [5520] 3836 OK, 1684 failed, 1066 queued
[2026-03-05 16:06:46]     last fail: http://www. amasci.com/weird2/3D"https:/coldfusionvideos.=
[2026-03-05 16:06:57]   [5540] 3836 OK, 1704 failed, 1046 queued
[2026-03-05 16:06:57]     last fail: http://www. amasci.com/weird2/3D"https:/arpa-e.energy.gov/sites/default/files/docume=
[2026-03-05 16:07:07]   [5560] 3836 OK, 1724 failed, 1026 queued
[2026-03-05 16:07:07]     last fail: http://www. amasci.com/weird2/3D"https:/www.georg=
[2026-03-05 16:07:17]   [5580] 3836 OK, 1744 failed, 1006 queued
[2026-03-05 16:07:17]     last fail: http://www. amasci.com/weird2/3D"https:/www.energizer.com/about-batterie=
[2026-03-05 16:07:27]   [5600] 3836 OK, 1764 failed, 986 queued
[2026-03-05 16:07:27]     last fail: http://www. amasci.com/weird2/=3D"mailto:88.frank@gmail.com"
[2026-03-05 16:07:37]   [5620] 3836 OK, 1784 failed, 966 queued
[2026-03-05 16:07:37]     last fail: http://www. amasci.com/weird2/3D"https:/openai.com/dall-e-2/"
[2026-03-05 16:07:47]   [5640] 3836 OK, 1804 failed, 946 queued
[2026-03-05 16:07:47]     last fail: http://www. amasci.com/weird2/3D"https:/lenr-can=
[2026-03-05 16:07:57]   [5660] 3836 OK, 1824 failed, 926 queued
[2026-03-05 16:07:57]     last fail: http://www. amasci.com/weird2/=3D"http:/archive.ph"
[2026-03-05 16:08:08]   [5680] 3836 OK, 1844 failed, 906 queued
[2026-03-05 16:08:08]     last fail: http://www. amasci.com/weird2/=3D"http:/ikkem.com/iccf-23_program.php"
[2026-03-05 16:08:18]   [5700] 3836 OK, 1864 failed, 886 queued
[2026-03-05 16:08:18]     last fail: http://www. amasci.com/weird2/3D"https:/www.eia.gov/outlooks/aeo/assu=
[2026-03-05 16:08:28]   [5720] 3836 OK, 1884 failed, 866 queued
[2026-03-05 16:08:28]     last fail: http://www. amasci.com/weird2/3D"https:/www.youtube.com/watch?v=3DzY6IK0ObDYU"
[2026-03-05 16:08:38]   [5740] 3836 OK, 1904 failed, 846 queued
[2026-03-05 16:08:38]     last fail: http://www. amasci.com/weird2/3D"https:/www.cigionline.org/articles/chatgpt-s=
[2026-03-05 16:08:48]   [5760] 3836 OK, 1924 failed, 826 queued
[2026-03-05 16:08:48]     last fail: http://www. amasci.com/weird2/3D"https:/translate.google.com"
[2026-03-05 16:08:58]   [5780] 3836 OK, 1944 failed, 806 queued
[2026-03-05 16:08:58]     last fail: http://www. amasci.com/weird2/3D"https:/www.amazon.com/How-Create-Mind-Thought-Revealed-eb=
[2026-03-05 16:09:08]   [5800] 3836 OK, 1964 failed, 786 queued
[2026-03-05 16:09:08]     last fail: http://www. amasci.com/weird2/3D"mailto:bobcook39923@hotmail.co=
[2026-03-05 16:09:18]   [5820] 3836 OK, 1984 failed, 766 queued
[2026-03-05 16:09:18]     last fail: http://www. amasci.com/weird2/3D"https:/www.newsweek.com/nuclear-fusion=
[2026-03-05 16:09:29]   [5840] 3836 OK, 2004 failed, 746 queued
[2026-03-05 16:09:29]     last fail: http://www. amasci.com/weird2/3D"mailto:jonathanberr=
[2026-03-05 16:09:39]   [5860] 3836 OK, 2024 failed, 726 queued
[2026-03-05 16:09:39]     last fail: http://www. amasci.com/weird2/3D"https:/archive.ph/kIX9s"
[2026-03-05 16:09:49]   [5880] 3836 OK, 2044 failed, 706 queued
[2026-03-05 16:09:49]     last fail: http://www. amasci.com/weird2/3D"https:/www.epa.gov/indoor-air-qua=
[2026-03-05 16:09:59]   [5900] 3836 OK, 2064 failed, 686 queued
[2026-03-05 16:09:59]     last fail: http://www. amasci.com/weird2/3D"mailto=
[2026-03-05 16:10:09]   [5920] 3836 OK, 2084 failed, 666 queued
[2026-03-05 16:10:09]     last fail: http://www. amasci.com/weird2/3D"https:/iopscien=
[2026-03-05 16:10:19]   [5940 d0*] http://www. amasci.com/weird/xxf.gif  (3837 OK, 646 queued)
[2026-03-05 16:10:24]   [5950 d0*] http://www. amasci.com/amateur/physerm1.html  (3845 OK, 638 queued)
[2026-03-05 16:10:24]     +2 links (6590 total known)
[2026-03-05 16:10:27]   [5955 d0*] http://www. amasci.com/graphics/glance.gif  (3847 OK, 635 queued)
[2026-03-05 16:10:29]   [5960 d0*] http://www. amasci.com/wrd7sci.doc  (3851 OK, 630 queued)
[2026-03-05 16:10:32]   [5965 d0*] http://www. amasci.com/exper.html  (3856 OK, 631 queued)
[2026-03-05 16:10:35]   [5970 d0*] http://www. amasci.com/emotor/mestat.html  (3860 OK, 627 queued)
[2026-03-05 16:10:35]     +1 links (6598 total known)
[2026-03-05 16:10:37]   [5975 d0*] http://www. amasci.com/amateur/gravrok.html  (3863 OK, 626 queued)
[2026-03-05 16:10:40]   [5980 d0*] http://www. amasci.com/art/dork07/dorkopen.jpg  (3868 OK, 629 queued)
[2026-03-05 16:10:42]   [5985 d0*] http://www. amasci.com/art/dork07/faraday3.JPG  (3872 OK, 630 queued)
[2026-03-05 16:10:47]   [5995 d0*] http://www. amasci.com/miscon/k6.txt  (3881 OK, 622 queued)
[2026-03-05 16:10:50]   [6000] 3882 OK, 2118 failed, 618 queued
[2026-03-05 16:10:50]     last fail: http://www. amasci.com/miscon/a-rant.html
[2026-03-05 16:10:52]   [6005 d0*] http://www. amasci.com/amfrm  (3886 OK, 613 queued)
[2026-03-05 16:10:55]   [6010 d0*] http://www.AMASCI.COM/graphics/glance.gif  (3891 OK, 609 queued)
[2026-03-05 16:10:58]   [6015 d0*] http://www.AMASCI.COM/amateur/heat.html  (3896 OK, 607 queued)
[2026-03-05 16:11:01]   [6020] 3900 OK, 2120 failed, 604 queued
[2026-03-05 16:11:01]     last fail: http://www.AMASCI.COM/amateur/scied.html
[2026-03-05 16:11:06]   [6025 d0*] http://www.AMASCI.COM/miscon/rfig7.gif  (3905 OK, 611 queued)
[2026-03-05 16:11:10]   [6030 d0*] http://www.AMASCI.COM/miscon/rfig5.gif  (3910 OK, 606 queued)
[2026-03-05 16:11:14]   [6035 d0*] http://www.AMASCI.COM/sc/kidlink1.html  (3915 OK, 601 queued)
[2026-03-05 16:11:17]   [6040] 3919 OK, 2121 failed, 598 queued
[2026-03-05 16:11:17]     last fail: http://www.AMASCI.COM/~billb/cgi-bin/guestbook.html
[2026-03-05 16:11:20]   [6045 d0*] http://www.AMASCI.COM/amateur/traffic/traffic1.html  (3924 OK, 595 queued)
[2026-03-05 16:11:26]   [6055 d0*] http://www.AMASCI.COM/amateur/traffic1/seatraf.html  (3930 OK, 608 queued)
[2026-03-05 16:11:29]   [6060 d0*] http://www.AMASCI.COM/amateur/traffic1/twlite1.gif  (3935 OK, 603 queued)
[2026-03-05 16:11:35]   [6070 d0*] http://www.AMASCI.COM/amateur/traffic/twlite3.gif  (3941 OK, 598 queued)
[2026-03-05 16:11:38]   [6075 d0*] http://www.AMASCI.COM/amateur/traffic1/traf1.gif  (3944 OK, 595 queued)
[2026-03-05 16:11:41]   [6080 d0*] http://www.AMASCI.COM/miscon/miscon4.html  (3948 OK, 593 queued)
[2026-03-05 16:11:41]     +10 links (6683 total known)
[2026-03-05 16:11:44]   [6085 d0*] http://www.AMASCI.COM/wing/smoke22A.gif  (3953 OK, 605 queued)
[2026-03-05 16:11:47]   [6090 d0*] http://www.AMASCI.COM/wing/smokep11A.gif  (3956 OK, 600 queued)
[2026-03-05 16:11:50]   [6095 d0*] http://www.AMASCI.COM/miscon/lemon1.html  (3960 OK, 595 queued)
[2026-03-05 16:11:54]   [6100 d0*] http://amasci.com/amateur/webh1296.txt  (3965 OK, 594 queued)
[2026-03-05 16:12:02]   [6105 d0*] http://amasci.com/amateur/holodisc.html  (3969 OK, 592 queued)
[2026-03-05 16:12:10]   [6115 d0*] http://www.AMASCI.COM/miscon/voltpres.html  (3978 OK, 590 queued)
[2026-03-05 16:12:12]   [6120 d0*] http://www.AMASCI.COM/anime/5.html  (3983 OK, 591 queued)
[2026-03-05 16:12:15]   [6125 d0*] http://www.AMASCI.COM/5.html  (3987 OK, 590 queued)
[2026-03-05 16:12:18]   [6130 d0*] http://www.AMASCI.COM/amateur/kidsite.html  (3991 OK, 594 queued)
[2026-03-05 16:12:21]   [6135 d0*] http://www.AMASCI.COM/amateur/projs.txt  (3996 OK, 589 queued)
[2026-03-05 16:12:24]   [6140] 4000 OK, 2140 failed, 587 queued
[2026-03-05 16:12:24]     last fail: http://www.AMASCI.COM/amateur/elehobnw.html
[2026-03-05 16:12:30]   [6145 d0*] http://www.AMASCI.COM/amform  (4005 OK, 584 queued)
[2026-03-05 16:12:33]   [6150 d0*] http://www.AMASCI.COM/amateur/irgoggl.html  (4010 OK, 579 queued)
[2026-03-05 16:12:33]     +3 links (6732 total known)
[2026-03-05 16:12:35]   [6155 d0*] http://www.AMASCI.COM/favicon.ico  (4015 OK, 577 queued)
[2026-03-05 16:12:39]   [6160] 4017 OK, 2143 failed, 585 queued
[2026-03-05 16:12:39]     last fail: http://www.AMASCI.COM/~billb/cgi-bin/guest2.html
[2026-03-05 16:12:51]   [6175 d0*] http://www.AMASCI.COM/freenrg/lee1.txt  (4023 OK, 577 queued)
[2026-03-05 16:12:55]   [6180 d0*] http://www.AMASCI.COM/stats/  (4028 OK, 572 queued)
[2026-03-05 16:12:55]     +5 links (6757 total known)
[2026-03-05 16:13:08]   [6190 d0*] http://amasci.com/we_nerds.html  (4035 OK, 578 queued)
[2026-03-05 16:13:08]     +2 links (6770 total known)
[2026-03-05 16:13:12]   [6195 d0*] http://www.AMASCI.COM/stats/arbypag2.html  (4039 OK, 575 queued)
[2026-03-05 16:13:16]   [6200] 4039 OK, 2161 failed, 593 queued
[2026-03-05 16:13:16]     last fail: http://www.AMASCI.COM/stats/..\counter\
[2026-03-05 16:13:35]   [6220] 4040 OK, 2180 failed, 601 queued
[2026-03-05 16:13:35]     last fail: http://www.AMASCI.COM/stats/browser.cgi?a=62352461&p=
[2026-03-05 16:13:54]   [6240] 4040 OK, 2200 failed, 581 queued
[2026-03-05 16:13:54]     last fail: http://www.AMASCI.COM/stats/main.cgi?a=62352461&p=
[2026-03-05 16:14:05]   [6250 d0*] http://www.amasci.com/amateur/traffic/  (4043 OK, 577 queued)
[2026-03-05 16:14:05]     +10 links (6837 total known)
[2026-03-05 16:14:09]   [6255 d0*] http://www.amasci.com/amateur/sciexp.txt  (4046 OK, 584 queued)
[2026-03-05 16:14:13]   [6260] 4047 OK, 2213 failed, 579 queued
[2026-03-05 16:14:13]     last fail: http://www.amasci.com/tanim.html
[2026-03-05 16:14:16]   [6265 d0*] http://www.amasci.com/pfi/  (4051 OK, 574 queued)
[2026-03-05 16:14:28]   [6275 d0*] http://www.AMASCI.COM/network54.html  (4059 OK, 625 queued)
[2026-03-05 16:14:33]   [6280 d0*] http://www.AMASCI.COM/freenrg/gravidea.txt  (4064 OK, 620 queued)
[2026-03-05 16:14:43]   [6285 d0*] http://www.AMASCI.COM/instr/instr2.html  (4069 OK, 627 queued)
[2026-03-05 16:14:48]   [6290 d0*] http://amasci.com/instr/inst2.html  (4072 OK, 632 queued)
[2026-03-05 16:14:53]   [6295 d0*] http://amasci.com/graphics/mask.jpg  (4077 OK, 630 queued)
[2026-03-05 16:14:56]   [6300 d0*] http://www.AMASCI.COM/vincent.html  (4080 OK, 629 queued)
[2026-03-05 16:15:00]   [6305 d0*] http://www.AMASCI.COM/instr/salmon.html  (4084 OK, 624 queued)
[2026-03-05 16:15:05]   [6310 d0*] http://www.AMASCI.COM/graphics/eyeb.gif  (4089 OK, 621 queued)
[2026-03-05 16:15:09]   [6315 d0*] http://www.AMASCI.COM/newname.html  (4094 OK, 616 queued)
[2026-03-05 16:15:13]   [6320 d0*] http://www.AMASCI.COM/amateur/coolidx.html  (4099 OK, 611 queued)
[2026-03-05 16:15:13]     +1 links (6932 total known)
[2026-03-05 16:15:16]   [6325 d0*] http://www.AMASCI.COM/wing/wingwork.html  (4103 OK, 609 queued)
[2026-03-05 16:15:20]   [6330 d0*] http://www.AMASCI.COM/filmstr/filmstr3.html  (4108 OK, 607 queued)
[2026-03-05 16:15:20]     +1 links (6938 total known)
[2026-03-05 16:15:25]   [6335 d0*] http://www.AMASCI.COM/miscon/globe2.html  (4113 OK, 605 queued)
[2026-03-05 16:15:29]   [6340 d0*] http://www.AMASCI.COM/werid/humanIR.html  (4117 OK, 601 queued)
[2026-03-05 16:15:33]   [6345 d0*] http://www.AMASCI.COM/graphics/echopen/pen_401.JPG  (4122 OK, 606 queued)
[2026-03-05 16:15:44]   [6350 d0*] http://www.AMASCI.COM/graphics/echopen/pen_398.JPG  (4127 OK, 601 queued)
[2026-03-05 16:15:52]   [6355 d0*] http://www.AMASCI.COM/pfi/index.html  (4132 OK, 596 queued)
[2026-03-05 16:15:57]   [6360] 4136 OK, 2224 failed, 595 queued
[2026-03-05 16:15:57]     last fail: http://www.AMASCI.COM/miscon/.html
[2026-03-05 16:16:04]   [6365 d0*] http://www.AMASCI.COM/wsci  (4141 OK, 590 queued)
[2026-03-05 16:16:07]   [6370 d0*] http://www.AMASCI.COM/freenrg/seapts.html"  (4145 OK, 595 queued)
[2026-03-05 16:16:09]   [6375 d0*] http://www.AMASCI.COM/wsci/booksle7.doc  (4150 OK, 593 queued)
[2026-03-05 16:16:14]   [6380 d0*] http://www.AMASCI.COM/dreamFeb2017.html  (4153 OK, 588 queued)
[2026-03-05 16:16:14]     +2 links (6970 total known)
[2026-03-05 16:16:19]   [6385 d0*] http://www.AMASCI.COM/weird/unusual/ufoc.JPG  (4158 OK, 587 queued)
[2026-03-05 16:16:30]   [6395 d0*] http://www.AMASCI.COM/wing/airfoil  (4166 OK, 578 queued)
[2026-03-05 16:16:34]   [6400 d0*] http://www.AMASCI.COM/amateur/sundogs.html  (4171 OK, 573 queued)
[2026-03-05 16:16:39]   [6405 d0*] http://www.AMASCI.COM/emotor/negion.html  (4176 OK, 568 queued)
[2026-03-05 16:16:43]   [6410 d0*] http://www.AMASCI.COM/maglev/maglev.html  (4179 OK, 567 queued)
[2026-03-05 16:16:43]     +1 links (6978 total known)
[2026-03-05 16:16:47]   [6415 d0*] http://www.AMASCI.COM/graphics/e-spray1.jpg  (4183 OK, 565 queued)
[2026-03-05 16:16:54]   [6420 d0*] http://www.AMASCI.COM/graphics/wcamsm.gif  (4188 OK, 567 queued)
[2026-03-05 16:16:59]   [6425 d0*] http://www.AMASCI.COM/emotor/zapped.html  (4193 OK, 562 queued)
[2026-03-05 16:17:02]   [6430 d0*] http://www.AMASCI.COM/graphics/infrared/bag1VIS.jpeg  (4198 OK, 568 queued)
[2026-03-05 16:17:04]   [6435 d0*] http://www.AMASCI.COM/graphics/abc.gif   (4203 OK, 563 queued)
[2026-03-05 16:17:08]   [6440 d0*] http://amasci.com/freenrg/balllg1.html  (4208 OK, 580 queued)
[2026-03-05 16:17:14]   [6445 d0*] http://amasci.com/freenrg/grav3.html  (4213 OK, 577 queued)
[2026-03-05 16:17:20]   [6450 d0*] http://www.AMASCI.COM/freenrg/elgo2.html  (4217 OK, 573 queued)
[2026-03-05 16:17:20]     +3 links (7026 total known)
[2026-03-05 16:17:26]   [6455 d0*] http://amasci.com/freenrg/NEONDET.GIF  (4222 OK, 589 queued)
[2026-03-05 16:17:32]   [6460 d0*] http://amasci.com/freenrg/neondet.txt  (4226 OK, 584 queued)
[2026-03-05 16:17:39]   [6465 d0*] http://amasci.com/freenrg/magh20.html  (4231 OK, 579 queued)
[2026-03-05 16:17:42]   [6470 d0*] http://amasci.com/freenrg/bedini.html  (4236 OK, 575 queued)
[2026-03-05 16:17:42]     +1 links (7046 total known)
[2026-03-05 16:17:45]   [6475 d0*] http://www.AMASCI.COM/amateur/rsmagnet.txt  (4241 OK, 572 queued)
[2026-03-05 16:17:48]   [6480 d0*] http://www.AMASCI.COM/freenrg/neondet.txt  (4246 OK, 567 queued)
[2026-03-05 16:17:50]   [6485 d0*] http://www.AMASCI.COM/weird/evexp.html  (4251 OK, 562 queued)
[2026-03-05 16:17:57]   [6495 d0*] http://www.AMASCI.COM/amateur/magnerite.html  (4260 OK, 558 queued)
[2026-03-05 16:18:01]   [6500 d0*] http://www.AMASCI.COM/miscon/coherenc.html  (4264 OK, 553 queued)
[2026-03-05 16:18:10]   [6510 d0*] http://www.AMASCI.COM/sc/scifair.html  (4271 OK, 548 queued)
[2026-03-05 16:18:10]     +10 links (7068 total known)
[2026-03-05 16:18:21]   [6520] 4274 OK, 2246 failed, 552 queued
[2026-03-05 16:18:21]     last fail: http://amasci.com/amateur/sc/scifair.html
[2026-03-05 16:18:25]   [6525 d0*] http://www.AMASCI.COM/amateur/coilgen.html  (4276 OK, 547 queued)
[2026-03-05 16:18:29]   [6530 d0*] http://www.AMASCI.COM/weird/vortex/tnews.txt  (4281 OK, 562 queued)
[2026-03-05 16:18:38]   [6540 d0*] http://www.AMASCI.COM/freenrg/gravrep.txt  (4287 OK, 555 queued)
[2026-03-05 16:18:43]   [6545 d0*] http://www.AMASCI.COM/weird/vortex/ref2.txt  (4291 OK, 552 queued)
[2026-03-05 16:18:46]   [6550 d0*] http://www.AMASCI.COM/weird/antigrav/antigrav2.html  (4295 OK, 548 queued)
[2026-03-05 16:18:46]     +1 links (7099 total known)
[2026-03-05 16:18:49]   [6555 d0*] http://www.AMASCI.COM/supliers.html  (4300 OK, 544 queued)
[2026-03-05 16:18:54]   [6560 d0*] http://www.AMASCI.COM/unew.css  (4303 OK, 544 queued)
[2026-03-05 16:18:58]   [6565 d0*] http://www.AMASCI.COM/heat.txt  (4307 OK, 543 queued)
[2026-03-05 16:19:07]   [6575 d0*] http://www.AMASCI.COM/amateur/physvids.html  (4315 OK, 538 queued)
[2026-03-05 16:19:09]   [6580 d0*] http://www.AMASCI.COM/physvids/3.html  (4320 OK, 554 queued)
[2026-03-05 16:19:12]   [6585 d0*] http://www.AMASCI.COM/physvids/17.html  (4325 OK, 550 queued)
[2026-03-05 16:19:15]   [6590 d0*] http://www.AMASCI.COM/physvids/12.html  (4329 OK, 546 queued)
[2026-03-05 16:19:17]   [6595 d0*] http://www.AMASCI.COM/physvids/18.html  (4334 OK, 541 queued)
[2026-03-05 16:19:21]   [6600 d0*] http://www.AMASCI.COM/sc/kidproj1.html  (4339 OK, 536 queued)
[2026-03-05 16:19:21]     +2 links (7138 total known)
[2026-03-05 16:19:25]   [6605 d0*] http://www.AMASCI.COM/amateur/anim.html  (4343 OK, 535 queued)
[2026-03-05 16:19:29]   [6610 d0*] http://www.AMASCI.COM/emotor/emot1.html  (4347 OK, 534 queued)
[2026-03-05 16:19:29]     +4 links (7148 total known)
[2026-03-05 16:19:35]   [6615 d0*] http://www.AMASCI.COM/emotor/sbotlm1.html  (4351 OK, 533 queued)
[2026-03-05 16:19:40]   [6620 d0*] http://www.AMASCI.COM/sitemap.html  (4356 OK, 531 queued)
[2026-03-05 16:19:40]     +6 links (7157 total known)
[2026-03-05 16:19:45]   [6625 d0*] http://www.AMASCI.COM/emotor/dulcu.html  (4361 OK, 533 queued)
[2026-03-05 16:19:49]   [6630 d0*] http://www.AMASCI.COM/weird/wpara.html  (4366 OK, 530 queued)
[2026-03-05 16:19:54]   [6635 d0*] http://www.AMASCI.COM/freenrg/N_MACH2.GIF  (4371 OK, 538 queued)
[2026-03-05 16:19:59]   [6640 d0*] http://www.AMASCI.COM/graphics/nmchcyl1.gif  (4375 OK, 533 queued)
[2026-03-05 16:20:07]   [6645 d0*] http://www.AMASCI.COM/freenrg/N_MACH1.GIF  (4380 OK, 528 queued)
[2026-03-05 16:20:16]   [6655 d0*] http://www.amasci.com/hum/humrpt2.html  (4385 OK, 518 queued)
[2026-03-05 16:20:20]   [6660] 4385 OK, 2275 failed, 523 queued
[2026-03-05 16:20:20]     last fail: http://www.amasci.com/hum/John K
[2026-03-05 16:20:31]   [6670 d0*] http://amasci.com/emotor/electoph.txt  (4388 OK, 513 queued)
[2026-03-05 16:20:34]   [6675 d0*] http://amasci.com/stats/space.gif  (4391 OK, 511 queued)
[2026-03-05 16:20:39]   [6680] 4392 OK, 2288 failed, 506 queued
[2026-03-05 16:20:39]     last fail: http://amasci.com/stats/v_email_stats.cgi?a=62352461&p=
[2026-03-05 16:20:43]   [6685 d0*] http://www.amasci.com/wing/smring.html  (4394 OK, 503 queued)
[2026-03-05 16:20:52]   [6695 d0*] http://www.amasci.com/amateur/?M=A  (4402 OK, 497 queued)
[2026-03-05 16:20:57]   [6700] 4404 OK, 2296 failed, 492 queued
[2026-03-05 16:20:57]     last fail: http://amasci.com/stats/ar_time.cgi?a=62352461&p=
[2026-03-05 16:21:08]   [6715 d0*] http://www.amasci.com/amateur/traffic1/gcsweb.gif  (4413 OK, 499 queued)
[2026-03-05 16:21:11]   [6720 d0*] http://www.amasci.com/amateur/traffic1/links.html  (4416 OK, 496 queued)
[2026-03-05 16:21:14]   [6725 d0*] http://www.amasci.com/amateur/traffic1/twlite1.gif  (4421 OK, 491 queued)
[2026-03-05 16:21:17]   [6730 d0*] http://www.amasci.com/emotor/emotr2.gif  (4424 OK, 492 queued)
[2026-03-05 16:21:25]   [6740] 4429 OK, 2311 failed, 482 queued
[2026-03-05 16:21:25]     last fail: http://amasci.com/stats/v_ed_arch.cgi?a=62352461&p=
[2026-03-05 16:21:29]   [6745 d0*] http://www.amasci.com/freenrg/rapr.html  (4434 OK, 483 queued)
[2026-03-05 16:21:40]   [6760 d0*] http://amasci.com/elect/livescribe.html  (4440 OK, 468 queued)
[2026-03-05 16:21:40]     +10 links (7238 total known)
[2026-03-05 16:21:43]   [6765 d0*] http://amasci.com/graphics/echopen/pen_407.JPG  (4445 OK, 473 queued)
[2026-03-05 16:21:45]   [6770 d0*] http://amasci.com/graphics/echopen/pen_401.JPG  (4450 OK, 468 queued)
[2026-03-05 16:21:48]   [6775 d0*] http://amasci.com/weird/unusual/rule10.gif  (4454 OK, 466 queued)
[2026-03-05 16:21:51]   [6780 d0*] http://amasci.com/spam.html  (4459 OK, 464 queued)
[2026-03-05 16:21:53]   [6785 d0*] http://amasci.com/graphics/microtb.jpg  (4464 OK, 459 queued)
[2026-03-05 16:21:56]   [6790 d0*] http://amasci.com/coilgen/  (4469 OK, 455 queued)
[2026-03-05 16:21:59]   [6795 d0*] http://amasci.com/tesla/howgenius.html  (4473 OK, 451 queued)
[2026-03-05 16:22:02]   [6800 d0*] http://amasci.com/pfi/index.html  (4478 OK, 446 queued)
[2026-03-05 16:22:04]   [6805 d0*] http://amasci.com/filmstr/filmstr4.html  (4483 OK, 444 queued)
[2026-03-05 16:22:07]   [6810 d0*] http://amasci.com/graphics/skull3.jpg  (4487 OK, 446 queued)
[2026-03-05 16:22:10]   [6815 d0*] http://amasci.com/miscon/globe2.html  (4492 OK, 441 queued)
[2026-03-05 16:22:12]   [6820 d0*] http://amasci.com/stats/stats.html  (4497 OK, 436 queued)
[2026-03-05 16:22:15]   [6825 d0*] http://amasci.com/amateur/alt_sci_amateur.html  (4502 OK, 431 queued)
[2026-03-05 16:22:17]   [6830 d0*] http://amasci.com/wsci  (4507 OK, 426 queued)
[2026-03-05 16:22:17]     +3 links (7259 total known)
[2026-03-05 16:22:22]   [6835 d0*] http://amasci.com/tesla/ballgitn.html  (4509 OK, 424 queued)
[2026-03-05 16:22:24]   [6840 d0*] http://amasci.com/tesla/balligntn.txt  (4514 OK, 426 queued)
[2026-03-05 16:22:28]   [6845 d0*] http://amasci.com/sci-list/sci-list.html  (4517 OK, 422 queued)
[2026-03-05 16:22:30]   [6850 d0*] http://www.amasci.com/freenrg/plasbang.html  (4522 OK, 417 queued)
[2026-03-05 16:22:33]   [6855 d0*] http://www.amasci.com/freenrg/spred1.txt  (4527 OK, 414 queued)
[2026-03-05 16:22:35]   [6860 d0*] http://www.amasci.com/freenrg/antichirp.html  (4532 OK, 411 queued)
[2026-03-05 16:22:38]   [6865 d0*] http://www.amasci.com/freenrg/subtlg.html  (4537 OK, 406 queued)
[2026-03-05 16:22:40]   [6870 d0*] http://www.amasci.com/tesla/Tap_Drill_Chart.html  (4542 OK, 402 queued)
[2026-03-05 16:22:43]   [6875 d0*] http://www.amasci.com/freenrg/chevron.gif  (4547 OK, 410 queued)
[2026-03-05 16:22:46]   [6880 d0*] http://www.amasci.com/freenrg/NFIELD2.GIF  (4551 OK, 405 queued)
[2026-03-05 16:22:48]   [6885 d0*] http://www.amasci.com/freenrg/minto.html  (4556 OK, 400 queued)
[2026-03-05 16:22:51]   [6890 d0*] http://www.amasci.com/  (4561 OK, 396 queued)
[2026-03-05 16:22:54]   [6895 d0*] http://www.amasci.com/amateur/antibub/anti12.gif  (4566 OK, 403 queued)
[2026-03-05 16:22:56]   [6900 d0*] http://www.amasci.com/amateur/antibub/anti7.gif  (4571 OK, 398 queued)
[2026-03-05 16:22:59]   [6905 d0*] http://www.amasci.com/amateur/antibub/anti13.gif  (4576 OK, 393 queued)
[2026-03-05 16:23:01]   [6910 d0*] http://www.amasci.com/viselect/vedemos.html  (4581 OK, 397 queued)
[2026-03-05 16:23:04]   [6915 d0*] http://www.amasci.com/viselect/comppcb.gif  (4586 OK, 392 queued)
[2026-03-05 16:23:06]   [6920 d0*] http://www.amasci.com/hum/adetect.txt  (4591 OK, 410 queued)
[2026-03-05 16:23:09]   [6925 d0*] http://www.amasci.com/hum/humbkg.txt  (4596 OK, 405 queued)
[2026-03-05 16:23:11]   [6930 d0*] http://www.amasci.com/hum/oldmsgs.txt  (4601 OK, 400 queued)
[2026-03-05 16:23:14]   [6935 d0*] http://www.amasci.com/hum/avebury5.wav  (4605 OK, 395 queued)
[2026-03-05 16:23:17]   [6940 d0*] http://www.amasci.com/hum/hill1.gif  (4610 OK, 390 queued)
[2026-03-05 16:23:19]   [6945 d0*] http://www.amasci.com/freenrg/h2oblast.html  (4615 OK, 387 queued)
[2026-03-05 16:23:22]   [6950 d0*] http://www.amasci.com/scied.html  (4620 OK, 384 queued)
[2026-03-05 16:23:22]     +6 links (7340 total known)
[2026-03-05 16:23:24]   [6955 d0*] http://www.amasci.com/me.tml  (4625 OK, 389 queued)
[2026-03-05 16:23:28]   [6960] 4629 OK, 2331 failed, 385 queued
[2026-03-05 16:23:28]     last fail: http://www.amasci.com/amateur/laser101ways.pdf
[2026-03-05 16:23:31]   [6965 d0*] http://www.amasci.com/freenrg/hubbard1.txt  (4634 OK, 386 queued)
[2026-03-05 16:23:33]   [6970 d0*] http://www.amasci.com/freenrg/ideas.html  (4639 OK, 381 queued)
[2026-03-05 16:23:37]   [6975 d0*] http://www.amasci.com/emotor/emotor.html  (4642 OK, 377 queued)
[2026-03-05 16:23:39]   [6980 d0*] http://www.amasci.com/emotor/tvgen.html  (4647 OK, 377 queued)
[2026-03-05 16:23:42]   [6985 d0*] http://www.amasci.com/miscon/nitpik.html  (4650 OK, 374 queued)
[2026-03-05 16:23:45]   [6990 d0*] http://www.amasci.com/emotor/vdg1.html  (4654 OK, 371 queued)
[2026-03-05 16:23:45]     +7 links (7368 total known)
[2026-03-05 16:23:48]   [6995 d0*] http://www.amasci.com/emotor/roller.txt  (4659 OK, 373 queued)
[2026-03-05 16:23:51]   [7000 d0*] http://www.amasci.com/amateur/coolidx.html  (4663 OK, 370 queued)
[2026-03-05 16:23:51]     +1 links (7371 total known)
[2026-03-05 16:23:53]   [7005 d0*] http://www.amasci.com/scilists.html  (4668 OK, 366 queued)
[2026-03-05 16:23:56]   [7010 d0*] http://www.amasci.com/miscon/myths10.html  (4672 OK, 363 queued)
[2026-03-05 16:23:59]   [7015 d0*] http://www.amasci.com/emotor/dulcu.html  (4677 OK, 364 queued)
[2026-03-05 16:24:01]   [7020 d0*] http://www.amasci.com/miscon/rfig9.gif  (4682 OK, 371 queued)
[2026-03-05 16:24:04]   [7025 d0*] http://www.amasci.com/miscon/rfig1.gif  (4687 OK, 366 queued)
[2026-03-05 16:24:06]   [7030 d0*] http://www.amasci.com/miscon/rfig6.gif  (4692 OK, 361 queued)
[2026-03-05 16:24:12]   [7040 d0*] http://www.amasci.com/emotor/stmiscon.htmlr  (4700 OK, 356 queued)
[2026-03-05 16:24:15]   [7045 d0*] http://www.amasci.com/graphics/argon/full1st01.mpg  (4705 OK, 360 queued)
[2026-03-05 16:24:18]   [7050 d0*] http://www.amasci.com/graphics/argon/full01.jpg  (4710 OK, 355 queued)
[2026-03-05 16:24:20]   [7055 d0*] http://www.amasci.com/freenrg/huff.html   (4715 OK, 370 queued)
[2026-03-05 16:24:23]   [7060 d0*] http://www.amasci.com/weird/main.css  (4720 OK, 366 queued)
[2026-03-05 16:24:25]   [7065 d0*] http://www.amasci.com/weird/wsmot.html  (4725 OK, 361 queued)
[2026-03-05 16:24:28]   [7070 d0*] http://www.amasci.com/weird2/vtx  (4730 OK, 356 queued)
[2026-03-05 16:24:28]     +1223 links (8649 total known)
[2026-03-05 16:24:37]   [7080] 4730 OK, 2350 failed, 1569 queued
[2026-03-05 16:24:37]     last fail: http://www.amasci.com/weird2/3D"http:/youtu.be/=
[2026-03-05 16:24:55]   [7100] 4730 OK, 2370 failed, 1549 queued
[2026-03-05 16:24:55]     last fail: http://www.amasci.com/weird2/3D"https:/www.reddit.c=
[2026-03-05 16:25:15]   [7120] 4730 OK, 2390 failed, 1529 queued
[2026-03-05 16:25:15]     last fail: http://www.amasci.com/weird2/3D"https:/www.youtube.com/watch?v=3DBn41nPOGq-U"
[2026-03-05 16:25:35]   [7140] 4730 OK, 2410 failed, 1509 queued
[2026-03-05 16:25:35]     last fail: http://www.amasci.com/weird2/3D"https:/www.lenr-canr.org=
[2026-03-05 16:25:57]   [7160] 4730 OK, 2430 failed, 1489 queued
[2026-03-05 16:25:57]     last fail: http://www.amasci.com/weird2/3D"https:/www.thedesertreview.com/news/b=
[2026-03-05 16:26:20]   [7180] 4730 OK, 2450 failed, 1469 queued
[2026-03-05 16:26:20]     last fail: http://www.amasci.com/weird2/3D"mailto:m=
[2026-03-05 16:26:43]   [7200] 4730 OK, 2470 failed, 1449 queued
[2026-03-05 16:26:43]     last fail: http://www.amasci.com/weird2/3D"https:/www.georgiapower.com/residential/billing-=
[2026-03-05 16:27:04]   [7220] 4730 OK, 2490 failed, 1429 queued
[2026-03-05 16:27:04]     last fail: http://www.amasci.com/weird2/3D"https:/www.lenr-canr.org/acrobat/BiberianJPjcondensedzi.=
[2026-03-05 16:27:22]   [7240] 4730 OK, 2510 failed, 1409 queued
[2026-03-05 16:27:22]     last fail: http://www.amasci.com/weird2/3D"https:/www.nytimes.com/2023/08/15/science/retractio=
[2026-03-05 16:27:44]   [7260] 4730 OK, 2530 failed, 1389 queued
[2026-03-05 16:27:44]     last fail: http://www.amasci.com/weird2/3D"https:/www.researchgate.net/post/An_old_question_that_is=
[2026-03-05 16:28:02]   [7280] 4730 OK, 2550 failed, 1369 queued
[2026-03-05 16:28:02]     last fail: http://www.amasci.com/weird2/3D"https:/en.wikipedia.org/wiki/The_Adolescence_of=
[2026-03-05 16:28:23]   [7300] 4730 OK, 2570 failed, 1349 queued
[2026-03-05 16:28:23]     last fail: http://www.amasci.com/weird2/3D"https:/physics.stacke=
[2026-03-05 16:28:48]   [7320] 4730 OK, 2590 failed, 1329 queued
[2026-03-05 16:28:48]     last fail: http://www.amasci.com/weird2/3D"https:/www.youtube.com/watch?v=3DDs-scY9qESE"
[2026-03-05 16:29:07]   [7340] 4730 OK, 2610 failed, 1309 queued
[2026-03-05 16:29:07]     last fail: http://www.amasci.com/weird2/3D"https:/www.gea.com/en/asset=
[2026-03-05 16:29:26]   [7360] 4730 OK, 2630 failed, 1289 queued
[2026-03-05 16:29:26]     last fail: http://www.amasci.com/weird2/3D"https:/=
[2026-03-05 16:29:45]   [7380] 4730 OK, 2650 failed, 1269 queued
[2026-03-05 16:29:45]     last fail: http://www.amasci.com/weird2/3D"https:/www.lenr-canr.org/acrobat/RothwellJhowtofixgl.pdf"
[2026-03-05 16:30:04]   [7400] 4730 OK, 2670 failed, 1249 queued
[2026-03-05 16:30:04]     last fail: http://www.amasci.com/weird2/3D"mailto:mixent.1=
[2026-03-05 16:30:27]   [7420] 4730 OK, 2690 failed, 1229 queued
[2026-03-05 16:30:27]     last fail: http://www.amasci.com/weird2/3D"https:/www.youtube.com=
[2026-03-05 16:30:47]   [7440] 4730 OK, 2710 failed, 1209 queued
[2026-03-05 16:30:47]     last fail: http://www.amasci.com/weird2/=3D"https:/arxiv.org/abs/2307.12008?s=3D09"
[2026-03-05 16:31:04]   [7460] 4730 OK, 2730 failed, 1189 queued
[2026-03-05 16:31:04]     last fail: http://www.amasci.com/weird2/3D"https:/archive.ph/7w21x"
[2026-03-05 16:31:26]   [7480] 4730 OK, 2750 failed, 1169 queued
[2026-03-05 16:31:26]     last fail: http://www.amasci.com/weird2/3D"https:/www.youtube.com/watch?v=3Da=
[2026-03-05 16:31:43]   [7500] 4730 OK, 2770 failed, 1149 queued
[2026-03-05 16:31:43]     last fail: http://www.amasci.com/weird2/3D"mailto:mules333@g=
[2026-03-05 16:32:03]   [7520] 4730 OK, 2790 failed, 1129 queued
[2026-03-05 16:32:03]     last fail: http://www.amasci.com/weird2/3D"mailto:mixent.19@aussiebroadband.com.=
[2026-03-05 16:32:26]   [7540] 4730 OK, 2810 failed, 1109 queued
[2026-03-05 16:32:26]     last fail: http://www.amasci.com/weird2/3D"http:/=
[2026-03-05 16:32:48]   [7560] 4730 OK, 2830 failed, 1089 queued
[2026-03-05 16:32:48]     last fail: http://www.amasci.com/weird2/3D"http:/www22.pair.com/csdc/car/carfre3.htm"
[2026-03-05 16:33:07]   [7580] 4730 OK, 2850 failed, 1069 queued
[2026-03-05 16:33:07]     last fail: http://www.amasci.com/weird2/=3D"mailto:stefan.itampe@gmail.com"
[2026-03-05 16:33:28]   [7600] 4730 OK, 2870 failed, 1049 queued
[2026-03-05 16:33:28]     last fail: http://www.amasci.com/weird2/3D"https:/www.sci=
[2026-03-05 16:33:48]   [7620] 4730 OK, 2890 failed, 1029 queued
[2026-03-05 16:33:48]     last fail: http://www.amasci.com/weird2/3D"https:/www.tiktok.com/@draw_my_t=
[2026-03-05 16:34:09]   [7640] 4730 OK, 2910 failed, 1009 queued
[2026-03-05 16:34:09]     last fail: http://www.amasci.com/weird2/3D"https:/www.nironmagnetics.com/"=
[2026-03-05 16:34:30]   [7660] 4730 OK, 2930 failed, 989 queued
[2026-03-05 16:34:30]     last fail: http://www.amasci.com/weird2/3D"https:/youtu.be/88=
[2026-03-05 16:34:51]   [7680] 4730 OK, 2950 failed, 969 queued
[2026-03-05 16:34:51]     last fail: http://www.amasci.com/weird2/3D"https:/archive.ph/o/YlYcK/https:/j=
[2026-03-05 16:35:12]   [7700] 4730 OK, 2970 failed, 949 queued
[2026-03-05 16:35:12]     last fail: http://www.amasci.com/weird2/3D"mailto:mixent.19@aussiebroadba=
[2026-03-05 16:35:30]   [7720] 4730 OK, 2990 failed, 929 queued
[2026-03-05 16:35:30]     last fail: http://www.amasci.com/weird2/3D"https:/icann.org/epp
[2026-03-05 16:35:54]   [7740] 4730 OK, 3010 failed, 909 queued
[2026-03-05 16:35:54]     last fail: http://www.amasci.com/weird2/3D"mailto:mules333@gma=
[2026-03-05 16:36:14]   [7760] 4730 OK, 3030 failed, 889 queued
[2026-03-05 16:36:14]     last fail: http://www.amasci.com/weird2/3D"http:/www.sciencedirect.com/science/journal=
[2026-03-05 16:36:32]   [7780] 4730 OK, 3050 failed, 869 queued
[2026-03-05 16:36:32]     last fail: http://www.amasci.com/weird2/3D"https:/patentimages=
[2026-03-05 16:36:54]   [7800] 4730 OK, 3070 failed, 849 queued
[2026-03-05 16:36:54]     last fail: http://www.amasci.com/weird2/3D"https:/en.wikipedia.org/wiki/Help:IPA/English"
[2026-03-05 16:37:18]   [7820] 4730 OK, 3090 failed, 829 queued
[2026-03-05 16:37:18]     last fail: http://www.amasci.com/weird2/3D"https:/holcombenergysystems.com/about-us/the=
[2026-03-05 16:37:39]   [7840] 4730 OK, 3110 failed, 809 queued
[2026-03-05 16:37:39]     last fail: http://www.amasci.com/weird2/=3D"https:/iopscience.iop.org/article/10.1088/1367-2630/ad091c"
[2026-03-05 16:38:01]   [7860] 4730 OK, 3130 failed, 789 queued
[2026-03-05 16:38:01]     last fail: http://www.amasci.com/weird2/3D"http:/lazerah.com"
[2026-03-05 16:38:22]   [7880] 4730 OK, 3150 failed, 769 queued
[2026-03-05 16:38:22]     last fail: http://www.amasci.com/weird2/3D"mailto:mixent.19@aussiebroadband.com.au"=
[2026-03-05 16:38:46]   [7900] 4730 OK, 3170 failed, 749 queued
[2026-03-05 16:38:46]     last fail: http://www.amasci.com/weird2/3D"https:/www.youtube.com/watch?v=3D3XBL9KlVoYE"=
[2026-03-05 16:39:08]   [7920] 4730 OK, 3190 failed, 729 queued
[2026-03-05 16:39:08]     last fail: http://www.amasci.com/weird2/3D"https:/en.wikipedia.org/wiki/News_media"
[2026-03-05 16:39:27]   [7940] 4730 OK, 3210 failed, 709 queued
[2026-03-05 16:39:27]     last fail: http://www.amasci.com/weird2/=3D"https:/iai.tv/articles/the-big-bang-didnt-happen-auid-2215"
[2026-03-05 16:39:46]   [7960] 4730 OK, 3230 failed, 689 queued
[2026-03-05 16:39:46]     last fail: http://www.amasci.com/weird2/3D"https:/www.youtube.com/watch?v=3DQCX62YJCmGk"
[2026-03-05 16:40:10]   [7980] 4730 OK, 3250 failed, 669 queued
[2026-03-05 16:40:10]     last fail: http://www.amasci.com/weird2/3D"https:/www.msn.com/en-us/news/technology/human=
[2026-03-05 16:40:32]   [8000] 4730 OK, 3270 failed, 649 queued
[2026-03-05 16:40:32]     last fail: http://www.amasci.com/weird2/3D"https:/lenr-canr.org/acrob=
[2026-03-05 16:40:53]   [8020] 4730 OK, 3290 failed, 629 queued
[2026-03-05 16:40:53]     last fail: http://www.amasci.com/weird2/3D"https:/en.wikipedia.org/wiki/Help:Pronunciati=
[2026-03-05 16:41:13]   [8040] 4730 OK, 3310 failed, 609 queued
[2026-03-05 16:41:13]     last fail: http://www.amasci.com/weird2/3D"https:/theconvers=
[2026-03-05 16:41:32]   [8060] 4730 OK, 3330 failed, 589 queued
[2026-03-05 16:41:32]     last fail: http://www.amasci.com/weird2/3D"https:/iopscien=
[2026-03-05 16:41:52]   [8080] 4730 OK, 3350 failed, 569 queued
[2026-03-05 16:41:52]     last fail: http://www.amasci.com/weird2/3D"mailto:jonesb9@pacbell.n=
[2026-03-05 16:42:15]   [8100] 4730 OK, 3370 failed, 549 queued
[2026-03-05 16:42:15]     last fail: http://www.amasci.com/weird2/3D"https:/na=
[2026-03-05 16:42:36]   [8120] 4730 OK, 3390 failed, 529 queued
[2026-03-05 16:42:36]     last fail: http://www.amasci.com/weird2/3D"mailto:hoh=
[2026-03-05 16:42:59]   [8140] 4730 OK, 3410 failed, 509 queued
[2026-03-05 16:42:59]     last fail: http://www.amasci.com/weird2/3D"mailto:vor=
[2026-03-05 16:43:18]   [8160] 4730 OK, 3430 failed, 489 queued
[2026-03-05 16:43:18]     last fail: http://www.amasci.com/weird2/3D"https:/arpa-e.energy.gov/sites/default/files/docume=
[2026-03-05 16:43:37]   [8180] 4730 OK, 3450 failed, 469 queued
[2026-03-05 16:43:37]     last fail: http://www.amasci.com/weird2/3D"mailto:vortex-l@eskimo.=
[2026-03-05 16:43:58]   [8200] 4730 OK, 3470 failed, 449 queued
[2026-03-05 16:43:58]     last fail: http://www.amasci.com/weird2/3D"https:/www.eia.gov/energyexplained/electri=
[2026-03-05 16:44:17]   [8220] 4730 OK, 3490 failed, 429 queued
[2026-03-05 16:44:17]     last fail: http://www.amasci.com/weird2/3D"https:/thejournalofc=
[2026-03-05 16:44:41]   [8240] 4730 OK, 3510 failed, 409 queued
[2026-03-05 16:44:41]     last fail: http://www.amasci.com/weird2/3D"https:/en.wikipedia.org/wiki/Stanislavski%27s_syst=
[2026-03-05 16:45:04]   [8260] 4730 OK, 3530 failed, 389 queued
[2026-03-05 16:45:04]     last fail: http://www.amasci.com/weird2/3D"mailto:jonathanberry3=
[2026-03-05 16:45:24]   [8280] 4730 OK, 3550 failed, 369 queued
[2026-03-05 16:45:24]     last fail: http://www.amasci.com/weird2/3D"https:/en.wikipedia.org/wiki/Stillman_Drake"
[2026-03-05 16:45:38]   [8295 d0*] http://www.amasci.com/amatuer/wirbel.html  (4732 OK, 354 queued)
[2026-03-05 16:45:41]   [8300] 4736 OK, 3564 failed, 355 queued
[2026-03-05 16:45:41]     last fail: http://www.amasci.com/scifair/1304 Stockton Road
[2026-03-05 16:45:47]   [8310 d0*] http://www.amasci.com/amateur/neospher.html  (4741 OK, 348 queued)
[2026-03-05 16:45:50]   [8315 d0*] http://www.amasci.com/freenrg/tors/  (4746 OK, 344 queued)
[2026-03-05 16:45:52]   [8320 d0*] http://www.amasci.com/freenrg/tors/drblc.jpg  (4751 OK, 369 queued)
[2026-03-05 16:45:55]   [8325 d0*] http://www.amasci.com/freenrg/tors/fig5.jpg  (4756 OK, 367 queued)
[2026-03-05 16:45:57]   [8330 d0*] http://www.amasci.com/freenrg/bajak1.txt  (4761 OK, 363 queued)
[2026-03-05 16:46:00]   [8335 d0*] http://www.amasci.com/freenrg/tors/pes1.html  (4766 OK, 358 queued)
[2026-03-05 16:46:03]   [8340 d0*] http://www.amasci.com/freenrg/timeflo1.html  (4770 OK, 357 queued)
[2026-03-05 16:46:03]     +1 links (8698 total known)
[2026-03-05 16:46:05]   [8345 d0*] http://www.amasci.com/greb/Grebennikov/7s1.jpg  (4775 OK, 392 queued)
[2026-03-05 16:46:08]   [8350 d0*] http://www.amasci.com/greb/Grebennikov/5s1.jpg  (4780 OK, 387 queued)
[2026-03-05 16:46:11]   [8355 d0*] http://www.amasci.com/greb/Grebennikov/otkos.jpg  (4785 OK, 382 queued)
[2026-03-05 16:46:13]   [8360 d0*] http://www.amasci.com/greb/Grebennikov/6s1.jpg  (4790 OK, 377 queued)
[2026-03-05 16:46:17]   [8365 d0*] http://www.amasci.com/greb/Grebennikov/14s.jpg  (4794 OK, 372 queued)
[2026-03-05 16:46:19]   [8370 d0*] http://www.amasci.com/greb/Grebennikov/8s.jpg  (4799 OK, 367 queued)
[2026-03-05 16:46:22]   [8375 d0*] http://www.amasci.com/greb/Grebennikov/5s2.jpg  (4804 OK, 362 queued)
[2026-03-05 16:46:25]   [8380 d0*] http://www.amasci.com/greb/Grebennikov/237b.gif  (4809 OK, 357 queued)
[2026-03-05 16:46:27]   [8385 d0*] http://www.amasci.com/freenrg/galli1.txt  (4814 OK, 352 queued)
[2026-03-05 16:46:30]   [8390 d0*] http://www.amasci.com/freenrg/pyrexp1.html  (4819 OK, 347 queued)
[2026-03-05 16:46:32]   [8395 d0*] http://www.amasci.com/amateur/pinhole.html  (4824 OK, 342 queued)
[2026-03-05 16:46:35]   [8400] 4827 OK, 3573 failed, 350 queued
[2026-03-05 16:46:35]     last fail: http://www.amasci.com/amateur/sc/scifair.html
[2026-03-05 16:46:39]   [8405 d0*] http://www.amasci.com/elehob/elehob3.html  (4828 OK, 345 queued)
[2026-03-05 16:46:46]   [8415 d0*] http://www.amasci.com/emotor/humid.html  (4835 OK, 339 queued)
[2026-03-05 16:46:48]   [8420 d0*] http://www.amasci.com/faq.html  (4840 OK, 334 queued)
[2026-03-05 16:46:51]   [8425 d0*] http://www.amasci.com/museum.html  (4845 OK, 329 queued)
[2026-03-05 16:46:54]   [8430 d0*] http://www.amasci.com/esloud/eslhwto.html  (4849 OK, 326 queued)
[2026-03-05 16:46:56]   [8435 d0*] http://www.amasci.com/weird/unusual/airthred.html  (4853 OK, 321 queued)
[2026-03-05 16:46:59]   [8440 d0*] http://www.amasci.com/weird/unusual/whtrngl2.gif  (4858 OK, 326 queued)
[2026-03-05 16:47:02]   [8445 d0*] http://www.amasci.com/weird/unusual/longthr2.gif  (4863 OK, 323 queued)
[2026-03-05 16:47:04]   [8450 d0*] http://www.amasci.com/emotor/vdgdemo.html  (4868 OK, 319 queued)
[2026-03-05 16:47:04]     +1 links (8770 total known)
[2026-03-05 16:47:07]   [8455 d0*] http://www.amasci.com/surplus/surpopt.html  (4873 OK, 315 queued)
[2026-03-05 16:47:10]   [8460 d0*] http://www.amasci.com/weird/wclose.html  (4876 OK, 313 queued)
[2026-03-05 16:47:12]   [8465 d0*] http://www.amasci.com/stats/idbylink.html  (4881 OK, 313 queued)
[2026-03-05 16:47:26]   [8480] 4883 OK, 3597 failed, 329 queued
[2026-03-05 16:47:26]     last fail: http://www.amasci.com/stats/new.cgi?a=62352461&p=missing
[2026-03-05 16:47:45]   [8500] 4885 OK, 3615 failed, 332 queued
[2026-03-05 16:47:45]     last fail: http://www.amasci.com/stats/browser.cgi?a=62352461&p=
[2026-03-05 16:48:04]   [8520] 4885 OK, 3635 failed, 312 queued
[2026-03-05 16:48:04]     last fail: http://www.amasci.com/stats/new.cgi?a=62352461&p=
[2026-03-05 16:48:08]   [8525 d0*] http://www.amasci.com/stats/arbypag2.html  (4888 OK, 309 queued)
[2026-03-05 16:48:11]   [8530 d0*] http://www.amasci.com/graphics/moore2.jpg  (4890 OK, 309 queued)
[2026-03-05 16:48:20]   [8540] 4893 OK, 3647 failed, 314 queued
[2026-03-05 16:48:20]     last fail: http://www.amasci.com/elect/elect/coil4.gif
[2026-03-05 16:48:32]   [8550 d0*] http://www.amasci.com/emotor/vdgtame.html  (4894 OK, 304 queued)
[2026-03-05 16:48:32]     +1 links (8855 total known)
[2026-03-05 16:48:35]   [8555 d0*] http://www.amasci.com/emotor/scifirst.html  (4899 OK, 300 queued)
[2026-03-05 16:48:37]   [8560 d0*] http://www.amasci.com/maglev/magschem.gif  (4904 OK, 297 queued)
[2026-03-05 16:48:40]   [8565 d0*] http://www.amasci.com/amateur/irgoggl.html  (4909 OK, 292 queued)
[2026-03-05 16:48:42]   [8570 d0*] http://www.amasci.com/miscon/fund.html  (4914 OK, 291 queued)
[2026-03-05 16:48:45]   [8575 d0*] http://www.amasci.com/graphics/klvwatr.gif"  (4919 OK, 291 queued)
[2026-03-05 16:48:48]   [8580 d0*] http://www.amasci.com/weird.html  (4924 OK, 286 queued)
[2026-03-05 16:48:50]   [8585 d0*] http://www.amasci.com/amateur/sundog.html  (4929 OK, 282 queued)
[2026-03-05 16:49:00]   [8600 d0*] http://www.amasci.com/elect/poynt/figa.gif  (4939 OK, 287 queued)
[2026-03-05 16:49:02]   [8605 d0*] http://www.amasci.com/graphics/kraus_poynt.gif  (4944 OK, 282 queued)
[2026-03-05 16:49:05]   [8610 d0*] http://www.amasci.com/tesla/tes1.html  (4949 OK, 277 queued)
[2026-03-05 16:49:05]     +1 links (8888 total known)
[2026-03-05 16:49:07]   [8615 d0*] http://www.amasci.com/amateur/dscope2.gif  (4954 OK, 277 queued)
[2026-03-05 16:49:10]   [8620 d0*] http://www.amasci.com/emotor/enCap.html  (4959 OK, 276 queued)
[2026-03-05 16:49:12]   [8625 d0*] http://www.amasci.com/amateur/feyn.gif  (4964 OK, 273 queued)
[2026-03-05 16:49:15]   [8630 d0*] http://www.amasci.com/graphics/qshrnk.jpg  (4968 OK, 273 queued)
[2026-03-05 16:49:18]   [8635 d0*] http://www.amasci.com/elect/charge1.html  (4972 OK, 269 queued)
[2026-03-05 16:49:21]   [8640 d0*] http://www.amasci.com/weird/wsotw.html  (4977 OK, 266 queued)
[2026-03-05 16:49:21]     +3 links (8909 total known)
[2026-03-05 16:49:23]   [8645 d0*] http://www.amasci.com/tesla/tesray1.html  (4982 OK, 264 queued)
[2026-03-05 16:49:26]   [8650 d0*] http://www.amasci.com/graphics/tstrain.jpg  (4987 OK, 286 queued)
[2026-03-05 16:49:28]   [8655 d0*] http://www.amasci.com/graphics/tes_roylsoc.jpg  (4992 OK, 281 queued)
[2026-03-05 16:49:31]   [8660 d0*] http://www.amasci.com/graphics/tesla/war.jpg  (4997 OK, 276 queued)
[2026-03-05 16:49:33]   [8665 d0*] http://www.amasci.com/graphics/tesdray2.jpg  (5002 OK, 271 queued)
[2026-03-05 16:49:36]   [8670 d0*] http://www.amasci.com/graphics/tesla_bulbs1.jpg  (5007 OK, 266 queued)
[2026-03-05 16:49:39]   [8675 d0*] http://www.amasci.com/tesla/tesceive.html  (5012 OK, 261 queued)
[2026-03-05 16:49:42]   [8680 d0*] http://www.amasci.com/tesla/jlladdr.html  (5016 OK, 259 queued)
[2026-03-05 16:49:44]   [8685 d0*] http://www.amasci.com/miscon/whyhrd3.html  (5021 OK, 256 queued)
[2026-03-05 16:49:47]   [8690 d0*] http://www.amasci.com/maglev/hall.html  (5026 OK, 253 queued)
[2026-03-05 16:49:50]   [8695 d0*] http://www.amasci.com/amateur/MIRROR3.GIF  (5030 OK, 252 queued)
[2026-03-05 16:49:52]   [8700 d0*] http://www.amasci.com/instr/salmon.html  (5035 OK, 258 queued)
[2026-03-05 16:49:58]   [8710 d0*] http://www.amasci.com/graphics/mask.jpg  (5043 OK, 257 queued)
[2026-03-05 16:50:01]   [8715 d0*] http://www.amasci.com/graphics/prnks.jpg  (5047 OK, 252 queued)
[2026-03-05 16:50:03]   [8720 d0*] http://www.amasci.com/tesla/wire1.txt  (5052 OK, 252 queued)
[2026-03-05 16:50:06]   [8725 d0*] http://www.amasci.com/emotor/belt.html  (5057 OK, 248 queued)
[2026-03-05 16:50:09]   [8730 d0*] http://www.amasci.com/emotor/vdgblt1a.gif  (5061 OK, 249 queued)
[2026-03-05 16:50:11]   [8735 d0*] http://www.amasci.com/earth2.html  (5066 OK, 245 queued)
[2026-03-05 16:50:14]   [8740 d0*] http://www.amasci.com/surplus/surpls.html  (5071 OK, 241 queued)
[2026-03-05 16:50:14]     +2 links (8983 total known)
[2026-03-05 16:50:20]   [8750 d0*] http://www.amasci.com/graphics/e-spray1.jpg  (5077 OK, 238 queued)
[2026-03-05 16:50:23]   [8755 d0*] http://www.amasci.com/amateur/hovercft.html  (5082 OK, 234 queued)
[2026-03-05 16:50:25]   [8760 d0*] http://www.amasci.com/graphics/hov2.gif  (5087 OK, 235 queued)
[2026-03-05 16:50:28]   [8765 d0*] http://www.amasci.com/emotor/statelect.html  (5092 OK, 231 queued)
[2026-03-05 16:50:31]   [8770 d0*] http://www.amasci.com/miscon/globe2.html  (5097 OK, 277 queued)
[2026-03-05 16:50:33]   [8775 d0*] http://www.amasci.com/freenrg/tamp.txt  (5101 OK, 274 queued)
[2026-03-05 16:50:36]   [8780 d0*] http://www.amasci.com/freenrg/gravpool.txt  (5106 OK, 269 queued)
[2026-03-05 16:50:40]   [8785 d0*] http://www.amasci.com/stopgo.html  (5108 OK, 267 queued)
[2026-03-05 16:50:43]   [8790 d0*] http://www.amasci.com/amateur/traffic/tbig.html  (5113 OK, 262 queued)
[2026-03-05 16:50:46]   [8795 d0*] http://www.amasci.com/amateur/buscards.html  (5117 OK, 257 queued)
[2026-03-05 16:50:48]   [8800 d0*] http://www.amasci.com/newname.html  (5122 OK, 252 queued)
[2026-03-05 16:50:51]   [8805 d0*] http://www.amasci.com/graphics/howfast1.gif  (5127 OK, 247 queued)
[2026-03-05 16:50:53]   [8810 d0*] http://www.amasci.com/traf/  (5132 OK, 242 queued)
[2026-03-05 16:50:56]   [8815 d0*] http://www.amasci.com/graphics/echopen/pen_405.JPG  (5137 OK, 247 queued)
[2026-03-05 16:50:59]   [8820 d0*] http://www.amasci.com/graphics/echopen/pen_404.JPG  (5142 OK, 242 queued)
[2026-03-05 16:51:01]   [8825 d0*] http://www.amasci.com/amateur/sundogs.html  (5147 OK, 237 queued)
[2026-03-05 16:51:04]   [8830 d0*] http://www.amasci.com/filmstr/filmstr3.html  (5152 OK, 234 queued)
[2026-03-05 16:51:04]     +1 links (9065 total known)
[2026-03-05 16:51:07]   [8835 d0*] http://www.amasci.com/weird/unusual/ion1.html  (5156 OK, 232 queued)
[2026-03-05 16:51:09]   [8840] 5160 OK, 3680 failed, 229 queued
[2026-03-05 16:51:09]     last fail: http://www.amasci.com/emotor/static/electrostatic2.html
[2026-03-05 16:51:12]   [8845 d0*] http://amasci.com/graphics/books/moore.jpg  (5164 OK, 227 queued)
[2026-03-05 16:51:15]   [8850 d0*] http://www.amasci.com/billb1.jpg  (5168 OK, 229 queued)
[2026-03-05 16:51:18]   [8855 d0*] http://www.amasci.com/unew.html  (5173 OK, 224 queued)
[2026-03-05 16:51:21]   [8860 d0*] http://www.amasci.com/emotor/vdgbook.html  (5176 OK, 223 queued)
[2026-03-05 16:51:25]   [8865 d0*] http://www.amasci.com/weird/const.html  (5180 OK, 220 queued)
[2026-03-05 16:51:27]   [8870 d0*] http://www.amasci.com/freenrg/ELG02XP.GIF  (5185 OK, 239 queued)
[2026-03-05 16:51:30]   [8875 d0*] http://www.amasci.com/weird/evexp.html  (5190 OK, 234 queued)
[2026-03-05 16:51:32]   [8880 d0*] http://www.amasci.com/freenrg/audpush.txt  (5195 OK, 229 queued)
[2026-03-05 16:51:35]   [8885 d0*] http://www.amasci.com/freenrg/faile.html  (5200 OK, 224 queued)
[2026-03-05 16:51:38]   [8890 d0*] http://www.amasci.com/freenrg/magh20.html  (5204 OK, 220 queued)
[2026-03-05 16:51:42]   [8895 d0*] http://www.amasci.com/freenrg/antigrav.html  (5209 OK, 215 queued)
[2026-03-05 16:51:46]   [8900] 5212 OK, 3688 failed, 231 queued
[2026-03-05 16:51:46]     last fail: http://www.amasci.com/weird/antigrav/amasci.com/news.html
[2026-03-05 16:51:48]   [8905 d0*] http://www.amasci.com/weird/antigrav/antigrav4.html  (5217 OK, 226 queued)
[2026-03-05 16:51:51]   [8910 d0*] http://www.amasci.com/weird/wallc/  (5221 OK, 223 queued)
[2026-03-05 16:51:51]     +1 links (9134 total known)
[2026-03-05 16:51:54]   [8915 d0*] http://www.amasci.com/freenrg/bw.txt  (5224 OK, 219 queued)
[2026-03-05 16:51:57]   [8920] 5228 OK, 3692 failed, 215 queued
[2026-03-05 16:51:57]     last fail: http://www.amasci.com/weird/antigrav4.html
[2026-03-05 16:52:01]   [8925 d0*] http://www.amasci.com/freenrg/mfig4.gif  (5233 OK, 214 queued)
[2026-03-05 16:52:08]   [8930 d0*] http://www.amasci.com/caps/capatnt.html  (5238 OK, 209 queued)
[2026-03-05 16:52:08]     +2 links (9141 total known)
[2026-03-05 16:52:11]   [8935 d0*] http://www.amasci.com/graphics/lig1.jpg  (5243 OK, 207 queued)
[2026-03-05 16:52:17]   [8940 d0*] http://www.amasci.com/caps/capnotes.html  (5248 OK, 202 queued)
[2026-03-05 16:52:20]   [8945 d0*] http://amasci.com/weird/vortex/gravdsk2.txt  (5253 OK, 197 queued)
[2026-03-05 16:52:23]   [8950 d0*] http://amasci.com/weird/antigrav/antigrav4.html  (5257 OK, 192 queued)
[2026-03-05 16:52:23]     +1 links (9143 total known)
[2026-03-05 16:52:25]   [8955 d0*] http://amasci.com/freenrg/gravskep.txt  (5262 OK, 188 queued)
[2026-03-05 16:52:28]   [8960 d0*] http://amasci.com/weird/vortex2.txt  (5267 OK, 183 queued)
[2026-03-05 16:52:30]   [8965 d0*] http://amasci.com/weird/main.css  (5272 OK, 179 queued)
[2026-03-05 16:52:33]   [8970 d0*] http://amasci.com/weird/vtxb2000.txt  (5277 OK, 176 queued)
[2026-03-05 16:52:36]   [8975 d0*] http://amasci.com/weird/fieldyu.gif  (5282 OK, 171 queued)
[2026-03-05 16:52:42]   [8980] 5283 OK, 3697 failed, 1389 queued
[2026-03-05 16:52:42]     last fail: http://amasci.com/weird2/=3D"https:/lenr-canr.org/acrobat/RothwellJcoldfusiona.pdf"
[2026-03-05 16:53:03]   [9000] 5283 OK, 3717 failed, 1369 queued
[2026-03-05 16:53:03]     last fail: http://amasci.com/weird2/3D"mailto:juerg@datamart.ch"
[2026-03-05 16:53:21]   [9020] 5283 OK, 3737 failed, 1349 queued
[2026-03-05 16:53:21]     last fail: http://amasci.com/weird2/3D"https:/nam11.safelinks.protection.outlook.com/?u=
[2026-03-05 16:53:43]   [9040] 5283 OK, 3757 failed, 1329 queued
[2026-03-05 16:53:43]     last fail: http://amasci.com/weird2/3D"https:/youtu.be/u=
[2026-03-05 16:54:04]   [9060] 5283 OK, 3777 failed, 1309 queued
[2026-03-05 16:54:04]     last fail: http://amasci.com/weird2/3D"https:/www.armscontrol.org/act/1997-09/press-releases/russian=
[2026-03-05 16:54:25]   [9080] 5283 OK, 3797 failed, 1289 queued
[2026-03-05 16:54:25]     last fail: http://amasci.com/weird2/3D"http:/ns88.worldnic.c=
[2026-03-05 16:54:45]   [9100] 5283 OK, 3817 failed, 1269 queued
[2026-03-05 16:54:45]     last fail: http://amasci.com/weird2/3D"mailto:EVGRAY@groups.=
[2026-03-05 16:55:04]   [9120] 5283 OK, 3837 failed, 1249 queued
[2026-03-05 16:55:04]     last fail: http://amasci.com/weird2/3D"https:/www.nature.com/artic=
[2026-03-05 16:55:29]   [9140] 5283 OK, 3857 failed, 1229 queued
[2026-03-05 16:55:29]     last fail: http://amasci.com/weird2/3D"mailto:cbsite01@gmai=
[2026-03-05 16:55:48]   [9160] 5283 OK, 3877 failed, 1209 queued
[2026-03-05 16:55:48]     last fail: http://amasci.com/weird2/3D=
[2026-03-05 16:56:11]   [9180] 5283 OK, 3897 failed, 1189 queued
[2026-03-05 16:56:11]     last fail: http://amasci.com/weird2/3D"https:/www.whichev.net/2022/04/01/el=
[2026-03-05 16:56:31]   [9200] 5283 OK, 3917 failed, 1169 queued
[2026-03-05 16:56:31]     last fail: http://amasci.com/weird2/3D"http:/itampe.com/a-comment-on-special-relativity.html"
[2026-03-05 16:56:53]   [9220] 5283 OK, 3937 failed, 1149 queued
[2026-03-05 16:56:53]     last fail: http://amasci.com/weird2/=3D"https:/www.vice.com/en/article/dy3vxy/sony-world-photography-awards-ai=
[2026-03-05 16:57:13]   [9240] 5283 OK, 3957 failed, 1129 queued
[2026-03-05 16:57:13]     last fail: http://amasci.com/weird2/3D"https:/oilprice.com/Alternative-Energy/Nuclear-Power/Anothe=
[2026-03-05 16:57:34]   [9260] 5283 OK, 3977 failed, 1109 queued
[2026-03-05 16:57:34]     last fail: http://amasci.com/weird2/3D"mailto:jedrothwell@gmail.=
[2026-03-05 16:57:57]   [9280] 5283 OK, 3997 failed, 1089 queued
[2026-03-05 16:57:57]     last fail: http://amasci.com/weird2/3D"https:/www.youtube.com/watch?v=3DjlSv_IlXmBg"=
[2026-03-05 16:58:19]   [9300] 5283 OK, 4017 failed, 1069 queued
[2026-03-05 16:58:19]     last fail: http://amasci.com/weird2/3D"https:/www.youtube.com/watch?v=
[2026-03-05 16:58:42]   [9320] 5283 OK, 4037 failed, 1049 queued
[2026-03-05 16:58:42]     last fail: http://amasci.com/weird2/3D"https:/en.wikipedia.org/wiki/Manganes=
[2026-03-05 16:59:06]   [9340] 5283 OK, 4057 failed, 1029 queued
[2026-03-05 16:59:06]     last fail: http://amasci.com/weird2/3D"https:/nam11.safelinks.protection.outloo=
[2026-03-05 16:59:28]   [9360] 5283 OK, 4077 failed, 1009 queued
[2026-03-05 16:59:28]     last fail: http://amasci.com/weird2/3D"https:/en.wikipedia.org/w=
[2026-03-05 16:59:55]   [9380] 5283 OK, 4097 failed, 989 queued
[2026-03-05 16:59:55]     last fail: http://amasci.com/weird2/3D"mailto:jedrothwell@gmai=
[2026-03-05 17:00:18]   [9400] 5283 OK, 4117 failed, 969 queued
[2026-03-05 17:00:18]     last fail: http://amasci.com/weird2/3D"http:/le=
[2026-03-05 17:00:40]   [9420] 5283 OK, 4137 failed, 949 queued
[2026-03-05 17:00:40]     last fail: http://amasci.com/weird2/3D"https:/docs.google.=
[2026-03-05 17:01:03]   [9440] 5283 OK, 4157 failed, 929 queued
[2026-03-05 17:01:03]     last fail: http://amasci.com/weird2/3D"http:/lenr-canr.org/acrobat/IyengarPKprefaceand.pdf"
[2026-03-05 17:01:25]   [9460] 5283 OK, 4177 failed, 909 queued
[2026-03-05 17:01:25]     last fail: http://amasci.com/weird2/3D"https:/lenr-canr.org/acrobat/RothwellJcoldfusion=
[2026-03-05 17:01:47]   [9480] 5283 OK, 4197 failed, 889 queued
[2026-03-05 17:01:47]     last fail: http://amasci.com/weird2/3D"https:/icann.org/epp
[2026-03-05 17:02:06]   [9500] 5283 OK, 4217 failed, 869 queued
[2026-03-05 17:02:06]     last fail: http://amasci.com/weird2/3D"mailto:r.j.anderton@bt=
[2026-03-05 17:02:31]   [9520] 5283 OK, 4237 failed, 849 queued
[2026-03-05 17:02:31]     last fail: http://amasci.com/weird2/3D"https:/www.lenr-canr.org/acrobat/MizunoThydrogenev.pdf"
[2026-03-05 17:02:53]   [9540] 5283 OK, 4257 failed, 829 queued
[2026-03-05 17:02:53]     last fail: http://amasci.com/weird2/=3D"https:/arpa-e.energy.gov/sites/default/files/2023-09/05_Duncan_Perform=
[2026-03-05 17:03:14]   [9560] 5283 OK, 4277 failed, 809 queued
[2026-03-05 17:03:14]     last fail: http://amasci.com/weird2/3D"Https:/=
[2026-03-05 17:03:34]   [9580] 5283 OK, 4297 failed, 789 queued
[2026-03-05 17:03:34]     last fail: http://amasci.com/weird2/3D"mailto:r.j.anderton@btinte=
[2026-03-05 17:03:53]   [9600] 5283 OK, 4317 failed, 769 queued
[2026-03-05 17:03:53]     last fail: http://amasci.com/weird2/3D"https:/www.canadiancovidcarealliance.org/wp-content/uploa=
[2026-03-05 17:04:12]   [9620] 5283 OK, 4337 failed, 749 queued
[2026-03-05 17:04:12]     last fail: http://amasci.com/weird2/3D"https:/www.wsj.com/articles/covid-origin-ch=
[2026-03-05 17:04:35]   [9640] 5283 OK, 4357 failed, 729 queued
[2026-03-05 17:04:35]     last fail: http://amasci.com/weird2/=3D"https:/youtu.be/5_FUsyFpzJk"
[2026-03-05 17:04:58]   [9660] 5283 OK, 4377 failed, 709 queued
[2026-03-05 17:04:58]     last fail: http://amasci.com/weird2/3D"https:/www.youtube.com/watch?v=3Djbr0fQfJC-8"
[2026-03-05 17:05:17]   [9680] 5283 OK, 4397 failed, 689 queued
[2026-03-05 17:05:17]     last fail: http://amasci.com/weird2/3D"https:/ibb.co/cLBLPBP"
[2026-03-05 17:05:36]   [9700] 5283 OK, 4417 failed, 669 queued
[2026-03-05 17:05:36]     last fail: http://amasci.com/weird2/3D"https:/oilprice.com/Alternative-Energy/Nuclear-Power/An=
[2026-03-05 17:05:57]   [9720] 5283 OK, 4437 failed, 649 queued
[2026-03-05 17:05:57]     last fail: http://amasci.com/weird2/3D"https:/en.wikipedia.org/wiki/Help:Pronunc=
[2026-03-05 17:06:20]   [9740] 5283 OK, 4457 failed, 629 queued
[2026-03-05 17:06:20]     last fail: http://amasci.com/weird2/3D"https:/en.wikipedia.org/wiki/Tundra"
[2026-03-05 17:06:42]   [9760] 5283 OK, 4477 failed, 609 queued
[2026-03-05 17:06:42]     last fail: http://amasci.com/weird2/3D"https:/www.youtube=
[2026-03-05 17:07:03]   [9780] 5283 OK, 4497 failed, 589 queued
[2026-03-05 17:07:03]     last fail: http://amasci.com/weird2/3D"mailto:ju=
[2026-03-05 17:07:25]   [9800] 5283 OK, 4517 failed, 569 queued
[2026-03-05 17:07:25]     last fail: http://amasci.com/weird2/3D"https:/en.wikipedia.org/wiki/Help:Pronunciati=
[2026-03-05 17:07:50]   [9820] 5283 OK, 4537 failed, 549 queued
[2026-03-05 17:07:50]     last fail: http://amasci.com/weird2/3D"http:/twitter.com/Sudanamaru1/status/16277533300=
[2026-03-05 17:08:12]   [9840] 5283 OK, 4557 failed, 529 queued
[2026-03-05 17:08:12]     last fail: http://amasci.com/weird2/3D"https:/lenrbot.com/about.html"
[2026-03-05 17:08:32]   [9860] 5283 OK, 4577 failed, 509 queued
[2026-03-05 17:08:32]     last fail: http://amasci.com/weird2/3D"https:/www.youtube.com/watch?v=3DtS_7eZVt854"
[2026-03-05 17:08:57]   [9880] 5283 OK, 4597 failed, 489 queued
[2026-03-05 17:08:57]     last fail: http://amasci.com/weird2/3D"https:/www.q=
[2026-03-05 17:09:16]   [9900] 5283 OK, 4617 failed, 469 queued
[2026-03-05 17:09:16]     last fail: http://amasci.com/weird2/3D"m=
[2026-03-05 17:09:37]   [9920] 5283 OK, 4637 failed, 449 queued
[2026-03-05 17:09:37]     last fail: http://amasci.com/weird2/3D"https:/www.youtube.com/watch?v=3D3XBL9KlVoYE"=
[2026-03-05 17:09:58]   [9940] 5283 OK, 4657 failed, 429 queued
[2026-03-05 17:09:58]     last fail: http://amasci.com/weird2/3D"https:/doi.org/10.1007/BF00670750"
[2026-03-05 17:10:21]   [9960] 5283 OK, 4677 failed, 409 queued
[2026-03-05 17:10:21]     last fail: http://amasci.com/weird2/=3D"http:/www.sciencedirect.com/science/journal/18753892"
[2026-03-05 17:10:48]   [9980] 5283 OK, 4697 failed, 389 queued
[2026-03-05 17:10:48]     last fail: http://amasci.com/weird2/3D"https:/youtu.be/mcCZftSbges"
[2026-03-05 17:11:12]   [10000] 5283 OK, 4717 failed, 369 queued
[2026-03-05 17:11:12]     last fail: http://amasci.com/weird2/3D"https:/lenr-canr.org=
[2026-03-05 17:11:33]   [10020] 5283 OK, 4737 failed, 349 queued
[2026-03-05 17:11:33]     last fail: http://amasci.com/weird2/3D"http:/hyperphysics.phy-astr.gsu.e=
[2026-03-05 17:11:57]   [10040] 5283 OK, 4757 failed, 329 queued
[2026-03-05 17:11:57]     last fail: http://amasci.com/weird2/3D"https:/www.energy.gov/science/bes/ar=
[2026-03-05 17:12:16]   [10060] 5283 OK, 4777 failed, 309 queued
[2026-03-05 17:12:16]     last fail: http://amasci.com/weird2/3D"mailto:hveeder000@gmail.co=
[2026-03-05 17:12:38]   [10080] 5283 OK, 4797 failed, 289 queued
[2026-03-05 17:12:38]     last fail: http://amasci.com/weird2/3D"https:/insideclimatenews.org/=
[2026-03-05 17:13:00]   [10100] 5283 OK, 4817 failed, 269 queued
[2026-03-05 17:13:00]     last fail: http://amasci.com/weird2/3D"mailto:jonath=
[2026-03-05 17:13:25]   [10120] 5283 OK, 4837 failed, 249 queued
[2026-03-05 17:13:25]     last fail: http://amasci.com/weird2/3D"https:/en.wikipedia.org/wiki/Moving_magnet_and_conductor=
[2026-03-05 17:13:46]   [10140] 5283 OK, 4857 failed, 229 queued
[2026-03-05 17:13:46]     last fail: http://amasci.com/weird2/3D"http:/lenr-canr.org/acrobat/Fleis=
[2026-03-05 17:14:07]   [10160] 5283 OK, 4877 failed, 209 queued
[2026-03-05 17:14:07]     last fail: http://amasci.com/weird2/3D"Https:/www.jnaudin.free.fr/meg/meg.htm"
[2026-03-05 17:14:25]   [10180] 5283 OK, 4897 failed, 189 queued
[2026-03-05 17:14:25]     last fail: http://amasci.com/weird2/3D"https:/a.co/i=
[2026-03-05 17:14:45]   [10200 d0*] http://amasci.com/pathsk2.txt  (5284 OK, 169 queued)
[2026-03-05 17:14:48]   [10205 d0*] http://amasci.com/weird/wsmot.html  (5289 OK, 164 queued)
[2026-03-05 17:14:51]   [10210 d0*] http://amasci.com/amateur/scigrps.html  (5293 OK, 160 queued)
[2026-03-05 17:14:51]     +1 links (10371 total known)
[2026-03-05 17:14:55]   [10215 d0*] http://amasci.com/emotor/ground.html  (5295 OK, 156 queued)
[2026-03-05 17:14:59]   [10220 d0*] http://amasci.com/electrom/electrom.html  (5297 OK, 151 queued)
[2026-03-05 17:14:59]     +1 links (10372 total known)
[2026-03-05 17:15:05]   [10230 d0*] http://amasci.com/miscon/ele-map.gif  (5305 OK, 145 queued)
[2026-03-05 17:15:07]   [10235 d0*] http://amasci.com/miscon/rfig5.gif  (5310 OK, 153 queued)
[2026-03-05 17:15:10]   [10240 d0*] http://amasci.com/miscon/rfig4.gif  (5315 OK, 148 queued)
[2026-03-05 17:15:12]   [10245 d0*] http://amasci.com/miscon/rfig8.gif  (5320 OK, 143 queued)
[2026-03-05 17:15:15]   [10250 d0*] http://amasci.com/graphics/yt/bluewater.jpg  (5324 OK, 139 queued)
[2026-03-05 17:15:18]   [10255 d0*] http://amasci.com/graphics/wtrcap2.gif  (5329 OK, 137 queued)
[2026-03-05 17:15:21]   [10260 d0*] http://amasci.com/miscon/prism.jpg  (5333 OK, 132 queued)
[2026-03-05 17:15:23]   [10265 d0*] http://amasci.com/graphics/yt/drydngr.jpg  (5338 OK, 127 queued)
[2026-03-05 17:15:26]   [10270 d0*] http://amasci.com/wing/saabrok3.jpg  (5343 OK, 128 queued)
[2026-03-05 17:15:30]   [10275 d0*] http://amasci.com/miscon/germ.html  (5346 OK, 123 queued)
[2026-03-05 17:15:33]   [10280 d0*] http://amasci.com/amateur/clouds.html  (5349 OK, 119 queued)
[2026-03-05 17:15:36]   [10285 d0*] http://amasci.com/miscon/prsmtxt.txt  (5354 OK, 114 queued)
[2026-03-05 17:15:40]   [10290 d0*] http://amasci.com/sc/kidintl.html  (5357 OK, 109 queued)
[2026-03-05 17:15:43]   [10295 d0*] http://amasci.com/hum/hill1.gif  (5361 OK, 104 queued)
[2026-03-05 17:15:46]   [10300 d0*] http://amasci.com/hum/taosmsgs.txt  (5366 OK, 99 queued)
[2026-03-05 17:15:49]   [10305 d0*] http://amasci.com/hum/humrefs.txt  (5371 OK, 94 queued)
[2026-03-05 17:15:51]   [10310 d0*] http://amasci.com/weird/wpara.html  (5376 OK, 91 queued)
[2026-03-05 17:15:54]   [10315 d0*] http://amasci.com/weird/wbookstr.html  (5380 OK, 86 queued)
[2026-03-05 17:15:57]   [10320 d0*] http://amasci.com/freenrg/plasmafe.txt  (5385 OK, 89 queued)
[2026-03-05 17:15:59]   [10325 d0*] http://amasci.com/freenrg/zpepaper.txt  (5390 OK, 84 queued)
[2026-03-05 17:16:02]   [10330 d0*] http://amasci.com/freenrg/evolv.txt  (5394 OK, 85 queued)
[2026-03-05 17:16:05]   [10335 d0*] http://amasci.com/weird/wlists.html  (5397 OK, 81 queued)
[2026-03-05 17:16:08]   [10340 d0*] http://amasci.com/freenrg/fejnls.html  (5401 OK, 78 queued)
[2026-03-05 17:16:11]   [10345 d0*] http://amasci.com/weird/wpro.html  (5406 OK, 74 queued)
[2026-03-05 17:16:14]   [10350 d0*] http://amasci.com/freenrg/tors/  (5411 OK, 70 queued)
[2026-03-05 17:16:16]   [10355 d0*] http://amasci.com/tesla/tesla.html  (5416 OK, 65 queued)
[2026-03-05 17:16:21]   [10360] 5417 OK, 4943 failed, 69 queued
[2026-03-05 17:16:21]     last fail: http://amasci.com/sc/wsite.com/fishingworld
[2026-03-05 17:16:37]   [10380 d0*] http://amasci.com/amateur/answers1.html  (5422 OK, 61 queued)
[2026-03-05 17:16:39]   [10385 d0*] http://amasci.com/brainx/  (5427 OK, 57 queued)
[2026-03-05 17:16:42]   [10390 d0*] http://amasci.com/weird/unusual/e-wall  (5432 OK, 56 queued)
[2026-03-05 17:16:45]   [10395 d0*] http://amasci.com/graphics/prnks.jpg  (5436 OK, 53 queued)
[2026-03-05 17:16:47]   [10400 d0*] http://amasci.com/amateur/feyn.gif  (5441 OK, 49 queued)
[2026-03-05 17:16:50]   [10405 d0*] http://amasci.com/faq.html  (5446 OK, 46 queued)
[2026-03-05 17:16:52]   [10410 d0*] http://amasci.com/emotor/emot1.html  (5451 OK, 44 queued)
[2026-03-05 17:16:52]     +4 links (10458 total known)
[2026-03-05 17:16:55]   [10415 d0*] http://amasci.com/freenrg/antigrav.html  (5455 OK, 43 queued)
[2026-03-05 17:16:58]   [10420] 5459 OK, 4961 failed, 39 queued
[2026-03-05 17:16:58]     last fail: http://amasci.com/coolinks.html
[2026-03-05 17:17:00]   [10425 d0*] http://amasci.com/we-nerds.html  (5464 OK, 35 queued)
[2026-03-05 17:17:03]   [10430 d0*] http://amasci.com/miscon/miscon.html  (5468 OK, 32 queued)
[2026-03-05 17:17:15]   [10440] 5470 OK, 4970 failed, 47 queued
[2026-03-05 17:17:15]     last fail: http://amasci.com/stats/v_bill.cgi?a=62352461&p=missing
[2026-03-05 17:17:28]   [10455 d0*] http://amasci.com/stats/idbypag2.html  (5472 OK, 32 queued)
[2026-03-05 17:17:33]   [10460] 5473 OK, 4987 failed, 32 queued
[2026-03-05 17:17:33]     last fail: http://amasci.com/stats/arbypag2_files/editdata.mso
[2026-03-05 17:17:38]   [10470 d0*] http://amasci.com/emotor/dulcu.html  (5481 OK, 29 queued)
[2026-03-05 17:17:41]   [10475 d0*] http://amasci.com/emotor/statelec.html  (5486 OK, 24 queued)
[2026-03-05 17:17:44]   [10480 d0*] http://amasci.com/freenrg/fnrg.html  (5491 OK, 20 queued)
[2026-03-05 17:17:44]     +4 links (10504 total known)
[2026-03-05 17:17:46]   [10485 d0*] http://amasci.com/unew.html  (5496 OK, 19 queued)
[2026-03-05 17:17:49]   [10490 d0*] http://amasci.com/amateur/irgoggA.html  (5499 OK, 18 queued)
[2026-03-05 17:17:49]     +11 links (10519 total known)
[2026-03-05 17:17:52]   [10495 d0*] http://amasci.com/graphics/infrared/cmps1IR.jpeg  (5504 OK, 24 queued)
[2026-03-05 17:17:54]   [10500 d0*] http://amasci.com/graphics/infrared/shrtaVIS.jpeg  (5509 OK, 19 queued)
[2026-03-05 17:17:57]   [10505 d0*] http://amasci.com/heat.txt  (5514 OK, 16 queued)
[2026-03-05 17:18:00]   [10510 d0*] http://amasci.com/static/e-disease.html  (5518 OK, 12 queued)
[2026-03-05 17:18:00]     +1 links (10523 total known)
[2026-03-05 17:18:03]   [10515 d0*] http://amasci.com/graphics/nmchcyl1.gif  (5523 OK, 21 queued)
[2026-03-05 17:18:05]   [10520 d0*] http://amasci.com/freenrg/N_MACH3.GIF  (5527 OK, 16 queued)
[2026-03-05 17:18:08]   [10525 d0*] http://amasci.com/freenrg/NMACH5.GIF  (5532 OK, 11 queued)
[2026-03-05 17:18:11]   [10530 d0*] http://amasci.com/amform  (5536 OK, 9 queued)
[2026-03-05 17:18:13]   [10535 d0*] http://amasci.com/amateur/projs.txt  (5541 OK, 9 queued)
[2026-03-05 17:18:16]   [10540 d0*] http://amasci.com/neodemo.html  (5546 OK, 4 queued)
[2026-03-05 17:18:16]     +1 links (10545 total known)
[2026-03-05 17:18:19]   [10545 d0*] http://amasci.com/supliers.html  (5549 OK, 2 queued)
[2026-03-05 17:18:22]   [10550 d0*] http://amasci.com/graphics/wcamsm.gif  (5554 OK, 4 queued)
[2026-03-05 17:18:24] WordPress PDF extraction: found 126 PDF(s)
[2026-03-05 17:18:38]   PDF OK: rausch.pdf
[2026-03-05 17:19:40]   PDF OK: photon_what_is_a.pdf
[2026-03-05 17:19:42]   PDF OK: JosephsonBpathologic.pdf
[2026-03-05 17:27:31]   PDF OK: CAP-LG.pdf
[2026-03-05 17:27:39]   PDF OK: Radio-Craft-RE-1949-May.pdf
[2026-03-05 17:28:51]   PDF OK: frontends.pdf
[2026-03-05 17:28:59]   PDF OK: biog.pdf
[2026-03-05 17:30:21]   PDF OK: Electrostaticmotorsjefimenko.pdf
[2026-03-05 17:31:06]   PDF OK: lbt.pdf
[2026-03-05 17:31:14]   PDF OK: article2.pdf
[2026-03-05 17:31:41]   PDF OK: teslarec.pdf
[2026-03-05 17:31:42]   PDF OK: Kowsky-Frost.pdf
[2026-03-05 17:31:44]   PDF OK: muse117.pdf
[2026-03-05 17:31:45]   PDF OK: muse121.pdf
[2026-03-05 17:32:00]   PDF OK: Orig_maxwell_equations.pdf
[2026-03-05 17:32:00]   PDF OK: chapman.pdf
[2026-03-05 17:32:01]   PDF OK: helical6.pdf
[2026-03-05 17:32:02]   PDF OK: shipov.pdf
[2026-03-05 17:32:09]   PDF OK: 0305098v1.pdf
[2026-03-05 17:32:10]   PDF OK: Vaccine-surveillance-report-week-9.pdf
[2026-03-05 17:32:11]   PDF OK: vaccine-surveillance-report-week-10.pdf
[2026-03-05 17:32:12]   PDF OK: Electromagnetic_Z-Pinch.pdf
[2026-03-05 17:32:25]   PDF OK: H14-3.pdf
[2026-03-05 17:32:28]   PDF OK: RothwellJcoldfusiona.pdf
[2026-03-05 17:32:29]   PDF OK: circuit.pdf
[2026-03-05 17:32:30]   PDF OK: AJP-SurfaceCharge.pdf
[2026-03-05 17:32:34]   PDF OK: Tesla.pdf
[2026-03-05 17:32:35]   PDF OK: nature03.pdf
[2026-03-05 17:32:36]   PDF OK: Puthoff.pdf
[2026-03-05 17:32:46]   PDF OK: Index-Popular-Electronics-1954-2003.pdf
[2026-03-05 17:32:47]   PDF OK: The-Experimenter-1925-02.pdf
[2026-03-05 17:32:48]   PDF OK: SI-1928-06.pdf 
[2026-03-05 17:32:51]   PDF OK: The-COVID-19-Inoculations-More-Harm-Than-Good-REV-Dec-16-2021.pdf
[2026-03-05 17:33:06]   PDF OK: StringhamRwhenbubble.pdf
[2026-03-05 17:33:29]   PDFs: 34 downloaded, 2 cached, 90 failed
[2026-03-05 17:33:29]   Missing PDFs list: /Users/esaruoho/work/merlib-mirror/sites/amasci.com/_missing_pdfs.txt
[2026-03-05 17:33:29] Generating index...
[2026-03-05 17:33:29] Index: 1550 files
[2026-03-05 17:33:29]   .html: 721
[2026-03-05 17:33:29]   .gif: 298
[2026-03-05 17:33:29]   .jpg: 237
[2026-03-05 17:33:29]   .txt: 181
[2026-03-05 17:33:29]   .pdf: 35
[2026-03-05 17:33:29]   .doc: 14
[2026-03-05 17:33:29]   .css: 12
[2026-03-05 17:33:29]   .jpeg: 12
[2026-03-05 17:33:29]   .htm: 7
[2026-03-05 17:33:29]   .html : 7
[2026-03-05 17:33:29]   .mpg: 5
[2026-03-05 17:33:29]   .html_: 3
[2026-03-05 17:33:29]   .mp3: 2
[2026-03-05 17:33:29]   .gif_: 2
[2026-03-05 17:33:29]   .wav: 2
[2026-03-05 17:33:29] 
============================================================
[2026-03-05 17:33:29] LIVE MIRROR COMPLETE
[2026-03-05 17:33:29] Downloaded: 10554, OK: 5558, Failed: 4996
[2026-03-05 17:33:29] Total URLs seen: 10554
[2026-03-05 17:33:29] ============================================================
[2026-03-05 17:33:29] 
Next step: fe-ingest.sh /Users/esaruoho/work/merlib-mirror/sites/amasci.com
[2026-08-03 19:32:03] ============================================================
[2026-08-03 19:32:03] LIVE MIRROR: amasci.com
[2026-08-03 19:32:03] Seed: http://amasci.com/
[2026-08-03 19:32:03] Seed path: /
[2026-08-03 19:32:03] Max link depth: 5
[2026-08-03 19:32:03] Output: /Users/esaruoho/work/merlib-mirror/sites/amasci.com
[2026-08-03 19:32:03] ============================================================
[2026-08-03 19:32:03] Loaded 1384 seed URLs
[2026-08-03 19:32:03] Crawling / (download-as-you-go)...
[2026-08-03 19:32:05]   [1 d0*] http://amasci.com/blog.html  (1 OK, 1383 queued)
[2026-08-03 19:32:05]     +4 links (1388 total known)
[2026-08-03 19:32:07]   [4 d0*] http://amasci.com/2004/11/test.html  (2 OK, 1384 queued)
[2026-08-03 19:32:07]     +1 links (1389 total known)
[2026-08-03 19:32:09]   [6 d0*] http://amasci.com/2004/11/test_28.html  (3 OK, 1383 queued)
[2026-08-03 19:32:10]   [7 d0*] http://amasci.com/tesla/teslafaq.html  (4 OK, 1382 queued)
[2026-08-03 19:32:10]   [8 d0*] http://www.amasci.com/miscon/physl.html  (5 OK, 1381 queued)
[2026-08-03 19:32:10]     +1 links (1390 total known)
[2026-08-03 19:32:11]   [9 d0*] http://www.amasci.com/scilists.html  (6 OK, 1381 queued)
[2026-08-03 19:32:11]     +6 links (1396 total known)
[2026-08-03 19:32:11]   [10 d0*] http://www.amasci.com/wing/wphysl.txt  (7 OK, 1386 queued)
[2026-08-03 19:32:14]   [15 d0*] http://www.amasci.com/weird/rightman.html  (12 OK, 1386 queued)
[2026-08-03 19:32:16]   [20 d0*] http://www.amasci.com/maglev/lev/proto.jpg  (17 OK, 1422 queued)
[2026-08-03 19:32:19]   [25 d0*] http://www.amasci.com/maglev/lev/fig12.gif  (22 OK, 1417 queued)
[2026-08-03 19:32:21]   [30 d0*] http://www.amasci.com/maglev/lev/kid3.jpg  (27 OK, 1412 queued)
[2026-08-03 19:32:24]   [35 d0*] http://www.amasci.com/maglev/lev/chieffo.gif  (32 OK, 1407 queued)
[2026-08-03 19:32:26]   [40 d0*] http://www.amasci.com/maglev/lev/billfax.gif  (37 OK, 1402 queued)
[2026-08-03 19:32:29]   [45 d0*] http://www.amasci.com/maglev/lev/exhibit1.txt  (42 OK, 1397 queued)
[2026-08-03 19:32:31]   [50 d0*] http://www.amasci.com/maglev/lev/fig6b.gif  (47 OK, 1393 queued)
[2026-08-03 19:32:34]   [55 d0*] http://amasci.com/maglev/lev/letters2.html  (52 OK, 1389 queued)
[2026-08-03 19:32:36]   [60 d0*] http://amasci.com/maglev/lev/exhibit12.txt  (57 OK, 1420 queued)
[2026-08-03 19:32:39]   [65 d0*] http://amasci.com/maglev/lev/roy.jpg  (62 OK, 1415 queued)
[2026-08-03 19:32:41]   [70 d0*] http://amasci.com/maglev/lev/10f.gif  (67 OK, 1411 queued)
[2026-08-03 19:32:44]   [75 d0*] http://amasci.com/maglev/lev/exhibit5.txt  (72 OK, 1406 queued)
[2026-08-03 19:32:46]   [80 d0*] http://amasci.com/maglev/lev/fig10.gif  (77 OK, 1401 queued)
[2026-08-03 19:32:49]   [85 d0*] http://amasci.com/maglev/lev/exhibit11.txt  (82 OK, 1396 queued)
[2026-08-03 19:32:51]   [90 d0*] http://amasci.com/maglev/lev/fig5.gif  (87 OK, 1391 queued)
[2026-08-03 19:32:54]   [95 d0*] http://www.amasci.com/maglev/lev/hand00.gif  (92 OK, 1388 queued)
[2026-08-03 19:32:56]   [100 d0*] http://www.amasci.com/museum.html  (97 OK, 1383 queued)
[2026-08-03 19:32:56]     +2 links (1485 total known)
[2026-08-03 19:33:08]   [115 d0*] http://www.amasci.com/graphics/abc.gif  (99 OK, 1382 queued)
[2026-08-03 19:33:11]   [120 d0*] http://amasci.com/hum/lofst1.txt  (102 OK, 1377 queued)
[2026-08-03 19:33:14]   [125 d0*] http://www.amasci.com/graphics/bucky3.gif  (107 OK, 1389 queued)
[2026-08-03 19:33:16]   [130 d0*] http://www.amasci.com/me.tml  (112 OK, 1388 queued)
[2026-08-03 19:33:19]   [135 d0*] http://www.amasci.com/amateur/balloon.txt  (117 OK, 1430 queued)
[2026-08-03 19:33:22]   [140] 119 OK, 21 failed, 1442 queued
[2026-08-03 19:33:22]     last fail: http://www.amasci.com/sc/amazon.txt
[2026-08-03 19:33:25]   [145 d0*] http://www.amasci.com/elect/elefaq.html  (124 OK, 1439 queued)
[2026-08-03 19:33:28]   [150 d0*] http://amasci.com/miscon/feynjudg.html  (129 OK, 1448 queued)
[2026-08-03 19:33:28]     +1 links (1599 total known)
[2026-08-03 19:33:30]   [155 d0*] http://www.amasci.com/graphics/vertstr7.gif  (134 OK, 1450 queued)
[2026-08-03 19:33:33]   [160] 138 OK, 22 failed, 1455 queued
[2026-08-03 19:33:33]     last fail: http://www.amasci.com/~billb/cgi-bin/miscon/guestbok.html
[2026-08-03 19:33:35]   [165 d0*] http://www.amasci.com/weird/wfort.html  (143 OK, 1491 queued)
[2026-08-03 19:33:38]   [170 d0*] http://www.amasci.com/weird/Martin_letter.html  (148 OK, 1488 queued)
[2026-08-03 19:33:43]   [180 d0*] http://www.amasci.com/graphics/skep.gif  (157 OK, 1481 queued)
[2026-08-03 19:33:46]   [185 d0*] http://www.amasci.com/tesla/ballexst.html  (162 OK, 1476 queued)
[2026-08-03 19:33:48]   [190 d0*] http://www.amasci.com/weird/vindac.html  (167 OK, 1472 queued)
[2026-08-03 19:33:48]     +1 links (1663 total known)
[2026-08-03 19:33:51]   [195 d0*] http://www.amasci.com/pathsk2.html  (171 OK, 1469 queued)
[2026-08-03 19:33:54]   [200 d0*] http://www.amasci.com/freenrg/index.html  (175 OK, 1466 queued)
[2026-08-03 19:33:57]   [205 d0*] http://www.amasci.com/weird/worg.html  (179 OK, 1462 queued)
[2026-08-03 19:33:59]   [210 d0*] http://www.amasci.com/temp.css  (184 OK, 1461 queued)
[2026-08-03 19:34:02]   [215 d0*] http://www.amasci.com/weird/wener.html  (189 OK, 1465 queued)
[2026-08-03 19:34:04]   [220 d0*] http://amasci.com/freenrg/phslmag.html  (194 OK, 1464 queued)
[2026-08-03 19:34:07]   [225 d0*] http://www.amasci.com/freenrg/bead.html  (199 OK, 1459 queued)
[2026-08-03 19:34:10]   [230 d0*] http://amasci.com/emotor/scanm1.gif  (203 OK, 1455 queued)
[2026-08-03 19:34:13]   [235 d0*] http://www.amasci.com/amateur/transis.html  (207 OK, 1453 queued)
[2026-08-03 19:34:15]   [240 d0*] http://www.amasci.com/graphics/wtrcap3.gif  (211 OK, 1456 queued)
[2026-08-03 19:34:18]   [245 d0*] http://www.amasci.com/weird/wseeing.html  (215 OK, 1452 queued)
[2026-08-03 19:34:21]   [250 d0*] http://www.amasci.com/miscon/curstat2.html  (220 OK, 1453 queued)
[2026-08-03 19:34:21]     +2 links (1705 total known)
[2026-08-03 19:34:23]   [255 d0*] http://www.amasci.com/miscon/books.html  (225 OK, 1451 queued)
[2026-08-03 19:34:26]   [260 d0*] http://www.amasci.com/elect/charg1.html  (230 OK, 1447 queued)
[2026-08-03 19:34:28]   [265 d0*] http://www.amasci.com/emotor/voltmeas.html  (235 OK, 1446 queued)
[2026-08-03 19:34:41]   [280] 239 OK, 41 failed, 1452 queued
[2026-08-03 19:34:41]     last fail: http://www.amasci.com/emotor/unew.html
[2026-08-03 19:34:50]   [295 d0*] http://www.amasci.com/static/electrostatics2.html  (249 OK, 1459 queued)
[2026-08-03 19:34:52]   [300 d0*] http://www.amasci.com/emotor/nanoamp.html  (254 OK, 1455 queued)
[2026-08-03 19:34:55]   [305 d0*] http://www.amasci.com/ele-projs.html  (259 OK, 1457 queued)
[2026-08-03 19:34:58]   [310 d0*] http://www.amasci.com/emotor/vdgplan.html  (263 OK, 1460 queued)
[2026-08-03 19:34:58]     +1 links (1771 total known)
[2026-08-03 19:35:00]   [315 d0*] http://www.amasci.com/freenrg/mfig4.gif  (268 OK, 1478 queued)
[2026-08-03 19:35:03]   [320 d0*] http://www.amasci.com/graphics/books/raford.jpg  (273 OK, 1473 queued)
[2026-08-03 19:35:05]   [325 d0*] http://www.amasci.com/amateur/sundog.html  (278 OK, 1468 queued)
[2026-08-03 19:35:12]   [335 d0*] http://www.amasci.com/graphics/superball.gif  (284 OK, 1497 queued)
[2026-08-03 19:35:15]   [340 d0*] http://amasci.com/anime/3.html  (288 OK, 1498 queued)
[2026-08-03 19:35:17]   [345 d0*] http://amasci.com/anime/1.html  (293 OK, 1494 queued)
[2026-08-03 19:35:20]   [350 d0*] http://www.amasci.com/anime/3.html  (297 OK, 1490 queued)
[2026-08-03 19:35:22]   [355 d0*] http://amasci.com/physvids/19.html  (302 OK, 1504 queued)
[2026-08-03 19:35:25]   [360 d0*] http://amasci.com/physvids/11.html  (307 OK, 1500 queued)
[2026-08-03 19:35:27]   [365 d0*] http://amasci.com/physvids/5.html  (312 OK, 1496 queued)
[2026-08-03 19:35:30]   [370 d0*] http://amasci.com/physvids/3.html  (317 OK, 1491 queued)
[2026-08-03 19:35:33]   [375 d0*] http://www.amasci.com/physvids/10.html  (322 OK, 1487 queued)
[2026-08-03 19:35:35]   [380] 326 OK, 54 failed, 1485 queued
[2026-08-03 19:35:35]     last fail: http://www.amasci.com/amateur/physvids/17.html
[2026-08-03 19:35:38]   [385 d0*] http://www.amasci.com/physvids/2.html  (331 OK, 1481 queued)
[2026-08-03 19:35:40]   [390 d0*] http://www.amasci.com/physvids/8.html  (336 OK, 1476 queued)
[2026-08-03 19:35:43]   [395 d0*] http://www.amasci.com/physvids/14.html  (341 OK, 1471 queued)
[2026-08-03 19:35:45]   [400 d0*] http://www.amasci.com/emotor/roller.txt  (346 OK, 1467 queued)
[2026-08-03 19:35:48]   [405 d0*] http://www.amasci.com/emotor/hints.txt  (351 OK, 1463 queued)
[2026-08-03 19:35:53]   [415 d0*] http://www.amasci.com/weird/microwvave/voltage2.html  (360 OK, 1466 queued)
[2026-08-03 19:35:57]   [420] 363 OK, 57 failed, 1464 queued
[2026-08-03 19:35:57]     last fail: http://www.amasci.com/weird/microwave/amateur/videos.html
[2026-08-03 19:35:59]   [425 d0*] http://www.amasci.com/art/  (367 OK, 1465 queued)
[2026-08-03 19:36:02]   [430 d0*] http://www.amasci.com/art/dork07/dorkopen.jpg  (372 OK, 1477 queued)
[2026-08-03 19:36:04]   [435 d0*] http://www.amasci.com/art/dork07/faradic3.gif  (377 OK, 1478 queued)
[2026-08-03 19:36:07]   [440 d0*] http://www.amasci.com/art/pondmach/  (381 OK, 1477 queued)
[2026-08-03 19:36:10]   [445 d0*] http://www.amasci.com/art/pondmach/pond3.html  (386 OK, 1472 queued)
[2026-08-03 19:36:12]   [450 d0*] http://amasci.com/art/pondmach/DarkAsm.jpg  (391 OK, 1473 queued)
[2026-08-03 19:36:15]   [455 d0*] http://www.amasci.com/graphics/pndanim3.gif  (396 OK, 1474 queued)
[2026-08-03 19:36:17]   [460 d0*] http://www.amasci.com/art/ideas/buttons.html  (401 OK, 1469 queued)
[2026-08-03 19:36:17]     +2 links (1931 total known)
[2026-08-03 19:36:23]   [470 d0*] http://www.amasci.com/tesla/biog.txt  (409 OK, 1514 queued)
[2026-08-03 19:36:26]   [475 d0*] http://www.amasci.com/weird/wbookstr.html  (414 OK, 1510 queued)
[2026-08-03 19:36:28]   [480 d0*] http://www.amasci.com/tesla/toroid2.txt  (419 OK, 1513 queued)
[2026-08-03 19:36:31]   [485 d0*] http://www.amasci.com/tesla/tc2.txt  (424 OK, 1508 queued)
[2026-08-03 19:36:33]   [490 d0*] http://www.amasci.com/amateur/belljar.html  (429 OK, 1504 queued)
[2026-08-03 19:36:33]     +5 links (1999 total known)
[2026-08-03 19:36:36]   [495 d0*] http://www.amasci.com/amateur/blljar4.txt  (434 OK, 1504 queued)
[2026-08-03 19:36:38]   [500 d0*] http://www.amasci.com/hole.html  (439 OK, 1534 queued)
[2026-08-03 19:36:41]   [505 d0*] http://www.amasci.com/amateur/life.txt  (444 OK, 1529 queued)
[2026-08-03 19:36:43]   [510 d0*] http://www.amasci.com/freenrg/prometh.html  (449 OK, 1526 queued)
[2026-08-03 19:36:46]   [515 d0*] http://www.amasci.com/weird/humanIR.html  (454 OK, 1522 queued)
[2026-08-03 19:36:48]   [520 d0*] http://www.amasci.com/freenrg/secret.html  (459 OK, 1520 queued)
[2026-08-03 19:36:54]   [530 d0*] http://amasci.com/tesla/sutton.html  (468 OK, 1519 queued)
[2026-08-03 19:36:54]     +1 links (2050 total known)
[2026-08-03 19:36:57]   [535 d0*] http://www.amasci.com/freenrg/plasmafe.txt  (472 OK, 1516 queued)
[2026-08-03 19:36:59]   [540 d0*] http://www.amasci.com/weird/unusual/screwy.txt  (477 OK, 1519 queued)
[2026-08-03 19:37:08]   [555 d0*] http://www.amasci.com/weird/unusual/hhh.html  (484 OK, 1514 queued)
[2026-08-03 19:37:11]   [560 d0*] http://www.amasci.com/tesla/tescv2.html  (489 OK, 1509 queued)
[2026-08-03 19:37:26]   [580 d0*] http://www.amasci.com/freenrg/h2oblast.html  (494 OK, 1506 queued)
[2026-08-03 19:37:29]   [585 d0*] http://www.amasci.com/freenrg/bioholo.html  (498 OK, 1502 queued)
[2026-08-03 19:37:31]   [590 d0*] http://www.amasci.com/freenrg/h2odet.html  (503 OK, 1501 queued)
[2026-08-03 19:37:34]   [595 d0*] http://www.amasci.com/tesla/sstesla2.gif  (508 OK, 1498 queued)
[2026-08-03 19:37:36]   [600 d0*] http://www.amasci.com/tesla/earplas.html  (513 OK, 1494 queued)
[2026-08-03 19:37:39]   [605 d0*] http://www.amasci.com/tesla/toroid1.txt  (518 OK, 1490 queued)
[2026-08-03 19:37:41]   [610 d0*] http://www.amasci.com/tesla/reson2.gif  (523 OK, 1488 queued)
[2026-08-03 19:37:44]   [615 d0*] http://www.amasci.com/tesla/teslabad.html  (528 OK, 1484 queued)
[2026-08-03 19:37:47]   [620 d0*] http://www.amasci.com/graphics/tcoil6.gif  (532 OK, 1488 queued)
[2026-08-03 19:37:49]   [625 d0*] http://www.amasci.com/graphics/tcoil2.gif  (537 OK, 1483 queued)
[2026-08-03 19:37:52]   [630 d0*] http://www.amasci.com/tesla/cap.txt  (542 OK, 1478 queued)
[2026-08-03 19:37:54]   [635 d0*] http://www.amasci.com/tesla/cap4.txt  (547 OK, 1474 queued)
[2026-08-03 19:37:57]   [640 d0*] http://www.amasci.com/tesla/TESLA.html  (552 OK, 1470 queued)
[2026-08-03 19:37:57]     +1 links (2111 total known)
[2026-08-03 19:38:00]   [645 d0*] http://www.amasci.com/amateur/lenses.html  (556 OK, 1472 queued)
[2026-08-03 19:38:03]   [650 d0*] http://www.amasci.com/freenrg/fejnls.html  (559 OK, 1468 queued)
[2026-08-03 19:38:03]     +3 links (2121 total known)
[2026-08-03 19:38:05]   [655 d0*] http://www.amasci.com/art/pondmach/pndthb.jpg  (564 OK, 1466 queued)
[2026-08-03 19:38:08]   [660 d0*] http://www.amasci.com/graphics/leefltrb.gif  (569 OK, 1468 queued)
[2026-08-03 19:38:10]   [665 d0*] http://www.amasci.com/graphics/infrared/cmps1VIS.jpeg  (574 OK, 1474 queued)
[2026-08-03 19:38:13]   [670 d0*] http://www.amasci.com/graphics/infrared/cmps2IR.jpeg  (579 OK, 1469 queued)
[2026-08-03 19:38:16]   [675 d0*] http://www.amasci.com/soap/index.html  (584 OK, 1464 queued)
[2026-08-03 19:38:19]   [680 d0*] http://www.amasci.com/graphics/books/scisoap.jpg  (585 OK, 1463 queued)
[2026-08-03 19:38:22]   [685 d0*] http://www.amasci.com/freenrg/seapts.html"  (590 OK, 1469 queued)
[2026-08-03 19:38:24]   [690 d0*] http://www.amasci.com/graphics/gogg2.jpg  (595 OK, 1467 queued)
[2026-08-03 19:38:27]   [695 d0*] http://www.amasci.com/freenrg/oldmeet.html  (600 OK, 1462 queued)
[2026-08-03 19:38:29]   [700 d0*] http://www.amasci.com/amateur/capexpt.html  (605 OK, 1457 queued)
[2026-08-03 19:38:29]     +4 links (2161 total known)
[2026-08-03 19:38:32]   [705 d0*] http://www.amasci.com/amateur/steril.txt  (609 OK, 1457 queued)
[2026-08-03 19:38:35]   [710 d0*] http://www.amasci.com/emotor/stathint.html  (614 OK, 1452 queued)
[2026-08-03 19:38:41]   [720 d0*] http://www.amasci.com/amateur/whygnd.html  (619 OK, 1445 queued)
[2026-08-03 19:38:41]     +1 links (2166 total known)
[2026-08-03 19:38:44]   [725 d0*] http://www.amasci.com/elect/poynt/fig7.gif  (623 OK, 1457 queued)
[2026-08-03 19:38:47]   [730 d0*] http://www.amasci.com/elect/poynt/figa.gif  (628 OK, 1452 queued)
[2026-08-03 19:40:11] ============================================================
[2026-08-03 19:40:11] LIVE MIRROR: amasci.com
[2026-08-03 19:40:11] Seed: http://amasci.com/
[2026-08-03 19:40:11] Seed path: /
[2026-08-03 19:40:11] Max link depth: 5
[2026-08-03 19:40:11] Output: /Users/esaruoho/work/merlib-mirror/sites/amasci.com
[2026-08-03 19:40:11] ============================================================
[2026-08-03 19:40:11] Loaded 1384 seed URLs
[2026-08-03 19:40:11] Crawling / (download-as-you-go)...
[2026-08-03 19:40:11] Seed queue: 1384 explicit seed(s) drain before discoveries
[2026-08-03 19:40:11]   [1 d0*] http://amasci.com  (1 OK, 0 queued)
[2026-08-03 19:40:11]   [2 d0*] http://amasci.com/  (2 OK, 0 queued)
[2026-08-03 19:40:12]   [4 d0*] http://amasci.com/X-MASS.html  (3 OK, 0 queued)
[2026-08-03 19:40:12]     +2 links (1386 total known)
[2026-08-03 19:40:14]   [6 d0*] http://amasci.com/ads.html  (4 OK, 2 queued)
[2026-08-03 19:40:15]   [8 d0*] http://amasci.com/amasci.html  (5 OK, 2 queued)
[2026-08-03 19:40:15]     +6 links (1392 total known)
[2026-08-03 19:40:16]   [9 d0*] http://amasci.com/amasotw.html  (6 OK, 8 queued)
[2026-08-03 19:40:19] STOPPING: --max-pages 12 reached. 1379 URL(s) left unvisited — this crawl is NOT complete.
[2026-08-03 19:40:19] WordPress PDF extraction: found 126 PDF(s)
[2026-08-03 19:42:09] ============================================================
[2026-08-03 19:42:09] LIVE MIRROR: amasci.com
[2026-08-03 19:42:09] Seed: http://amasci.com/
[2026-08-03 19:42:09] Seed path: /
[2026-08-03 19:42:09] Max link depth: 5
[2026-08-03 19:42:09] Output: /Users/esaruoho/work/merlib-mirror/sites/amasci.com
[2026-08-03 19:42:09] ============================================================
[2026-08-03 19:42:09] Loaded 1384 seed URLs
[2026-08-03 19:42:09] Crawling / (download-as-you-go)...
[2026-08-03 19:42:09] Seed queue: 1384 explicit seed(s) drain before discoveries
[2026-08-03 19:42:09]   [1 d0*] http://amasci.com  (1 OK, 0 queued)
[2026-08-03 19:42:10]   [2 d0*] http://amasci.com/  (2 OK, 0 queued)
[2026-08-03 19:42:11]   [4 d0*] http://amasci.com/X-MASS.html  (3 OK, 0 queued)
[2026-08-03 19:42:11]     +2 links (1386 total known)
[2026-08-03 19:42:12]   [6 d0*] http://amasci.com/ads.html  (4 OK, 2 queued)
[2026-08-03 19:42:14]   [8 d0*] http://amasci.com/amasci.html  (5 OK, 2 queued)
[2026-08-03 19:42:14]     +6 links (1392 total known)
[2026-08-03 19:42:14]   [9 d0*] http://amasci.com/amasotw.html  (6 OK, 8 queued)
[2026-08-03 19:42:19]   [15 d0*] http://amasci.com/amateur/ambooks.html  (8 OK, 8 queued)
[2026-08-03 19:42:22]   [20 d0*] http://amasci.com/amateur/anime.html  (12 OK, 13 queued)
[2026-08-03 19:42:25]   [25 d0*] http://amasci.com/amateur/balloon.html  (16 OK, 31 queued)
[2026-08-03 19:42:28]   [30 d0*] http://amasci.com/amateur/beads_list.html  (21 OK, 33 queued)
[2026-08-03 19:42:31]   [35 d0*] http://amasci.com/amateur/blljar1.txt  (26 OK, 33 queued)
[2026-08-03 19:42:34]   [40 d0*] http://amasci.com/amateur/bloblamp.html  (31 OK, 33 queued)
[2026-08-03 19:42:34]     +1 links (1418 total known)
[2026-08-03 19:42:37]   [45 d0*] http://amasci.com/amateur/clouds.html  (35 OK, 36 queued)
[2026-08-03 19:42:39]   [50 d0*] http://amasci.com/amateur/coolsci.html  (40 OK, 40 queued)
[2026-08-03 19:42:39]     +1 links (1425 total known)
[2026-08-03 19:42:46]   [60 d0*] http://amasci.com/amateur/gauge_tubes.html  (48 OK, 49 queued)
[2026-08-03 19:42:52]   [70 d0*] http://amasci.com/amateur/hand1.html  (54 OK, 50 queued)
[2026-08-03 19:42:52]     +12 links (1446 total known)
[2026-08-03 19:42:55]   [75 d0*] http://amasci.com/amateur/holocc.html  (59 OK, 70 queued)
[2026-08-03 19:42:58]   [80 d0*] http://amasci.com/amateur/irgogg2.html  (64 OK, 77 queued)
[2026-08-03 19:42:58]     +6 links (1467 total known)
[2026-08-03 19:43:00]   [85 d0*] http://amasci.com/amateur/lasqueal.html  (68 OK, 97 queued)
[2026-08-03 19:43:03]   [90 d0*] http://amasci.com/amateur/magnerite.html  (73 OK, 97 queued)
[2026-08-03 19:43:09]   [100 d0*] http://amasci.com/amateur/nerdsmax.html  (79 OK, 103 queued)
[2026-08-03 19:43:12]   [105 d0*] http://amasci.com/amateur/physvids.html  (84 OK, 103 queued)
[2026-08-03 19:43:15]   [110 d0*] http://amasci.com/amateur/pykrete.html  (88 OK, 125 queued)
[2026-08-03 19:43:18]   [115 d0*] http://amasci.com/amateur/sciam1.html  (92 OK, 127 queued)
[2026-08-03 19:43:21]   [120 d0*] http://amasci.com/amateur/screet.html  (96 OK, 129 queued)
[2026-08-03 19:43:31]   [135 d0*] http://amasci.com/amateur/traffic/jamail.txt  (108 OK, 152 queued)
[2026-08-03 19:43:34]   [140 d0*] http://amasci.com/amateur/traffic/tanim.html  (111 OK, 152 queued)
[2026-08-03 19:43:37]   [145 d0*] http://amasci.com/amateur/traffic/traffic1.html  (116 OK, 165 queued)
[2026-08-03 19:43:39]   [150 d0*] http://amasci.com/amateur/transis.html  (121 OK, 165 queued)
[2026-08-03 19:43:43]   [155 d0*] http://amasci.com/amateur/videos.html  (126 OK, 165 queued)
[2026-08-03 19:43:46]   [160] 130 OK, 30 failed, 215 queued
[2026-08-03 19:43:46]     last fail: http://amasci.com/amateur/we-nerds.html
[2026-08-03 19:43:55]   [175 d0*] http://amasci.com/art/dork07/phos_IR.html  (141 OK, 221 queued)
[2026-08-03 19:43:58]   [180 d0*] http://amasci.com/art/ideas/index.html  (146 OK, 226 queued)
[2026-08-03 19:43:58]     +1 links (1611 total known)
[2026-08-03 19:44:01]   [185 d0*] http://amasci.com/art/pondmach/msgs2.txt  (150 OK, 227 queued)
[2026-08-03 19:44:03]   [190 d0*] http://amasci.com/art/pondmach/pond3_1.html  (155 OK, 237 queued)
[2026-08-03 19:44:03]     +5 links (1626 total known)
[2026-08-03 19:44:06]   [195 d0*] http://amasci.com/blog.html  (159 OK, 256 queued)
[2026-08-03 19:44:09]   [200 d0*] http://amasci.com/brainx/  (163 OK, 260 queued)
[2026-08-03 19:44:12]   [205 d0*] http://amasci.com/caps/capnotes.txt  (167 OK, 262 queued)
[2026-08-03 19:44:15]   [210 d0*] http://amasci.com/caps/index.html  (172 OK, 278 queued)
[2026-08-03 19:44:18]   [215 d0*] http://amasci.com/coilgen/generator_3.html  (177 OK, 280 queued)
[2026-08-03 19:44:22]   [220] 179 OK, 41 failed, 281 queued
[2026-08-03 19:44:22]     last fail: http://amasci.com/contributor/1755745
[2026-08-03 19:44:32]   [230 d0*] http://amasci.com/devices.txt  (180 OK, 281 queued)
[2026-08-03 19:44:40]   [240 d0*] http://amasci.com/edu./free_sci.html  (184 OK, 283 queued)
[2026-08-03 19:44:40]     +1 links (1668 total known)
[2026-08-03 19:44:43]   [245 d0*] http://amasci.com/ele-projs.html  (188 OK, 285 queued)
[2026-08-03 19:44:56]   [260] 192 OK, 68 failed, 287 queued
[2026-08-03 19:44:56]     last fail: http://amasci.com/elect/elect/coilb.gif
[2026-08-03 19:45:04]   [270 d0*] http://amasci.com/elect/mcoils.html  (197 OK, 301 queued)
[2026-08-03 19:45:11]   [280 d0*] http://amasci.com/electrom/e-field2.html  (206 OK, 316 queued)
[2026-08-03 19:45:11]     +3 links (1703 total known)
[2026-08-03 19:45:23]   [295 d0*] http://amasci.com/elehob/elehob1.html  (212 OK, 323 queued)
[2026-08-03 19:45:26]   [300 d0*] http://amasci.com/elehob/elehot.html  (217 OK, 323 queued)
[2026-08-03 19:45:32]   [310 d0*] http://amasci.com/emotor/chargdet.html  (224 OK, 331 queued)
[2026-08-03 19:45:32]     +1 links (1716 total known)
[2026-08-03 19:45:35]   [315 d0*] http://amasci.com/emotor/electoph.html  (228 OK, 333 queued)
[2026-08-03 19:45:38]   [320 d0*] http://amasci.com/emotor/emotor.html  (233 OK, 338 queued)
[2026-08-03 19:45:45]   [330 d0*] http://amasci.com/emotor/fredbru.txt  (237 OK, 348 queued)
[2026-08-03 19:45:47]   [335 d0*] http://amasci.com/emotor/ikelv.html  (242 OK, 349 queued)
[2026-08-03 19:45:53]   [340] 246 OK, 94 failed, 354 queued
[2026-08-03 19:45:53]     last fail: http://amasci.com/emotor/main.css
[2026-08-03 19:45:56]   [345 d0*] http://amasci.com/emotor/negion.html  (250 OK, 354 queued)
[2026-08-03 19:45:59]   [350 d0*] http://amasci.com/emotor/safe.html  (254 OK, 354 queued)
[2026-08-03 19:46:06]   [355 d0*] http://amasci.com/emotor/sphere.html  (258 OK, 357 queued)
[2026-08-03 19:46:09]   [360] 261 OK, 99 failed, 358 queued
[2026-08-03 19:46:09]     last fail: http://amasci.com/emotor/static/electrostatic3.html
[2026-08-03 19:46:13]   [365 d0*] http://amasci.com/emotor/sticky.html  (266 OK, 369 queued)
[2026-08-03 19:46:18]   [375 d0*] http://amasci.com/emotor/vdgbug.html  (274 OK, 372 queued)
[2026-08-03 19:46:21]   [380 d0*] http://amasci.com/emotor/vdgtame.html  (279 OK, 373 queued)
[2026-08-03 19:46:21]     +1 links (1758 total known)
[2026-08-03 19:46:24]   [385 d0*] http://amasci.com/esloud/eslhwto.html  (284 OK, 374 queued)
[2026-08-03 19:46:26]   [390 d0*] http://amasci.com/exhibits/vort.html  (289 OK, 382 queued)
[2026-08-03 19:46:33]   [400 d0*] http://amasci.com/feyntape.html  (298 OK, 391 queued)
[2026-08-03 19:46:37]   [405 d0*] http://amasci.com/filmstr/filmstr3.mp3  (303 OK, 393 queued)
[2026-08-03 19:46:45]   [415 d0*] http://amasci.com/freenrg/aerocrit.txt  (312 OK, 395 queued)
[2026-08-03 19:46:47]   [420 d0*] http://amasci.com/freenrg/audpush.txt  (317 OK, 403 queued)
[2026-08-03 19:46:50]   [425 d0*] http://amasci.com/freenrg/bark.html  (322 OK, 403 queued)
[2026-08-03 19:46:53]   [430 d0*] http://amasci.com/freenrg/bindet.html  (327 OK, 411 queued)
[2026-08-03 19:46:56]   [435 d0*] http://amasci.com/freenrg/clbooks.html  (332 OK, 413 queued)
[2026-08-03 19:46:59]   [440 d0*] http://amasci.com/freenrg/dworld.txt  (336 OK, 414 queued)
[2026-08-03 19:47:02]   [445 d0*] http://amasci.com/freenrg/febooks.html  (341 OK, 415 queued)
[2026-08-03 19:47:05]   [450 d0*] http://amasci.com/freenrg/fogal2.txt  (346 OK, 421 queued)
[2026-08-03 19:47:08]   [455 d0*] http://amasci.com/freenrg/gr1.txt  (350 OK, 421 queued)
[2026-08-03 19:47:11]   [460 d0*] http://amasci.com/freenrg/gravbook.txt  (355 OK, 422 queued)
[2026-08-03 19:47:14]   [465 d0*] http://amasci.com/freenrg/gravres.txt  (360 OK, 422 queued)
[2026-08-03 19:47:17]   [470 d0*] http://amasci.com/freenrg/h2odet.html  (365 OK, 422 queued)
[2026-08-03 19:47:17]     +1 links (1807 total known)
[2026-08-03 19:47:19]   [475 d0*] http://amasci.com/freenrg/index.html  (370 OK, 424 queued)
[2026-08-03 19:47:22]   [480 d0*] http://amasci.com/freenrg/laughed.html  (375 OK, 424 queued)
[2026-08-03 19:47:25]   [485 d0*] http://amasci.com/freenrg/magheal.html  (379 OK, 425 queued)
[2026-08-03 19:47:28]   [490 d0*] http://amasci.com/freenrg/magputt.txt  (384 OK, 425 queued)
[2026-08-03 19:47:33]   [495 d0*] http://amasci.com/freenrg/minicom.txt  (389 OK, 433 queued)
[2026-08-03 19:47:36]   [500 d0*] http://amasci.com/freenrg/n-mach.html  (394 OK, 438 queued)
[2026-08-03 19:47:36]     +12 links (1834 total known)
[2026-08-03 19:47:39]   [505 d0*] http://amasci.com/freenrg/nikfall.txt  (399 OK, 450 queued)
[2026-08-03 19:47:42]   [510 d0*] http://amasci.com/freenrg/phslmag.txt  (404 OK, 450 queued)
[2026-08-03 19:47:45]   [515 d0*] http://amasci.com/freenrg/pok.txt  (409 OK, 450 queued)
[2026-08-03 19:47:47]   [520 d0*] http://amasci.com/freenrg/pyrexp1.html  (414 OK, 450 queued)
[2026-08-03 19:47:50]   [525 d0*] http://amasci.com/freenrg/rules1.html  (419 OK, 450 queued)
[2026-08-03 19:47:53]   [530 d0*] http://amasci.com/freenrg/seapts.html  (424 OK, 450 queued)
[2026-08-03 19:47:53]     +1 links (1835 total known)
[2026-08-03 19:47:55]   [535 d0*] http://amasci.com/freenrg/steam1.html  (429 OK, 451 queued)
[2026-08-03 19:47:58]   [540 d0*] http://amasci.com/freenrg/tomidev.txt  (434 OK, 455 queued)
[2026-08-03 19:48:00]   [545 d0*] http://amasci.com/freenrg/tors/drbl.doc  (439 OK, 462 queued)
[2026-08-03 19:48:03]   [550 d0*] http://amasci.com/freenrg/tors/floaters.html  (444 OK, 462 queued)
[2026-08-03 19:48:06]   [555 d0*] http://amasci.com/freenrg/tors/spin1.html  (448 OK, 464 queued)
[2026-08-03 19:48:09]   [560 d0*] http://amasci.com/freenrg/twain.html  (452 OK, 465 queued)
[2026-08-03 19:48:09]     +1 links (1850 total known)
[2026-08-03 19:48:12]   [565 d0*] http://amasci.com/freenrg/wassrmag.html  (457 OK, 466 queued)
[2026-08-03 19:48:22]   [580 d0*] http://amasci.com/graphics/abcb.gif  (465 OK, 466 queued)
[2026-08-03 19:48:24]   [585 d0*] http://amasci.com/graphics/newearth.gif  (470 OK, 466 queued)
[2026-08-03 19:48:27]   [590 d0*] http://amasci.com/graphics/traflow.jpg  (475 OK, 466 queued)
[2026-08-03 19:48:30]   [595 d0*] http://amasci.com/guestbook.html  (480 OK, 504 queued)
[2026-08-03 19:48:32]   [600 d0*] http://amasci.com/home.html  (485 OK, 509 queued)
[2026-08-03 19:48:40]   [610 d0*] http://amasci.com/hum/chco2-19.wav  (491 OK, 511 queued)
[2026-08-03 19:48:47]   [620 d0*] http://amasci.com/hum/humfaq.txt  (496 OK, 516 queued)
[2026-08-03 19:48:50]   [625 d0*] http://amasci.com/hum/info.txt  (501 OK, 518 queued)
[2026-08-03 19:48:53]   [630 d0*] http://amasci.com/hum/newshum2.txt  (506 OK, 518 queued)
[2026-08-03 19:48:56]   [635 d0*] http://amasci.com/hum/torshum.html  (511 OK, 518 queued)
[2026-08-03 19:49:02]   [640 d0*] http://amasci.com/index.html  (515 OK, 518 queued)
[2026-08-03 19:49:09]   [650 d0*] http://amasci.com/junkdec.htm  (522 OK, 526 queued)
[2026-08-03 19:49:17]   [660] 525 OK, 135 failed, 526 queued
[2026-08-03 19:49:17]     last fail: http://amasci.com/links.html
[2026-08-03 19:49:20]   [665 d0*] http://amasci.com/maglev/hall.txt  (529 OK, 527 queued)
[2026-08-03 19:49:23]   [670 d0*] http://amasci.com/maglev/lev/index.html  (534 OK, 563 queued)
[2026-08-03 19:49:26]   [675 d0*] http://amasci.com/maglev/linmot.html  (539 OK, 573 queued)
[2026-08-03 19:49:28]   [680 d0*] http://amasci.com/maglev/train.html  (544 OK, 577 queued)
[2026-08-03 19:49:35]   [690 d0*] http://amasci.com/miscon/curstat.html  (550 OK, 584 queued)
[2026-08-03 19:49:37]   [695 d0*] http://amasci.com/miscon/elect.html  (555 OK, 585 queued)
[2026-08-03 19:49:41]   [700 d0*] http://amasci.com/miscon/ener1.html  (560 OK, 587 queued)
[2026-08-03 19:49:44]   [705 d0*] http://amasci.com/miscon/germ.html  (565 OK, 587 queued)
[2026-08-03 19:49:47]   [710 d0*] http://amasci.com/miscon/k6.txt  (570 OK, 588 queued)
[2026-08-03 19:49:51]   [715 d0*] http://amasci.com/miscon/lenslet.txt  (574 OK, 588 queued)
[2026-08-03 19:49:54]   [720 d0*] http://amasci.com/miscon/miscon.html  (578 OK, 589 queued)
[2026-08-03 19:49:57]   [725 d0*] http://amasci.com/miscon/opphys.html  (583 OK, 594 queued)
[2026-08-03 19:50:00]   [730 d0*] http://amasci.com/miscon/voltage.html  (588 OK, 594 queued)
[2026-08-03 19:50:00]     +2 links (1980 total known)
[2026-08-03 19:50:03]   [735 d0*] http://amasci.com/miscon/whatener.html  (593 OK, 597 queued)
[2026-08-03 19:50:06]   [740 d0*] http://amasci.com/mistake.html  (598 OK, 598 queued)
[2026-08-03 19:50:09]   [745 d0*] http://amasci.com/newname.html  (601 OK, 600 queued)
[2026-08-03 19:50:12]   [750 d0*] http://amasci.com/pathsk2.txt  (604 OK, 628 queued)
[2026-08-03 19:50:19]   [760 d0*] http://amasci.com/rapr.html  (611 OK, 628 queued)
[2026-08-03 19:50:23]   [765 d0*] http://amasci.com/sas.txt  (616 OK, 643 queued)
[2026-08-03 19:50:26]   [770 d0*] http://amasci.com/sc/NSFlogo.gif  (619 OK, 643 queued)
[2026-08-03 19:50:34]   [780 d0*] http://amasci.com/sc/kidfun.html  (621 OK, 643 queued)
[2026-08-03 19:50:34]     +1 links (2028 total known)
[2026-08-03 19:50:37]   [785 d0*] http://amasci.com/sc/kidres1.html  (626 OK, 647 queued)
[2026-08-03 19:50:44]   [795 d0*] http://amasci.com/sc/proj/scifair.html  (632 OK, 647 queued)
[2026-08-03 19:50:47]   [800] 634 OK, 166 failed, 655 queued
[2026-08-03 19:50:47]     last fail: http://amasci.com/sc/teach.html
[2026-08-03 19:50:51]   [805 d0*] http://amasci.com/scied.html  (638 OK, 655 queued)
[2026-08-03 19:50:57]   [815 d0*] http://amasci.com/scifair/bio.html  (641 OK, 657 queued)
[2026-08-03 19:51:00]   [820 d0*] http://amasci.com/scifair/psych.html  (646 OK, 665 queued)
[2026-08-03 19:51:00]     +1 links (2050 total known)
[2026-08-03 19:51:03]   [825 d0*] http://amasci.com/search.html  (651 OK, 666 queued)
[2026-08-03 19:51:14]   [840 d0*] http://amasci.com/static/e-disease.html  (658 OK, 672 queued)
[2026-08-03 19:51:14]     +1 links (2057 total known)
[2026-08-03 19:51:16]   [845 d0*] http://amasci.com/static/fostergen.html  (663 OK, 677 queued)
[2026-08-03 19:51:27]   [860] 670 OK, 190 failed, 717 queued
[2026-08-03 19:51:27]     last fail: http://amasci.com/stats/bookmarks
[2026-08-03 19:51:31]   [865 d0*] http://amasci.com/stats/idbypage.html  (674 OK, 746 queued)
[2026-08-03 19:51:34]   [870 d0*] http://amasci.com/stats/referr.txt  (677 OK, 774 queued)
[2026-08-03 19:51:41]   [880 d0*] http://amasci.com/supress1.html  (683 OK, 775 queued)
[2026-08-03 19:51:44]   [885 d0*] http://amasci.com/surplus/surpls.html  (688 OK, 778 queued)
[2026-08-03 19:51:47]   [890 d0*] http://amasci.com/telsa/tesla.html  (690 OK, 778 queued)
[2026-08-03 19:51:47]     +1 links (2163 total known)
[2026-08-03 19:51:50]   [895 d0*] http://amasci.com/tesla/ballbook.txt  (695 OK, 779 queued)
[2026-08-03 19:51:53]   [900 d0*] http://amasci.com/tesla/ballpprs.html  (700 OK, 780 queued)
[2026-08-03 19:51:56]   [905 d0*] http://amasci.com/tesla/bigball3.html  (705 OK, 780 queued)
[2026-08-03 19:52:00]   [910 d0*] http://amasci.com/tesla/blnews2.txt  (710 OK, 780 queued)
[2026-08-03 19:52:03]   [915 d0*] http://amasci.com/tesla/cap.txt  (715 OK, 780 queued)
[2026-08-03 19:52:06]   [920 d0*] http://amasci.com/tesla/cdzap.txt  (720 OK, 781 queued)
[2026-08-03 19:52:09]   [925 d0*] http://amasci.com/tesla/fieldexe.txt  (725 OK, 783 queued)
[2026-08-03 19:52:11]   [930 d0*] http://amasci.com/tesla/high_voltage3.html  (730 OK, 793 queued)
[2026-08-03 19:52:11]     +7 links (2184 total known)
[2026-08-03 19:52:14]   [935 d0*] http://amasci.com/tesla/lgtjar.txt  (735 OK, 802 queued)
[2026-08-03 19:52:18]   [940 d0*] http://amasci.com/tesla/ozone.txt  (739 OK, 808 queued)
[2026-08-03 19:52:21]   [945 d0*] http://amasci.com/tesla/reslist.html  (744 OK, 808 queued)
[2026-08-03 19:52:24]   [950 d0*] http://amasci.com/tesla/tc.txt  (749 OK, 809 queued)
[2026-08-03 19:52:27]   [955 d0*] http://amasci.com/tesla/tealase.txt  (754 OK, 809 queued)
[2026-08-03 19:52:30]   [960 d0*] http://amasci.com/tesla/tesceive.html  (759 OK, 809 queued)
[2026-08-03 19:52:33]   [965 d0*] http://amasci.com/tesla/tesla.html  (764 OK, 810 queued)
[2026-08-03 19:52:36]   [970 d0*] http://amasci.com/tesla/teslafaq.html  (766 OK, 810 queued)
[2026-08-03 19:52:39]   [975 d0*] http://amasci.com/tesla/testrik.txt  (771 OK, 829 queued)
[2026-08-03 19:52:42]   [980 d0*] http://amasci.com/tesla/toroid2.txt  (776 OK, 838 queued)
[2026-08-03 19:52:45]   [985 d0*] http://amasci.com/tesla/violet_bd-10.html  (781 OK, 838 queued)
[2026-08-03 19:52:48]   [990 d0*] http://amasci.com/tesla/wire1.html  (785 OK, 840 queued)
[2026-08-03 19:52:51]   [995 d0*] http://amasci.com/toys/ftstool.html  (790 OK, 841 queued)
[2026-08-03 19:52:54]   [1000 d0*] http://amasci.com/traffic/  (793 OK, 842 queued)
[2026-08-03 19:52:58]   [1005 d0*] http://amasci.com/viselect/index.html  (797 OK, 844 queued)
[2026-08-03 19:53:01]   [1010 d0*] http://amasci.com/we-nerds.html  (801 OK, 852 queued)
[2026-08-03 19:53:06]   [1020 d0*] http://amasci.com/weird/antigrav/antigrav3.html  (809 OK, 853 queued)
[2026-08-03 19:53:10]   [1025 d0*] http://amasci.com/weird/ballsty1.txt  (811 OK, 854 queued)
[2026-08-03 19:53:13]   [1030 d0*] http://amasci.com/weird/dircty.txt  (816 OK, 860 queued)
[2026-08-03 19:53:16]   [1035 d0*] http://amasci.com/weird/flamer.html  (820 OK, 861 queued)
[2026-08-03 19:53:19]   [1040 d0*] http://amasci.com/weird/humanIR.html  (825 OK, 864 queued)
[2026-08-03 19:53:22]   [1045 d0*] http://amasci.com/weird/microwave/voltage2.html  (829 OK, 864 queued)
[2026-08-03 19:53:25]   [1050 d0*] http://amasci.com/weird/pyrrhon.html  (834 OK, 872 queued)
[2026-08-03 19:53:29]   [1055 d0*] http://amasci.com/weird/sciattid.html  (839 OK, 872 queued)
[2026-08-03 19:53:32]   [1060 d0*] http://amasci.com/weird/suprss.html  (844 OK, 873 queued)
[2026-08-03 19:53:38]   [1070 d0*] http://amasci.com/weird/unusual/airhard.html  (847 OK, 876 queued)
[2026-08-03 19:53:40]   [1075 d0*] http://amasci.com/weird/unusual/animold.html  (852 OK, 882 queued)
[2026-08-03 19:53:43]   [1080 d0*] http://amasci.com/weird/unusual/blold3.html  (857 OK, 883 queued)
[2026-08-03 19:53:46]   [1085 d0*] http://amasci.com/weird/unusual/evilev.html  (862 OK, 885 queued)
[2026-08-03 19:53:49]   [1090 d0*] http://amasci.com/weird/unusual/index.html  (865 OK, 885 queued)
[2026-08-03 19:53:55]   [1100 d0*] http://amasci.com/weird/unusual/paranold.html  (869 OK, 889 queued)
[2026-08-03 19:53:58]   [1105 d0*] http://amasci.com/weird/unusual/sli.html  (874 OK, 889 queued)
[2026-08-03 19:54:00]   [1110 d0*] http://amasci.com/weird/unusual/unexold.html  (879 OK, 890 queued)
[2026-08-03 19:54:03]   [1115 d0*] http://amasci.com/weird/unusual/weathold.html  (884 OK, 890 queued)
[2026-08-03 19:54:05]   [1120] 884 OK, 236 failed, 890 queued
[2026-08-03 19:54:05]     last fail: http://amasci.com/weird/unusual/www.myspacedot com/lomius_salsero
[2026-08-03 19:54:08]   [1125 d0*] http://amasci.com/weird/unusual/zap.html  (885 OK, 890 queued)
[2026-08-03 19:54:11]   [1130 d0*] http://amasci.com/weird/vortex.txt  (890 OK, 893 queued)
[2026-08-03 19:54:14]   [1135 d0*] http://amasci.com/weird/vortex/subc.html  (895 OK, 893 queued)
[2026-08-03 19:54:17]   [1140 d0*] http://amasci.com/weird/vortgone.txt  (900 OK, 894 queued)
[2026-08-03 19:54:20]   [1145 d0*] http://amasci.com/weird/wbookstr.html  (905 OK, 894 queued)
[2026-08-03 19:54:23]   [1150 d0*] http://amasci.com/weird/wener.html  (909 OK, 896 queued)
[2026-08-03 19:54:26]   [1155 d0*] http://amasci.com/weird/wlists.html  (914 OK, 897 queued)
[2026-08-03 19:54:28]   [1160 d0*] http://amasci.com/weird/wpro.html  (919 OK, 898 queued)
[2026-08-03 19:54:31]   [1165 d0*] http://amasci.com/weird/wsotw.html  (924 OK, 900 queued)
[2026-08-03 19:54:38]   [1175 d0*] http://amasci.com/wing/airgif.html  (932 OK, 919 queued)
[2026-08-03 19:54:42]   [1180 d0*] http://amasci.com/wing/index.html  (937 OK, 976 queued)
[2026-08-03 19:54:46]   [1185 d0*] http://amasci.com/wing/rebut.html  (941 OK, 976 queued)
[2026-08-03 19:54:50]   [1190 d0*] http://amasci.com/wing/straub.txt  (946 OK, 978 queued)
[2026-08-03 19:54:53]   [1195 d0*] http://amasci.com/wing/wingexp.html  (951 OK, 978 queued)
[2026-08-03 19:54:57]   [1200 d0*] http://amasci.com/wnews.html  (955 OK, 978 queued)
[2026-08-03 19:54:59]   [1205 d0*] http://amasci.com/wsci/index.html  (960 OK, 978 queued)
[2026-08-03 19:55:11]   [1220] 961 OK, 259 failed, 978 queued
[2026-08-03 19:55:11]     last fail: http://amasci.com/~billb/cgi-bin/guest12.html
[2026-08-03 19:55:28]   [1240] 961 OK, 279 failed, 978 queued
[2026-08-03 19:55:28]     last fail: http://amasci.com/~billb/cgi-bin/sc/scifair/hint.html
[2026-08-03 19:55:36]   [1250 d0*] http://www.AMASCI.COM  (962 OK, 978 queued)
[2026-08-03 19:55:36]     +68 links (2430 total known)
[2026-08-03 19:55:39]   [1255 d0*] http://www.amasci.com/amasci.html  (965 OK, 1079 queued)
[2026-08-03 19:55:41]   [1260 d0*] http://www.amasci.com/amateur/elehob.html  (970 OK, 1127 queued)
[2026-08-03 19:55:41]     +16 links (2527 total known)
[2026-08-03 19:55:44]   [1265 d0*] http://www.amasci.com/amateur/irgoggl.html  (975 OK, 1177 queued)
[2026-08-03 19:55:46]   [1270 d0*] http://www.amasci.com/amateur/toys1.html  (980 OK, 1184 queued)
[2026-08-03 19:55:46]     +15 links (2583 total known)
[2026-08-03 19:55:49]   [1275 d0*] http://www.amasci.com/amateur/traffic/tfaq.html  (985 OK, 1214 queued)
[2026-08-03 19:55:52]   [1280 d0*] http://www.amasci.com/brain/  (990 OK, 1261 queued)
[2026-08-03 19:55:54]   [1285 d0*] http://www.amasci.com/elect/elefaq1.html  (995 OK, 1299 queued)
[2026-08-03 19:55:57]   [1290 d0*] http://www.amasci.com/emotor/electoph.html  (1000 OK, 1320 queued)
[2026-08-03 19:55:59]   [1295 d0*] http://www.amasci.com/emotor/icepail.html  (1005 OK, 1331 queued)
[2026-08-03 19:56:02]   [1300 d0*] http://www.amasci.com/emotor/stmiscon.html  (1010 OK, 1347 queued)
[2026-08-03 19:56:02]     +1 links (2732 total known)
[2026-08-03 19:56:04]   [1305 d0*] http://www.amasci.com/esloud/eslhwto.html  (1015 OK, 1358 queued)
[2026-08-03 19:56:07]   [1310 d0*] http://www.amasci.com/freenrg/audhole.html  (1020 OK, 1395 queued)
[2026-08-03 19:56:09]   [1315 d0*] http://www.amasci.com/freenrg/minto.html  (1025 OK, 1408 queued)
[2026-08-03 19:56:12]   [1320 d0*] http://www.amasci.com/home.html  (1030 OK, 1465 queued)
[2026-08-03 19:56:12]     +2 links (2851 total known)
[2026-08-03 19:56:15]   [1325 d0*] http://www.amasci.com/me.html  (1035 OK, 1487 queued)
[2026-08-03 19:56:17]   [1330 d0*] http://www.amasci.com/miscon/elteach.html  (1040 OK, 1499 queued)
[2026-08-03 19:56:17]     +1 links (2884 total known)
[2026-08-03 19:56:20]   [1335 d0*] http://www.amasci.com/miscon/opphys.html  (1045 OK, 1514 queued)
[2026-08-03 19:56:22]   [1340 d0*] http://www.amasci.com/pfi/  (1050 OK, 1647 queued)
[2026-08-03 19:56:22]     +2 links (3033 total known)
[2026-08-03 19:56:25]   [1345 d0*] http://www.amasci.com/scifair/physics.html  (1054 OK, 1664 queued)
[2026-08-03 19:56:28]   [1350 d0*] http://www.amasci.com/tesla/ballgtn.html  (1059 OK, 1701 queued)
[2026-08-03 19:56:28]     +12 links (3097 total known)
[2026-08-03 19:56:30]   [1355 d0*] http://www.amasci.com/tesla/tesla.html  (1064 OK, 1724 queued)
[2026-08-03 19:56:33]   [1360 d0*] http://www.amasci.com/weird.html  (1069 OK, 1747 queued)
[2026-08-03 19:56:35]   [1365 d0*] http://www.amasci.com/weird/unusual/astro.html  (1074 OK, 1779 queued)
[2026-08-03 19:56:38]   [1370 d0*] http://www.amasci.com/weird/unusual/sli.html  (1079 OK, 1797 queued)
[2026-08-03 19:56:38]     +3 links (3184 total known)
[2026-08-03 19:56:41]   [1375 d0*] http://www.amasci.com/weird/wpage.html  (1084 OK, 1809 queued)
[2026-08-03 19:56:44]   [1380] 1087 OK, 293 failed, 1832 queued
[2026-08-03 19:56:44]     last fail: http://www.amasci.com/~billb/cgi-bin/guest3.html
[2026-08-03 19:56:48]   [1385 d0*] http://www.amasci.com/wing/smrg1.gif  (1088 OK, 1831 queued)
[2026-08-03 19:56:50]   [1390 d0*] http://www.amasci.com/weird/vortex/cofu.doc  (1093 OK, 1826 queued)
[2026-08-03 19:56:53]   [1395 d0*] http://www.amasci.com/weird/xxf.gif  (1098 OK, 1821 queued)
[2026-08-03 19:56:55]   [1400 d0*] http://www.amasci.com/weird/fieldwkb.doc  (1103 OK, 1816 queued)
[2026-08-03 19:57:11]   [1420] 1107 OK, 313 failed, 3020 queued
[2026-08-03 19:57:11]     last fail: http://www.amasci.com/weird2/3D"https:/youtu.be/=
[2026-08-03 19:57:28]   [1440] 1107 OK, 333 failed, 3000 queued
[2026-08-03 19:57:28]     last fail: http://www.amasci.com/weird2/3D"https:/www.nass.usda.gov/=
[2026-08-03 19:57:44]   [1460] 1107 OK, 353 failed, 2980 queued
[2026-08-03 19:57:44]     last fail: http://www.amasci.com/weird2/3D"https:/www.georg=
[2026-08-03 19:58:01]   [1480] 1107 OK, 373 failed, 2960 queued
[2026-08-03 19:58:01]     last fail: http://www.amasci.com/weird2/3D"https:/www.nasa.gov/directorates/spac=
[2026-08-03 19:58:17]   [1500] 1107 OK, 393 failed, 2940 queued
[2026-08-03 19:58:17]     last fail: http://www.amasci.com/weird2/3D"https:/www.youtube.com/watch?v=3DPqZ1=
[2026-08-03 20:00:54] ============================================================
[2026-08-03 20:00:54] LIVE MIRROR: amasci.com
[2026-08-03 20:00:54] Seed: http://amasci.com/
[2026-08-03 20:00:54] Seed path: /
[2026-08-03 20:00:54] Max link depth: 5
[2026-08-03 20:00:54] Output: /Users/esaruoho/work/merlib-mirror/sites/amasci.com
[2026-08-03 20:00:54] ============================================================
[2026-08-03 20:00:54] Loaded 1383 seed URLs
[2026-08-03 20:00:54] robots.txt: honouring 72 Disallow rule(s) (MIRROR_IGNORE_ROBOTS=1 to override)
[2026-08-03 20:00:54] Crawling / (download-as-you-go)...
[2026-08-03 20:00:54] Seed queue: 1383 explicit seed(s) drain before discoveries
[2026-08-03 20:00:54]   [1 d0*] http://amasci.com  (1 OK, 0 queued)
[2026-08-03 20:00:55]   [2 d0*] http://amasci.com/  (2 OK, 0 queued)
[2026-08-03 20:00:56]   [4 d0*] http://amasci.com/X-MASS.html  (3 OK, 0 queued)
[2026-08-03 20:00:56]     +2 links (1385 total known)
[2026-08-03 20:00:58]   [6 d0*] http://amasci.com/ads.html  (4 OK, 2 queued)
[2026-08-03 20:00:59]   [8 d0*] http://amasci.com/amasci.html  (5 OK, 2 queued)
[2026-08-03 20:00:59]     +6 links (1391 total known)
[2026-08-03 20:00:59]   [9 d0*] http://amasci.com/amasotw.html  (6 OK, 8 queued)
[2026-08-03 20:01:04]   [15 d0*] http://amasci.com/amateur/ambooks.html  (8 OK, 8 queued)
[2026-08-03 20:01:07]   [20 d0*] http://amasci.com/amateur/anime.html  (12 OK, 13 queued)
[2026-08-03 20:01:10]   [25 d0*] http://amasci.com/amateur/balloon.html  (16 OK, 31 queued)
[2026-08-03 20:01:12]   [30 d0*] http://amasci.com/amateur/beads_list.html  (21 OK, 33 queued)
[2026-08-03 20:01:15]   [35 d0*] http://amasci.com/amateur/blljar1.txt  (26 OK, 33 queued)
[2026-08-03 20:01:17]   [40 d0*] http://amasci.com/amateur/bloblamp.html  (31 OK, 33 queued)
[2026-08-03 20:01:17]     +1 links (1417 total known)
[2026-08-03 20:01:20]   [45 d0*] http://amasci.com/amateur/clouds.html  (35 OK, 36 queued)
[2026-08-03 20:01:23]   [50 d0*] http://amasci.com/amateur/coolsci.html  (40 OK, 39 queued)
[2026-08-03 20:01:23]     +1 links (1423 total known)
[2026-08-03 20:01:28]   [60 d0*] http://amasci.com/amateur/gauge_tubes.html  (48 OK, 48 queued)
[2026-08-03 20:01:35]   [70 d0*] http://amasci.com/amateur/hand1.html  (54 OK, 49 queued)
[2026-08-03 20:01:35]     +12 links (1444 total known)
[2026-08-03 20:01:37]   [75 d0*] http://amasci.com/amateur/holocc.html  (59 OK, 69 queued)
[2026-08-03 20:01:40]   [80 d0*] http://amasci.com/amateur/irgogg2.html  (64 OK, 76 queued)
[2026-08-03 20:01:40]     +6 links (1465 total known)
[2026-08-03 20:01:43]   [85 d0*] http://amasci.com/amateur/lasqueal.html  (68 OK, 96 queued)
[2026-08-03 20:01:45]   [90 d0*] http://amasci.com/amateur/magnerite.html  (73 OK, 96 queued)
[2026-08-03 20:01:52]   [100 d0*] http://amasci.com/amateur/nerdsmax.html  (79 OK, 101 queued)
[2026-08-03 20:01:54]   [105 d0*] http://amasci.com/amateur/physvids.html  (84 OK, 101 queued)
[2026-08-03 20:01:57]   [110 d0*] http://amasci.com/amateur/pykrete.html  (88 OK, 123 queued)
[2026-08-03 20:02:00]   [115 d0*] http://amasci.com/amateur/sciam1.html  (92 OK, 125 queued)
[2026-08-03 20:02:03]   [120 d0*] http://amasci.com/amateur/screet.html  (96 OK, 127 queued)
[2026-08-03 20:02:12]   [135 d0*] http://amasci.com/amateur/traffic/jamail.txt  (108 OK, 149 queued)
[2026-08-03 20:02:14]   [140 d0*] http://amasci.com/amateur/traffic/tanim.html  (111 OK, 149 queued)
[2026-08-03 20:02:17]   [145 d0*] http://amasci.com/amateur/traffic/traffic1.html  (116 OK, 162 queued)
[2026-08-03 20:02:19]   [150 d0*] http://amasci.com/amateur/transis.html  (121 OK, 162 queued)
[2026-08-03 20:02:22]   [155 d0*] http://amasci.com/amateur/videos.html  (126 OK, 162 queued)
[2026-08-03 20:02:25]   [160] 130 OK, 30 failed, 212 queued
[2026-08-03 20:02:25]     last fail: http://amasci.com/amateur/we-nerds.html
[2026-08-03 20:02:34]   [175 d0*] http://amasci.com/art/dork07/phos_IR.html  (141 OK, 218 queued)
[2026-08-03 20:02:36]   [180 d0*] http://amasci.com/art/ideas/index.html  (146 OK, 223 queued)
[2026-08-03 20:02:36]     +1 links (1607 total known)
[2026-08-03 20:02:39]   [185 d0*] http://amasci.com/art/pondmach/msgs2.txt  (150 OK, 224 queued)
[2026-08-03 20:02:42]   [190 d0*] http://amasci.com/art/pondmach/pond3_1.html  (155 OK, 234 queued)
[2026-08-03 20:02:42]     +5 links (1622 total known)
[2026-08-03 20:02:45]   [195 d0*] http://amasci.com/blog.html  (159 OK, 253 queued)
[2026-08-03 20:02:48]   [200 d0*] http://amasci.com/brainx/  (163 OK, 257 queued)
[2026-08-03 20:02:50]   [205 d0*] http://amasci.com/caps/capnotes.txt  (167 OK, 259 queued)
[2026-08-03 20:02:53]   [210 d0*] http://amasci.com/caps/index.html  (172 OK, 275 queued)
[2026-08-03 20:02:56]   [215 d0*] http://amasci.com/coilgen/generator_3.html  (177 OK, 277 queued)
[2026-08-03 20:02:59]   [220] 179 OK, 41 failed, 278 queued
[2026-08-03 20:02:59]     last fail: http://amasci.com/contributor/1755745
[2026-08-03 20:03:07]   [230 d0*] http://amasci.com/devices.txt  (180 OK, 278 queued)
[2026-08-03 20:03:14]   [240 d0*] http://amasci.com/edu./free_sci.html  (184 OK, 280 queued)
[2026-08-03 20:03:14]     +1 links (1664 total known)
[2026-08-03 20:03:17]   [245 d0*] http://amasci.com/ele-projs.html  (188 OK, 282 queued)
[2026-08-03 20:03:28]   [260] 192 OK, 68 failed, 284 queued
[2026-08-03 20:03:28]     last fail: http://amasci.com/elect/elect/coilb.gif
[2026-08-03 20:03:35]   [270 d0*] http://amasci.com/elect/mcoils.html  (197 OK, 298 queued)
[2026-08-03 20:03:40]   [280 d0*] http://amasci.com/electrom/e-field2.html  (206 OK, 313 queued)
[2026-08-03 20:03:40]     +3 links (1699 total known)
[2026-08-03 20:03:51]   [295 d0*] http://amasci.com/elehob/elehob1.html  (212 OK, 320 queued)
[2026-08-03 20:03:53]   [300 d0*] http://amasci.com/elehob/elehot.html  (217 OK, 320 queued)
[2026-08-03 20:03:59]   [310 d0*] http://amasci.com/emotor/chargdet.html  (224 OK, 328 queued)
[2026-08-03 20:03:59]     +1 links (1712 total known)
[2026-08-03 20:04:02]   [315 d0*] http://amasci.com/emotor/electoph.html  (228 OK, 330 queued)
[2026-08-03 20:04:05]   [320 d0*] http://amasci.com/emotor/emotor.html  (233 OK, 334 queued)
[2026-08-03 20:04:12]   [330 d0*] http://amasci.com/emotor/fredbru.txt  (237 OK, 344 queued)
[2026-08-03 20:04:15]   [335 d0*] http://amasci.com/emotor/ikelv.html  (242 OK, 345 queued)
[2026-08-03 20:04:17]   [340] 246 OK, 94 failed, 349 queued
[2026-08-03 20:04:17]     last fail: http://amasci.com/emotor/main.css
[2026-08-03 20:04:20]   [345 d0*] http://amasci.com/emotor/negion.html  (250 OK, 349 queued)
[2026-08-03 20:04:23]   [350 d0*] http://amasci.com/emotor/safe.html  (254 OK, 349 queued)
[2026-08-03 20:04:26]   [355 d0*] http://amasci.com/emotor/sphere.html  (258 OK, 352 queued)
[2026-08-03 20:04:29]   [360] 261 OK, 99 failed, 353 queued
[2026-08-03 20:04:29]     last fail: http://amasci.com/emotor/static/electrostatic3.html
[2026-08-03 20:04:32]   [365 d0*] http://amasci.com/emotor/sticky.html  (266 OK, 364 queued)
[2026-08-03 20:04:37]   [375 d0*] http://amasci.com/emotor/vdgbug.html  (274 OK, 367 queued)
[2026-08-03 20:04:40]   [380 d0*] http://amasci.com/emotor/vdgtame.html  (279 OK, 368 queued)
[2026-08-03 20:04:40]     +1 links (1752 total known)
[2026-08-03 20:04:43]   [385 d0*] http://amasci.com/esloud/eslhwto.html  (284 OK, 369 queued)
[2026-08-03 20:04:45]   [390 d0*] http://amasci.com/exhibits/vort.html  (289 OK, 377 queued)
[2026-08-03 20:04:51]   [400 d0*] http://amasci.com/feyntape.html  (298 OK, 386 queued)
[2026-08-03 20:04:53]   [405 d0*] http://amasci.com/filmstr/filmstr3.mp3  (303 OK, 388 queued)
[2026-08-03 20:04:58]   [415 d0*] http://amasci.com/freenrg/aerocrit.txt  (312 OK, 390 queued)
[2026-08-03 20:05:01]   [420 d0*] http://amasci.com/freenrg/audpush.txt  (317 OK, 398 queued)
[2026-08-03 20:05:04]   [425 d0*] http://amasci.com/freenrg/bark.html  (322 OK, 398 queued)
[2026-08-03 20:05:06]   [430 d0*] http://amasci.com/freenrg/bindet.html  (327 OK, 406 queued)
[2026-08-03 20:05:09]   [435 d0*] http://amasci.com/freenrg/clbooks.html  (332 OK, 408 queued)
[2026-08-03 20:05:12]   [440 d0*] http://amasci.com/freenrg/dworld.txt  (336 OK, 409 queued)
[2026-08-03 20:05:14]   [445 d0*] http://amasci.com/freenrg/febooks.html  (341 OK, 410 queued)
[2026-08-03 20:05:17]   [450 d0*] http://amasci.com/freenrg/fogal2.txt  (346 OK, 416 queued)
[2026-08-03 20:05:20]   [455 d0*] http://amasci.com/freenrg/gr1.txt  (350 OK, 416 queued)
[2026-08-03 20:05:22]   [460 d0*] http://amasci.com/freenrg/gravbook.txt  (355 OK, 417 queued)
[2026-08-03 20:05:25]   [465 d0*] http://amasci.com/freenrg/gravres.txt  (360 OK, 417 queued)
[2026-08-03 20:05:27]   [470 d0*] http://amasci.com/freenrg/h2odet.html  (365 OK, 417 queued)
[2026-08-03 20:05:27]     +1 links (1801 total known)
[2026-08-03 20:05:30]   [475 d0*] http://amasci.com/freenrg/index.html  (370 OK, 419 queued)
[2026-08-03 20:05:32]   [480 d0*] http://amasci.com/freenrg/laughed.html  (375 OK, 419 queued)
[2026-08-03 20:05:35]   [485 d0*] http://amasci.com/freenrg/magheal.html  (379 OK, 420 queued)
[2026-08-03 20:05:38]   [490 d0*] http://amasci.com/freenrg/magputt.txt  (384 OK, 420 queued)
[2026-08-03 20:05:40]   [495 d0*] http://amasci.com/freenrg/minicom.txt  (389 OK, 428 queued)
[2026-08-03 20:05:43]   [500 d0*] http://amasci.com/freenrg/n-mach.html  (394 OK, 433 queued)
[2026-08-03 20:05:43]     +12 links (1828 total known)
[2026-08-03 20:05:45]   [505 d0*] http://amasci.com/freenrg/nikfall.txt  (399 OK, 445 queued)
[2026-08-03 20:05:48]   [510 d0*] http://amasci.com/freenrg/phslmag.txt  (404 OK, 445 queued)
[2026-08-03 20:05:50]   [515 d0*] http://amasci.com/freenrg/pok.txt  (409 OK, 445 queued)
[2026-08-03 20:05:53]   [520 d0*] http://amasci.com/freenrg/pyrexp1.html  (414 OK, 445 queued)
[2026-08-03 20:05:55]   [525 d0*] http://amasci.com/freenrg/rules1.html  (419 OK, 445 queued)
[2026-08-03 20:05:58]   [530 d0*] http://amasci.com/freenrg/seapts.html  (424 OK, 445 queued)
[2026-08-03 20:06:01]   [535 d0*] http://amasci.com/freenrg/steam1.html  (429 OK, 445 queued)
[2026-08-03 20:06:03]   [540 d0*] http://amasci.com/freenrg/tomidev.txt  (434 OK, 449 queued)
[2026-08-03 20:06:06]   [545 d0*] http://amasci.com/freenrg/tors/drbl.doc  (439 OK, 456 queued)
[2026-08-03 20:06:08]   [550 d0*] http://amasci.com/freenrg/tors/floaters.html  (444 OK, 456 queued)
[2026-08-03 20:06:11]   [555 d0*] http://amasci.com/freenrg/tors/spin1.html  (448 OK, 458 queued)
[2026-08-03 20:06:14]   [560 d0*] http://amasci.com/freenrg/twain.html  (452 OK, 459 queued)
[2026-08-03 20:06:14]     +1 links (1843 total known)
[2026-08-03 20:06:16]   [565 d0*] http://amasci.com/freenrg/wassrmag.html  (457 OK, 460 queued)
[2026-08-03 20:06:26]   [580 d0*] http://amasci.com/graphics/abcb.gif  (465 OK, 460 queued)
[2026-08-03 20:06:29]   [585 d0*] http://amasci.com/graphics/newearth.gif  (470 OK, 460 queued)
[2026-08-03 20:06:31]   [590 d0*] http://amasci.com/graphics/traflow.jpg  (475 OK, 460 queued)
[2026-08-03 20:06:34]   [595 d0*] http://amasci.com/guestbook.html  (480 OK, 498 queued)
[2026-08-03 20:06:36]   [600 d0*] http://amasci.com/home.html  (485 OK, 503 queued)
[2026-08-03 20:06:42]   [610 d0*] http://amasci.com/hum/chco2-19.wav  (491 OK, 505 queued)
[2026-08-03 20:06:49]   [620 d0*] http://amasci.com/hum/humfaq.txt  (496 OK, 510 queued)
[2026-08-03 20:06:51]   [625 d0*] http://amasci.com/hum/info.txt  (501 OK, 511 queued)
[2026-08-03 20:06:54]   [630 d0*] http://amasci.com/hum/newshum2.txt  (506 OK, 511 queued)
[2026-08-03 20:06:56]   [635 d0*] http://amasci.com/hum/torshum.html  (511 OK, 511 queued)
[2026-08-03 20:06:59]   [640 d0*] http://amasci.com/index.html  (515 OK, 511 queued)
[2026-08-03 20:07:05]   [650 d0*] http://amasci.com/junkdec.htm  (522 OK, 519 queued)
[2026-08-03 20:07:12]   [660] 525 OK, 135 failed, 519 queued
[2026-08-03 20:07:12]     last fail: http://amasci.com/links.html
[2026-08-03 20:07:15]   [665 d0*] http://amasci.com/maglev/hall.txt  (529 OK, 520 queued)
[2026-08-03 20:07:18]   [670 d0*] http://amasci.com/maglev/lev/index.html  (534 OK, 556 queued)
[2026-08-03 20:07:20]   [675 d0*] http://amasci.com/maglev/linmot.html  (539 OK, 565 queued)
[2026-08-03 20:07:23]   [680 d0*] http://amasci.com/maglev/train.html  (544 OK, 569 queued)
[2026-08-03 20:07:29]   [690 d0*] http://amasci.com/miscon/curstat.html  (550 OK, 576 queued)
[2026-08-03 20:07:32]   [695 d0*] http://amasci.com/miscon/elect.html  (555 OK, 577 queued)
[2026-08-03 20:07:34]   [700 d0*] http://amasci.com/miscon/ener1.html  (560 OK, 579 queued)
[2026-08-03 20:07:37]   [705 d0*] http://amasci.com/miscon/germ.html  (565 OK, 579 queued)
[2026-08-03 20:07:39]   [710 d0*] http://amasci.com/miscon/k6.txt  (570 OK, 580 queued)
[2026-08-03 20:07:42]   [715 d0*] http://amasci.com/miscon/lenslet.txt  (574 OK, 580 queued)
[2026-08-03 20:07:45]   [720 d0*] http://amasci.com/miscon/miscon.html  (578 OK, 581 queued)
[2026-08-03 20:07:48]   [725 d0*] http://amasci.com/miscon/opphys.html  (583 OK, 586 queued)
[2026-08-03 20:07:50]   [730 d0*] http://amasci.com/miscon/voltage.html  (588 OK, 586 queued)
[2026-08-03 20:07:50]     +2 links (1971 total known)
[2026-08-03 20:07:53]   [735 d0*] http://amasci.com/miscon/whatener.html  (593 OK, 589 queued)
[2026-08-03 20:07:55]   [740 d0*] http://amasci.com/mistake.html  (598 OK, 590 queued)
[2026-08-03 20:07:59]   [745 d0*] http://amasci.com/newname.html  (601 OK, 591 queued)
[2026-08-03 20:08:02]   [750 d0*] http://amasci.com/pathsk2.txt  (604 OK, 618 queued)
[2026-08-03 20:08:08]   [760 d0*] http://amasci.com/rapr.html  (611 OK, 618 queued)
[2026-08-03 20:08:11]   [765 d0*] http://amasci.com/sas.txt  (616 OK, 633 queued)
[2026-08-03 20:08:14]   [770 d0*] http://amasci.com/sc/NSFlogo.gif  (619 OK, 633 queued)
[2026-08-03 20:08:22]   [780 d0*] http://amasci.com/sc/kidfun.html  (621 OK, 633 queued)
[2026-08-03 20:08:22]     +1 links (2017 total known)
[2026-08-03 20:08:24]   [785 d0*] http://amasci.com/sc/kidres1.html  (626 OK, 637 queued)
[2026-08-03 20:08:30]   [795 d0*] http://amasci.com/sc/proj/scifair.html  (632 OK, 637 queued)
[2026-08-03 20:08:34]   [800] 634 OK, 166 failed, 642 queued
[2026-08-03 20:08:34]     last fail: http://amasci.com/sc/teach.html
[2026-08-03 20:08:37]   [805 d0*] http://amasci.com/scied.html  (638 OK, 642 queued)
[2026-08-03 20:08:43]   [815 d0*] http://amasci.com/scifair/bio.html  (641 OK, 643 queued)
[2026-08-03 20:08:46]   [820 d0*] http://amasci.com/scifair/psych.html  (646 OK, 650 queued)
[2026-08-03 20:08:48]   [825 d0*] http://amasci.com/search.html  (651 OK, 650 queued)
[2026-08-03 20:08:59]   [840 d0*] http://amasci.com/static/e-disease.html  (658 OK, 656 queued)
[2026-08-03 20:08:59]     +1 links (2040 total known)
[2026-08-03 20:09:01]   [845 d0*] http://amasci.com/static/fostergen.html  (663 OK, 661 queued)
[2026-08-03 20:09:12]   [860] 670 OK, 190 failed, 701 queued
[2026-08-03 20:09:12]     last fail: http://amasci.com/stats/bookmarks
[2026-08-03 20:09:15]   [865 d0*] http://amasci.com/stats/idbypage.html  (674 OK, 726 queued)
[2026-08-03 20:09:18]   [870 d0*] http://amasci.com/stats/referr.txt  (677 OK, 754 queued)
[2026-08-03 20:09:24]   [880 d0*] http://amasci.com/supress1.html  (683 OK, 755 queued)
[2026-08-03 20:09:27]   [885 d0*] http://amasci.com/surplus/surpls.html  (688 OK, 758 queued)
[2026-08-03 20:09:30]   [890 d0*] http://amasci.com/telsa/tesla.html  (690 OK, 758 queued)
[2026-08-03 20:09:30]     +1 links (2143 total known)
[2026-08-03 20:09:33]   [895 d0*] http://amasci.com/tesla/ballbook.txt  (695 OK, 759 queued)
[2026-08-03 20:09:35]   [900 d0*] http://amasci.com/tesla/ballpprs.html  (700 OK, 760 queued)
[2026-08-03 20:09:38]   [905 d0*] http://amasci.com/tesla/bigball3.html  (705 OK, 760 queued)
[2026-08-03 20:09:40]   [910 d0*] http://amasci.com/tesla/blnews2.txt  (710 OK, 760 queued)
[2026-08-03 20:09:43]   [915 d0*] http://amasci.com/tesla/cap.txt  (715 OK, 760 queued)
[2026-08-03 20:09:46]   [920 d0*] http://amasci.com/tesla/cdzap.txt  (720 OK, 761 queued)
[2026-08-03 20:09:48]   [925 d0*] http://amasci.com/tesla/fieldexe.txt  (725 OK, 763 queued)
[2026-08-03 20:09:51]   [930 d0*] http://amasci.com/tesla/high_voltage3.html  (730 OK, 773 queued)
[2026-08-03 20:09:51]     +7 links (2164 total known)
[2026-08-03 20:09:53]   [935 d0*] http://amasci.com/tesla/lgtjar.txt  (735 OK, 782 queued)
[2026-08-03 20:09:56]   [940 d0*] http://amasci.com/tesla/ozone.txt  (739 OK, 788 queued)
[2026-08-03 20:09:59]   [945 d0*] http://amasci.com/tesla/reslist.html  (744 OK, 788 queued)
[2026-08-03 20:10:02]   [950 d0*] http://amasci.com/tesla/tc.txt  (749 OK, 789 queued)
[2026-08-03 20:10:04]   [955 d0*] http://amasci.com/tesla/tealase.txt  (754 OK, 789 queued)
[2026-08-03 20:10:07]   [960 d0*] http://amasci.com/tesla/tesceive.html  (759 OK, 789 queued)
[2026-08-03 20:10:09]   [965 d0*] http://amasci.com/tesla/tesla.html  (764 OK, 790 queued)
[2026-08-03 20:10:13]   [970 d0*] http://amasci.com/tesla/teslafaq.html  (766 OK, 790 queued)
[2026-08-03 20:10:15]   [975 d0*] http://amasci.com/tesla/testrik.txt  (771 OK, 809 queued)
[2026-08-03 20:10:18]   [980 d0*] http://amasci.com/tesla/toroid2.txt  (776 OK, 818 queued)
[2026-08-03 20:10:20]   [985 d0*] http://amasci.com/tesla/violet_bd-10.html  (781 OK, 818 queued)
[2026-08-03 20:10:23]   [990 d0*] http://amasci.com/tesla/wire1.html  (785 OK, 820 queued)
[2026-08-03 20:10:26]   [995 d0*] http://amasci.com/toys/ftstool.html  (790 OK, 821 queued)
[2026-08-03 20:10:29]   [1000 d0*] http://amasci.com/traffic/  (793 OK, 822 queued)
[2026-08-03 20:10:32]   [1005 d0*] http://amasci.com/viselect/index.html  (797 OK, 824 queued)
[2026-08-03 20:10:35]   [1010 d0*] http://amasci.com/we-nerds.html  (801 OK, 832 queued)
[2026-08-03 20:10:40]   [1020 d0*] http://amasci.com/weird/antigrav/antigrav3.html  (809 OK, 833 queued)
[2026-08-03 20:10:44]   [1025 d0*] http://amasci.com/weird/ballsty1.txt  (811 OK, 834 queued)
[2026-08-03 20:10:47]   [1030 d0*] http://amasci.com/weird/dircty.txt  (816 OK, 840 queued)
[2026-08-03 20:10:49]   [1035 d0*] http://amasci.com/weird/flamer.html  (820 OK, 841 queued)
[2026-08-03 20:10:52]   [1040 d0*] http://amasci.com/weird/humanIR.html  (825 OK, 844 queued)
[2026-08-03 20:10:55]   [1045 d0*] http://amasci.com/weird/microwave/voltage2.html  (829 OK, 844 queued)
[2026-08-03 20:10:57]   [1050 d0*] http://amasci.com/weird/pyrrhon.html  (834 OK, 852 queued)
[2026-08-03 20:11:00]   [1055 d0*] http://amasci.com/weird/sciattid.html  (839 OK, 852 queued)
[2026-08-03 20:11:02]   [1060 d0*] http://amasci.com/weird/suprss.html  (844 OK, 853 queued)
[2026-08-03 20:11:08]   [1070 d0*] http://amasci.com/weird/unusual/airhard.html  (847 OK, 856 queued)
[2026-08-03 20:11:11]   [1075 d0*] http://amasci.com/weird/unusual/animold.html  (852 OK, 862 queued)
[2026-08-03 20:11:13]   [1080 d0*] http://amasci.com/weird/unusual/blold3.html  (857 OK, 862 queued)
[2026-08-03 20:11:16]   [1085 d0*] http://amasci.com/weird/unusual/evilev.html  (862 OK, 863 queued)
[2026-08-03 20:11:19]   [1090 d0*] http://amasci.com/weird/unusual/index.html  (865 OK, 863 queued)
[2026-08-03 20:11:25]   [1100 d0*] http://amasci.com/weird/unusual/paranold.html  (869 OK, 867 queued)
[2026-08-03 20:11:27]   [1105 d0*] http://amasci.com/weird/unusual/sli.html  (874 OK, 867 queued)
[2026-08-03 20:11:30]   [1110 d0*] http://amasci.com/weird/unusual/unexold.html  (879 OK, 868 queued)
[2026-08-03 20:11:33]   [1115 d0*] http://amasci.com/weird/unusual/weathold.html  (884 OK, 868 queued)
[2026-08-03 20:11:35]   [1120] 884 OK, 236 failed, 868 queued
[2026-08-03 20:11:35]     last fail: http://amasci.com/weird/unusual/www.myspacedot com/lomius_salsero
[2026-08-03 20:11:38]   [1125 d0*] http://amasci.com/weird/unusual/zap.html  (885 OK, 868 queued)
[2026-08-03 20:11:41]   [1130 d0*] http://amasci.com/weird/vortex.txt  (890 OK, 871 queued)
[2026-08-03 20:11:43]   [1135 d0*] http://amasci.com/weird/vortex/subc.html  (895 OK, 871 queued)
[2026-08-03 20:11:46]   [1140 d0*] http://amasci.com/weird/vortgone.txt  (900 OK, 872 queued)
[2026-08-03 20:11:48]   [1145 d0*] http://amasci.com/weird/wbookstr.html  (905 OK, 872 queued)
[2026-08-03 20:11:51]   [1150 d0*] http://amasci.com/weird/wener.html  (909 OK, 874 queued)
[2026-08-03 20:11:54]   [1155 d0*] http://amasci.com/weird/wlists.html  (914 OK, 875 queued)
[2026-08-03 20:11:56]   [1160 d0*] http://amasci.com/weird/wpro.html  (919 OK, 876 queued)
[2026-08-03 20:11:59]   [1165 d0*] http://amasci.com/weird/wsotw.html  (924 OK, 878 queued)
[2026-08-03 20:12:05]   [1175 d0*] http://amasci.com/wing/airgif.html  (932 OK, 896 queued)
[2026-08-03 20:12:07]   [1180 d0*] http://amasci.com/wing/index.html  (937 OK, 953 queued)
[2026-08-03 20:12:10]   [1185 d0*] http://amasci.com/wing/rebut.html  (941 OK, 953 queued)
[2026-08-03 20:12:13]   [1190 d0*] http://amasci.com/wing/straub.txt  (946 OK, 955 queued)
[2026-08-03 20:12:15]   [1195 d0*] http://amasci.com/wing/wingexp.html  (951 OK, 955 queued)
[2026-08-03 20:12:18]   [1200 d0*] http://amasci.com/wnews.html  (955 OK, 955 queued)
[2026-08-03 20:12:20]   [1205 d0*] http://amasci.com/wsci/index.html  (960 OK, 955 queued)
[2026-08-03 20:12:33]   [1220] 961 OK, 259 failed, 955 queued
[2026-08-03 20:12:33]     last fail: http://amasci.com/~billb/cgi-bin/guest12.html
[2026-08-03 20:12:50]   [1240] 961 OK, 279 failed, 955 queued
[2026-08-03 20:12:50]     last fail: http://amasci.com/~billb/cgi-bin/sc/scifair/hint.html
[2026-08-03 20:12:57]   [1250 d0*] http://www.amasci.com  (962 OK, 955 queued)
[2026-08-03 20:12:57]     +33 links (2373 total known)
[2026-08-03 20:13:01]   [1255 d0*] http://www.amasci.com/amateur/  (965 OK, 1020 queued)
[2026-08-03 20:13:03]   [1260 d0*] http://www.amasci.com/amateur/hand1.html  (970 OK, 1052 queued)
[2026-08-03 20:13:03]     +12 links (2449 total known)
[2026-08-03 20:13:06]   [1265 d0*] http://www.amasci.com/amateur/pykrete.html  (975 OK, 1090 queued)
[2026-08-03 20:13:08]   [1270 d0*] http://www.amasci.com/amateur/traffic/  (980 OK, 1108 queued)
[2026-08-03 20:13:08]     +10 links (2503 total known)
[2026-08-03 20:13:11]   [1275 d0*] http://www.amasci.com/amateur/traffic/trafexp.html  (985 OK, 1126 queued)
[2026-08-03 20:13:14]   [1280 d0*] http://www.amasci.com/caps/capatnt.html  (990 OK, 1170 queued)
[2026-08-03 20:13:16]   [1285 d0*] http://www.amasci.com/electrom/electrom.html  (995 OK, 1214 queued)
[2026-08-03 20:13:19]   [1290 d0*] http://www.amasci.com/emotor/electoph.txt  (1000 OK, 1229 queued)
[2026-08-03 20:13:21]   [1295 d0*] http://www.amasci.com/emotor/kelvin.html  (1005 OK, 1240 queued)
[2026-08-03 20:13:24]   [1300 d0*] http://www.amasci.com/emotor/vdg.html  (1010 OK, 1256 queued)
[2026-08-03 20:13:24]     +5 links (2646 total known)
[2026-08-03 20:13:26]   [1305 d0*] http://www.amasci.com/faq.html  (1015 OK, 1266 queued)
[2026-08-03 20:13:29]   [1310 d0*] http://www.amasci.com/freenrg/esj.html  (1020 OK, 1303 queued)
[2026-08-03 20:13:31]   [1315 d0*] http://www.amasci.com/freenrg/n-mach.html  (1025 OK, 1317 queued)
[2026-08-03 20:13:34]   [1320 d0*] http://www.amasci.com/hum/humrpt2.html  (1030 OK, 1375 queued)
[2026-08-03 20:13:34]     +8 links (2768 total known)
[2026-08-03 20:13:37]   [1325 d0*] http://www.amasci.com/miscon/a-rant.html  (1035 OK, 1399 queued)
[2026-08-03 20:13:39]   [1330 d0*] http://www.amasci.com/miscon/lens1.html  (1040 OK, 1406 queued)
[2026-08-03 20:13:39]     +1 links (2792 total known)
[2026-08-03 20:13:42]   [1335 d0*] http://www.amasci.com/miscon/physl.html  (1045 OK, 1420 queued)
[2026-08-03 20:13:45]   [1340] 1049 OK, 291 failed, 1554 queued
[2026-08-03 20:13:45]     last fail: http://www.amasci.com/sci-list/arch.txt
[2026-08-03 20:13:47]   [1345 d0*] http://www.amasci.com/scifair/psych.html  (1054 OK, 1569 queued)
[2026-08-03 20:13:50]   [1350 d0*] http://www.amasci.com/tesla/diode.html  (1059 OK, 1615 queued)
[2026-08-03 20:13:50]     +1 links (3001 total known)
[2026-08-03 20:13:52]   [1355 d0*] http://www.amasci.com/unew.html  (1064 OK, 1629 queued)
[2026-08-03 20:13:55]   [1360 d0*] http://www.amasci.com/weird/const.html  (1069 OK, 1649 queued)
[2026-08-03 20:13:55]     +29 links (3063 total known)
[2026-08-03 20:13:58]   [1365 d0*] http://www.amasci.com/weird/unusual/bl.html  (1074 OK, 1688 queued)
[2026-08-03 20:14:00]   [1370 d0*] http://www.amasci.com/weird/unusual/unusual.html  (1079 OK, 1701 queued)
[2026-08-03 20:14:00]     +2 links (3088 total known)
[2026-08-03 20:14:03]   [1375 d0*] http://www.amasci.com/weird/wvort.html  (1084 OK, 1711 queued)
[2026-08-03 20:14:06]   [1380] 1086 OK, 294 failed, 1732 queued
[2026-08-03 20:14:06]     last fail: http://www.amasci.com/~billb/cgi-bin/instr/instold.html
[2026-08-03 20:14:10]   [1385 d0*] http://www.amasci.com/weird/vortex3.txt  (1088 OK, 1730 queued)
[2026-08-03 20:14:12]   [1390 d0*] http://www.amasci.com/weird/main.css  (1093 OK, 1726 queued)
[2026-08-03 20:14:15]   [1395 d0*] http://www.amasci.com/weird/vortex/fusion.doc  (1098 OK, 1721 queued)
[2026-08-03 20:14:17]   [1400 d0*] http://www.amasci.com/lists.html  (1103 OK, 1716 queued)
[2026-08-03 20:14:20]   [1405 d0*] http://www.amasci.com/amatuer/wirbel.html  (1108 OK, 1711 queued)
[2026-08-03 20:14:31]   [1420] 1112 OK, 308 failed, 1718 queued
[2026-08-03 20:14:31]     last fail: http://www.amasci.com/dougwri/
[2026-08-03 20:14:42]   [1435 d0*] http://www.amasci.com/weird/unusual/wots050399.html  (1113 OK, 1703 queued)
[2026-08-03 20:14:46]   [1440] 1113 OK, 327 failed, 1703 queued
[2026-08-03 20:14:46]     last fail: http://www.amasci.com/group/ufolist/post?protectID=114212250007196153169158203001021088071026057192
[2026-08-03 20:14:49]   [1445 d0*] http://www.amasci.com/weird/unusual/unexold.html  (1117 OK, 1701 queued)
[2026-08-03 20:14:55]   [1455 d0*] http://www.amasci.com/weird/unusual/animold.html  (1121 OK, 1693 queued)
[2026-08-03 20:14:58]   [1460] 1125 OK, 335 failed, 1692 queued
[2026-08-03 20:14:58]     last fail: http://www.amasci.com/weird/unusual/www.europa com/~rsc
[2026-08-03 20:15:09]   [1480] 1132 OK, 348 failed, 1679 queued
[2026-08-03 20:15:09]     last fail: http://www.amasci.com/microwave/voltage1.html
[2026-08-03 20:15:12]   [1485 d0*] http://www.amasci.com/freenrg/galli1.html  (1137 OK, 1676 queued)
[2026-08-03 20:15:14]   [1490 d0*] http://www.amasci.com/freenrg/magh20.html  (1142 OK, 1671 queued)
[2026-08-03 20:15:14]     +4 links (3168 total known)
[2026-08-03 20:15:17]   [1495 d0*] http://www.amasci.com/freenrg/barker.html  (1147 OK, 1670 queued)
[2026-08-03 20:15:19]   [1500 d0*] http://www.amasci.com/news.html   (1152 OK, 1665 queued)
[2026-08-03 20:15:22]   [1505 d0*] http://www.amasci.com/freenrg/plasbang.html  (1156 OK, 1660 queued)
[2026-08-03 20:15:25]   [1510 d0*] http://www.amasci.com/freenrg/blaster5.html  (1161 OK, 1655 queued)
[2026-08-03 20:15:27]   [1515 d0*] http://www.amasci.com/freenrg/make115.txt  (1166 OK, 1651 queued)
[2026-08-03 20:15:30]   [1520 d0*] http://www.amasci.com/weird/worg.html  (1171 OK, 1647 queued)
[2026-08-03 20:15:32]   [1525 d0*] http://www.amasci.com/viselect/comppcb.gif  (1176 OK, 1642 queued)
[2026-08-03 20:15:35]   [1530 d0*] http://www.amasci.com/viselect/vedemos.html  (1181 OK, 1637 queued)
[2026-08-03 20:15:38]   [1535 d0*] http://www.amasci.com/brain  (1185 OK, 1632 queued)
[2026-08-03 20:15:41]   [1540 d0*] http://www.amasci.com/tesla/tslsoc.html  (1188 OK, 1629 queued)
[2026-08-03 20:15:41]     +1 links (3173 total known)
[2026-08-03 20:15:44]   [1545 d0*] http://www.amasci.com/tesla/test.css  (1192 OK, 1626 queued)
[2026-08-03 20:15:47]   [1550 d0*] http://www.amasci.com/tesla/dipol1.html  (1196 OK, 1623 queued)
[2026-08-03 20:15:50]   [1555 d0*] http://www.amasci.com/tesla/teslabad.html  (1201 OK, 1641 queued)
[2026-08-03 20:15:52]   [1560 d0*] http://www.amasci.com/tesla/pwres.txt  (1206 OK, 1637 queued)
[2026-08-03 20:15:55]   [1565 d0*] http://www.amasci.com/tesla/rqsup.txt  (1211 OK, 1632 queued)
[2026-08-03 20:15:57]   [1570 d0*] http://www.amasci.com/tesla/cap.txt  (1216 OK, 1627 queued)
[2026-08-03 20:16:00]   [1575 d0*] http://www.amasci.com/tesla/toroid2.html  (1221 OK, 1622 queued)
[2026-08-03 20:16:02]   [1580 d0*] http://www.amasci.com/tesla/tws5a400.gif  (1226 OK, 1620 queued)
[2026-08-03 20:16:05]   [1585 d0*] http://www.amasci.com/tesla/diodes.html  (1231 OK, 1615 queued)
[2026-08-03 20:16:08]   [1590 d0*] http://www.amasci.com/weird/unusual/sprites.html  (1235 OK, 1610 queued)
[2026-08-03 20:16:11]   [1595 d0*] http://www.amasci.com/tesla/ballpprs.html  (1239 OK, 1605 queued)
[2026-08-03 20:16:13]   [1600] 1243 OK, 357 failed, 1602 queued
[2026-08-03 20:16:13]     last fail: http://www.amasci.com/emotor/me.html
[2026-08-03 20:16:16]   [1605 d0*] http://www.amasci.com/freenrg/seapts.html  (1248 OK, 1598 queued)
[2026-08-03 20:16:19]   [1610 d0*] http://www.amasci.com/amateur/clouds.txt  (1253 OK, 1594 queued)
[2026-08-03 20:16:21]   [1615 d0*] http://www.amasci.com/weird/wallc/wallc1.html  (1258 OK, 1591 queued)
[2026-08-03 20:16:24]   [1620 d0*] http://www.amasci.com/tesla/jladdr.html  (1262 OK, 1587 queued)
[2026-08-03 20:16:24]     +1 links (3212 total known)
[2026-08-03 20:16:27]   [1625 d0*] http://www.amasci.com/weird/wlists.html  (1267 OK, 1584 queued)
[2026-08-03 20:16:29]   [1630 d0*] http://www.amasci.com/tesla/toroid2.txt  (1272 OK, 1585 queued)
[2026-08-03 20:16:32]   [1635 d0*] http://www.amasci.com/amatuer/toys1.html  (1277 OK, 1580 queued)
[2026-08-03 20:16:34]   [1640 d0*] http://www.amasci.com/weird/unusual/swenson1.html  (1282 OK, 1576 queued)
[2026-08-03 20:16:37]   [1645 d0*] http://www.amasci.com/weird/cftemp.txt  (1287 OK, 1574 queued)
[2026-08-03 20:16:43]   [1655 d0*] http://www.amasci.com/scifair/physics.html   (1291 OK, 1565 queued)
[2026-08-03 20:16:47]   [1660 d0*] http://www.amasci.com/graphics/mbrain.gif  (1292 OK, 1560 queued)
[2026-08-03 20:16:50]   [1665 d0*] http://www.amasci.com/amateur/neosphere.html  (1296 OK, 1556 queued)
[2026-08-03 20:16:52]   [1670 d0*] http://www.amasci.com/amateur/phdemo.txt  (1301 OK, 1555 queued)
[2026-08-03 20:16:55]   [1675 d0*] http://www.amasci.com/amateur/dryice.html  (1306 OK, 1550 queued)
[2026-08-03 20:16:57]   [1680 d0*] http://www.amasci.com/coilgen/generator_3.html  (1310 OK, 1546 queued)
[2026-08-03 20:16:57]     +4 links (3234 total known)
[2026-08-03 20:17:00]   [1685 d0*] http://www.amasci.com/sc/scifair/hint.html  (1315 OK, 1547 queued)
[2026-08-03 20:17:03]   [1690 d0*] http://www.amasci.com/graphics/email.gif  (1319 OK, 1550 queued)
[2026-08-03 20:17:09]   [1700 d0*] http://www.amasci.com/freenrg/pseudos.txt  (1326 OK, 1540 queued)
[2026-08-03 20:17:12]   [1705 d0*] http://www.amasci.com/graphics/tes_radpat3.gif  (1331 OK, 1562 queued)
[2026-08-03 20:17:14]   [1710 d0*] http://www.amasci.com/graphics/tstowr.jpg  (1336 OK, 1557 queued)
[2026-08-03 20:17:17]   [1715 d0*] http://www.amasci.com/graphics/tesla/ttower3.jpg  (1341 OK, 1552 queued)
[2026-08-03 20:17:19]   [1720 d0*] http://www.amasci.com/graphics/tes_flyer1.jpg  (1346 OK, 1547 queued)
[2026-08-03 20:17:22]   [1725 d0*] http://www.amasci.com/graphics/tspjctl.jpg  (1351 OK, 1542 queued)
[2026-08-03 20:17:24]   [1730 d0*] http://www.amasci.com/wing/whyhard.html  (1356 OK, 1537 queued)
[2026-08-03 20:17:27]   [1735 d0*] http://www.amasci.com/weird/wskept.html  (1361 OK, 1533 queued)
[2026-08-03 20:17:30]   [1740 d0*] http://www.amasci.com/weird/stmlaf.html  (1365 OK, 1542 queued)
[2026-08-03 20:17:32]   [1745 d0*] http://www.amasci.com/graphics/skep.gif  (1370 OK, 1537 queued)
[2026-08-03 20:17:35]   [1750 d0*] http://www.amasci.com/weird/truzzi.html  (1374 OK, 1534 queued)
[2026-08-03 20:17:35]     +1 links (3289 total known)
[2026-08-03 20:17:38]   [1755 d0*] http://www.amasci.com/graphics/howfast1.gif  (1377 OK, 1530 queued)
[2026-08-03 20:17:41]   [1760 d0*] http://www.amasci.com/weird/unusual/e-wall.html  (1382 OK, 1525 queued)
[2026-08-03 20:17:43]   [1765 d0*] http://www.amasci.com/amateur/schlrn2.gif  (1387 OK, 1521 queued)
[2026-08-03 20:17:46]   [1770 d0*] http://www.amasci.com/freenrg/aerocrit.html  (1392 OK, 1518 queued)
[2026-08-03 20:17:48]   [1775 d0*] http://www.amasci.com/graphics/microtc.jpg  (1397 OK, 1517 queued)
[2026-08-03 20:17:51]   [1780 d0*] http://www.amasci.com/graphics/yoghurt1_2.jpg  (1402 OK, 1512 queued)
[2026-08-03 20:17:53]   [1785 d0*] http://www.amasci.com/art/pondmach/pond3_1.html  (1407 OK, 1510 queued)
[2026-08-03 20:17:56]   [1790 d0*] http://www.amasci.com/art/pondmach/bumbr_04.jpg  (1412 OK, 1511 queued)
[2026-08-03 20:18:01]   [1800 d0*] http://www.amasci.com/freenrg/h2oblast.html  (1421 OK, 1502 queued)
[2026-08-03 20:18:01]     +1 links (3307 total known)
[2026-08-03 20:18:08]   [1810 d0*] http://www.amasci.com/exhibits/wheels.html  (1426 OK, 1498 queued)
[2026-08-03 20:18:08]     +3 links (3315 total known)
[2026-08-03 20:18:11]   [1815 d0*] http://www.amasci.com/amateur/temp.css  (1431 OK, 1497 queued)
[2026-08-03 20:18:14]   [1820 d0*] http://www.amasci.com/tesla/violet_bd-10.html  (1435 OK, 1493 queued)
[2026-08-03 20:18:14]     +2 links (3319 total known)
[2026-08-03 20:18:16]   [1825 d0*] http://www.amasci.com/werid/humanIR.html  (1440 OK, 1490 queued)
[2026-08-03 20:18:19]   [1830 d0*] http://www.amasci.com/weird/flamer.html  (1445 OK, 1485 queued)
[2026-08-03 20:18:19]     +1 links (3320 total known)
[2026-08-03 20:18:21]   [1835 d0*] http://www.amasci.com/wsci/weird.txt  (1450 OK, 1488 queued)
[2026-08-03 20:18:24]   [1840 d0*] http://www.amasci.com/amatuer/irgoggl.html  (1455 OK, 1483 queued)
[2026-08-03 20:18:26]   [1845 d0*] http://www.amasci.com/filmstr/filmstr2.html  (1460 OK, 1479 queued)
[2026-08-03 20:18:29]   [1850 d0*] http://www.amasci.com/graphics/yt/poorln.JPG  (1465 OK, 1477 queued)
[2026-08-03 20:18:31]   [1855 d0*] http://www.amasci.com/freenrg/rules.html  (1470 OK, 1472 queued)
[2026-08-03 20:18:34]   [1860 d0*] http://www.amasci.com/amateur/antibub/anti7.gif  (1475 OK, 1478 queued)
[2026-08-03 20:18:37]   [1865 d0*] http://www.amasci.com/amateur/antibub/anti3.gif  (1480 OK, 1473 queued)
[2026-08-03 20:18:39]   [1870 d0*] http://www.amasci.com/amateur/antibub/anti1.gif  (1485 OK, 1468 queued)
[2026-08-03 20:18:42]   [1875 d0*] http://www.amasci.com/graphics/echopen/pen_400.JPG  (1490 OK, 1473 queued)
[2026-08-03 20:18:44]   [1880 d0*] http://www.amasci.com/graphics/echopen/penribn4A.jpg  (1495 OK, 1468 queued)
[2026-08-03 20:18:47]   [1885 d0*] http://www.amasci.com/weird/unusual/objold.html  (1499 OK, 1467 queued)
[2026-08-03 20:18:50]   [1890 d0*] http://www.amasci.com/stats/idbylink2.html  (1502 OK, 1464 queued)
[2026-08-03 20:18:50]     +33 links (3391 total known)
[2026-08-03 20:18:58]   [1900] 1503 OK, 397 failed, 1487 queued
[2026-08-03 20:18:58]     last fail: http://www.amasci.com/stats/domain.cgi?a=62352461&p=
[2026-08-03 20:19:14]   [1920] 1505 OK, 415 failed, 1467 queued
[2026-08-03 20:19:14]     last fail: http://www.amasci.com/stats/v_email_stats.cgi?a=62352461&p=
[2026-08-03 20:19:18]   [1925 d0*] http://www.amasci.com/wing/wingwork.html  (1507 OK, 1462 queued)
[2026-08-03 20:19:21]   [1930 d0*] http://www.amasci.com/tesla/biores.html  (1511 OK, 1458 queued)
[2026-08-03 20:19:23]   [1935 d0*] http://www.amasci.com/graphics/krampus.gif  (1516 OK, 1455 queued)
[2026-08-03 20:19:26]   [1940 d0*] http://www.amasci.com/atmos.html  (1521 OK, 1451 queued)
[2026-08-03 20:19:29]   [1945 d0*] http://www.amasci.com/art/dork07/faraday.html  (1525 OK, 1455 queued)
[2026-08-03 20:19:32]   [1950 d0*] http://www.amasci.com/art/dork07/faradic2.gif  (1529 OK, 1456 queued)
[2026-08-03 20:19:34]   [1955 d0*] http://www.amasci.com/art/emerdelu/  (1534 OK, 1451 queued)
[2026-08-03 20:19:37]   [1960 d0*] http://www.amasci.com/amateur/sundog.html  (1538 OK, 1447 queued)
[2026-08-03 20:19:40]   [1965 d0*] http://www.amasci.com/amateur/sundogs.html  (1543 OK, 1442 queued)
[2026-08-03 20:19:42]   [1970 d0*] http://www.amasci.com/graphics/howfast3.gif  (1548 OK, 1437 queued)
[2026-08-03 20:19:45]   [1975 d0*] http://www.amasci.com/freenrg/hydroxy.html  (1553 OK, 1435 queued)
[2026-08-03 20:19:48]   [1980 d0*] http://www.amasci.com/amateur/traffic/tbig.html  (1557 OK, 1430 queued)
[2026-08-03 20:19:50]   [1985 d0*] http://www.amasci.com/supress1.html  (1562 OK, 1426 queued)
[2026-08-03 20:19:53]   [1990 d0*] http://www.amasci.com/graphics/yt/strwars.jpg  (1566 OK, 1422 queued)
[2026-08-03 20:19:56]   [1995 d0*] http://www.amasci.com/wing/lasrWing.gif  (1571 OK, 1420 queued)
[2026-08-03 20:19:58]   [2000 d0*] http://www.amasci.com/wing/Weltner1a.gif  (1576 OK, 1422 queued)
[2026-08-03 20:20:01]   [2005 d0*] http://www.amasci.com/wing/saabrok3.jpg  (1579 OK, 1417 queued)
[2026-08-03 20:20:04]   [2010 d0*] http://www.amasci.com/miscon/prism.jpg  (1583 OK, 1412 queued)
[2026-08-03 20:20:07]   [2015 d0*] http://www.amasci.com/miscon/ice.txt  (1588 OK, 1407 queued)
[2026-08-03 20:20:10]   [2020 d0*] http://www.amasci.com/miscon/mform.html  (1592 OK, 1403 queued)
[2026-08-03 20:20:10]     +1 links (3428 total known)
[2026-08-03 20:20:12]   [2025 d0*] http://www.amasci.com/miscon/a-rant  (1597 OK, 1399 queued)
[2026-08-03 20:20:15]   [2030 d0*] http://www.amasci.com/wrd7sci.doc  (1602 OK, 1394 queued)
[2026-08-03 20:20:17]   [2035 d0*] http://www.amasci.com/sc/scilogo7.gif  (1607 OK, 1393 queued)
[2026-08-03 20:20:20]   [2040] 1611 OK, 429 failed, 1390 queued
[2026-08-03 20:20:20]     last fail: http://www.amasci.com/maglev.html
[2026-08-03 20:20:23]   [2045 d0*] http://www.amasci.com/maglev/bbmlev.gif  (1616 OK, 1387 queued)
[2026-08-03 20:20:32]   [2060 d0*] http://www.amasci.com/instr/instr_main.html  (1624 OK, 1372 queued)
[2026-08-03 20:20:32]     +2 links (3438 total known)
[2026-08-03 20:20:34]   [2065 d0*] http://amasci.com/instr/inst2.html  (1629 OK, 1374 queued)
[2026-08-03 20:20:37]   [2070 d0*] http://www.amasci.com/amateur/MIRROR3.GIF  (1633 OK, 1374 queued)
[2026-08-03 20:20:40]   [2075 d0*] http://www.amasci.com/weird/end.html  (1637 OK, 1369 queued)
[2026-08-03 20:20:43]   [2080 d0*] http://www.amasci.com/freenrg/tors/Obspin1.html  (1642 OK, 1365 queued)
[2026-08-03 20:20:45]   [2085 d0*] http://www.amasci.com/freenrg/mie/h2odet.html  (1647 OK, 1360 queued)
[2026-08-03 20:20:48]   [2090 d0*] http://www.amasci.com/freenrg/tors/fig3.jpg  (1652 OK, 1359 queued)
[2026-08-03 20:20:50]   [2095 d0*] http://www.amasci.com/freenrg/potato.txt  (1657 OK, 1354 queued)
[2026-08-03 20:20:53]   [2100 d0*] http://www.amasci.com/freenrg/tors/index.html  (1662 OK, 1351 queued)
[2026-08-03 20:20:56]   [2105 d0*] http://www.amasci.com/hum/hum_map.gif  (1666 OK, 1365 queued)
[2026-08-03 20:20:58]   [2110 d0*] http://www.amasci.com/hum/tinn2.txt  (1671 OK, 1360 queued)
[2026-08-03 20:21:01]   [2115 d0*] http://www.amasci.com/hum/hmap.gif  (1676 OK, 1355 queued)
[2026-08-03 20:21:03]   [2120 d0*] http://www.amasci.com/hum/torshum.html  (1681 OK, 1350 queued)
[2026-08-03 20:21:06]   [2125 d0*] http://www.amasci.com/freenrg/tors/pyrademo.txt  (1686 OK, 1345 queued)
[2026-08-03 20:21:08]   [2130 d0*] http://www.amasci.com/greb/Grebennikov/6s.jpg  (1691 OK, 1378 queued)
[2026-08-03 20:21:11]   [2135 d0*] http://www.amasci.com/greb/Grebennikov/223d.jpg  (1696 OK, 1373 queued)
[2026-08-03 20:21:13]   [2140 d0*] http://www.amasci.com/greb/Grebennikov/10s.jpg  (1701 OK, 1368 queued)
[2026-08-03 20:21:16]   [2145 d0*] http://www.amasci.com/greb/Grebennikov/5s1.jpg  (1705 OK, 1363 queued)
[2026-08-03 20:21:19]   [2150 d0*] http://www.amasci.com/greb/Grebennikov/230a.gif  (1710 OK, 1358 queued)
[2026-08-03 20:21:21]   [2155 d0*] http://www.amasci.com/greb/Grebennikov/223a.jpg  (1715 OK, 1353 queued)
[2026-08-03 20:21:24]   [2160 d0*] http://www.amasci.com/greb/Grebennikov/otkos.jpg  (1720 OK, 1348 queued)
[2026-08-03 20:21:26]   [2165 d0*] http://www.amasci.com/greb/liteline.gif  (1725 OK, 1343 queued)
[2026-08-03 20:21:29]   [2170 d0*] http://www.amasci.com/freenrg/magh2o.html  (1730 OK, 1338 queued)
[2026-08-03 20:21:32]   [2175 d0*] http://www.amasci.com/freenrg/tors/pesf2.gif  (1733 OK, 1336 queued)
[2026-08-03 20:21:35]   [2180 d0*] http://www.amasci.com/freenrg/tors/drbl.doc  (1738 OK, 1332 queued)
[2026-08-03 20:21:37]   [2185 d0*] http://www.amasci.com/freenrg/NMACH5.GIF  (1743 OK, 1327 queued)
[2026-08-03 20:21:40]   [2190 d0*] http://www.amasci.com/freenrg/N_MACH4.GIF  (1747 OK, 1322 queued)
[2026-08-03 20:21:43]   [2195 d0*] http://www.amasci.com/freenrg/N_MACH3.GIF  (1752 OK, 1317 queued)
[2026-08-03 20:21:45]   [2200 d0*] http://www.amasci.com/freenrg/hubbard1.txt  (1757 OK, 1312 queued)
[2026-08-03 20:21:48]   [2205 d0*] http://www.amasci.com/freenrg/prometh.html  (1762 OK, 1307 queued)
[2026-08-03 20:21:50]   [2210 d0*] http://www.amasci.com/freenrg/fejnls.html  (1767 OK, 1303 queued)
[2026-08-03 20:21:53]   [2215 d0*] http://www.amasci.com/freenrg/gravpool.txt  (1772 OK, 1298 queued)
[2026-08-03 20:21:56]   [2220 d0*] http://www.amasci.com/freenrg/tamp.txt  (1775 OK, 1295 queued)
[2026-08-03 20:21:59]   [2225 d0*] http://www.amasci.com/freenrg/tors  (1779 OK, 1291 queued)
[2026-08-03 20:22:05]   [2235 d0*] http://www.amasci.com/amateur/gravcam.html  (1787 OK, 1284 queued)
[2026-08-03 20:22:08]   [2240 d0*] http://www.amasci.com/freenrg/gravres.txt  (1791 OK, 1280 queued)
[2026-08-03 20:22:10]   [2245 d0*] http://www.amasci.com/freenrg/jhs.txt  (1796 OK, 1275 queued)
[2026-08-03 20:22:13]   [2250 d0*] http://www.amasci.com/feynexpt.html  (1801 OK, 1271 queued)
[2026-08-03 20:22:16]   [2255 d0*] http://www.amasci.com/freenrg/clbooks.html  (1805 OK, 1266 queued)
[2026-08-03 20:22:18]   [2260 d0*] http://www.amasci.com/weird/unusual/airhard1.gif  (1809 OK, 1261 queued)
[2026-08-03 20:22:21]   [2265 d0*] http://www.amasci.com/emotor/vdg1.html  (1814 OK, 1256 queued)
[2026-08-03 20:22:24]   [2270 d0*] http://www.amasci.com/emotor/hints.txt  (1819 OK, 1256 queued)
[2026-08-03 20:22:26]   [2275 d0*] http://www.amasci.com/graphics/yt/uwavbotl.jpg  (1823 OK, 1252 queued)
[2026-08-03 20:22:29]   [2280 d0*] http://www.amasci.com/graphics/yt/drydngr.jpg  (1827 OK, 1248 queued)
[2026-08-03 20:22:39]   [2295 d0*] http://www.amasci.com/emotor/sbotlm1.html  (1836 OK, 1235 queued)
[2026-08-03 20:22:41]   [2300 d0*] http://www.amasci.com/static/foster1.html  (1841 OK, 1231 queued)
[2026-08-03 20:22:41]     +4 links (3539 total known)
[2026-08-03 20:22:44]   [2305 d0*] http://www.amasci.com/emotor/tvgen.txt  (1846 OK, 1230 queued)
[2026-08-03 20:22:46]   [2310 d0*] http://www.amasci.com/emotor/vdgroll.gif  (1851 OK, 1226 queued)
[2026-08-03 20:22:49]   [2315 d0*] http://www.amasci.com/emotor/vdgblt1a.gif  (1855 OK, 1221 queued)
[2026-08-03 20:22:52]   [2320 d0*] http://www.amasci.com/electrom/sas51p1.html  (1860 OK, 1216 queued)
[2026-08-03 20:22:52]     +8 links (3548 total known)
[2026-08-03 20:23:00]   [2330 d0*] http://www.amasci.com/emotor/vdgbook.html  (1862 OK, 1214 queued)
[2026-08-03 20:23:02]   [2335 d0*] http://www.amasci.com/graphics/tcoil6.gif  (1867 OK, 1217 queued)
[2026-08-03 20:23:05]   [2340 d0*] http://www.amasci.com/graphics/tcoil1.gif  (1872 OK, 1212 queued)
[2026-08-03 20:23:08]   [2345 d0*] http://www.amasci.com/miscon/whatdef.html  (1876 OK, 1208 queued)
[2026-08-03 20:23:10]   [2350 d0*] http://www.amasci.com/amateur/led.html  (1881 OK, 1205 queued)
[2026-08-03 20:23:13]   [2355 d0*] http://www.amasci.com/weird/microwave/voltage3.html  (1886 OK, 1208 queued)
[2026-08-03 20:23:16]   [2360 d0*] http://www.amasci.com/weird/microwave/microwave.css  (1889 OK, 1206 queued)
[2026-08-03 20:23:18]   [2365 d0*] http://www.amasci.com/graphics/argon/bwl05.jpg  (1894 OK, 1210 queued)
[2026-08-03 20:23:21]   [2370 d0*] http://www.amasci.com/graphics/argon/fixfingr005a.mpg  (1899 OK, 1205 queued)
[2026-08-03 20:23:23]   [2375 d0*] http://www.amasci.com/amateur/clouds.html  (1904 OK, 1200 queued)
[2026-08-03 20:23:26]   [2380 d0*] http://www.amasci.com/graphics/kelvdraw.gif  (1909 OK, 1199 queued)
[2026-08-03 20:23:31]   [2390 d0*] http://www.amasci.com/miscon/whyhard2.html  (1918 OK, 1191 queued)
[2026-08-03 20:23:34]   [2395 d0*] http://www.amasci.com/ele-projs.html  (1923 OK, 1186 queued)
[2026-08-03 20:23:37]   [2400 d0*] http://www.amasci.com/elect/vwatt1.html  (1926 OK, 1184 queued)
[2026-08-03 20:23:37]     +1 links (3589 total known)
[2026-08-03 20:23:44]   [2410 d0*] http://www.amasci.com/elect/poynt/fig7.gif  (1931 OK, 1194 queued)
[2026-08-03 20:23:46]   [2415 d0*] http://www.amasci.com/elect/poynt/fig4.gif  (1936 OK, 1189 queued)
[2026-08-03 20:23:49]   [2420 d0*] http://www.amasci.com/elect/poynt/fig5.gif  (1941 OK, 1184 queued)
[2026-08-03 20:23:51]   [2425 d0*] http://www.amasci.com/exhibits/hiamp.html  (1946 OK, 1179 queued)
[2026-08-03 20:23:54]   [2430 d0*] http://www.amasci.com/emotor/sticky.html  (1950 OK, 1176 queued)
[2026-08-03 20:23:54]     +1 links (3611 total known)
[2026-08-03 20:23:57]   [2435 d0*] http://www.amasci.com/edu/free_sci.html  (1954 OK, 1172 queued)
[2026-08-03 20:24:00]   [2440 d0*] http://www.amasci.com/miscon/rfig3.gif  (1959 OK, 1179 queued)
[2026-08-03 20:24:02]   [2445 d0*] http://www.amasci.com/miscon/rfig6.gif  (1964 OK, 1174 queued)
[2026-08-03 20:24:05]   [2450 d0*] http://www.amasci.com/resume.html  (1969 OK, 1169 queued)
[2026-08-03 20:24:05]     +6 links (3629 total known)
[2026-08-03 20:24:07]   [2455 d0*] http://www.amasci.com/res7.txt  (1974 OK, 1171 queued)
[2026-08-03 20:24:45] ============================================================
[2026-08-03 20:24:45] LIVE MIRROR: amasci.com
[2026-08-03 20:24:45] Seed: http://amasci.com/
[2026-08-03 20:24:45] Seed path: /
[2026-08-03 20:24:45] Max link depth: 5
[2026-08-03 20:24:45] Output: /Users/esaruoho/work/merlib-mirror/sites/amasci.com
[2026-08-03 20:24:45] ============================================================
[2026-08-03 20:24:45] Loaded 1383 seed URLs
[2026-08-03 20:24:46] robots.txt: honouring 72 Disallow rule(s) (MIRROR_IGNORE_ROBOTS=1 to override)
[2026-08-03 20:24:46] Crawling / (download-as-you-go)...
[2026-08-03 20:24:46] Seed queue: 1383 explicit seed(s) drain before discoveries
[2026-08-03 20:24:46]   [1 d0*] http://amasci.com  (1 OK, 0 queued)
[2026-08-03 20:24:46]   [2 d0*] http://amasci.com/  (2 OK, 0 queued)
[2026-08-03 20:24:48]   [4 d0*] http://amasci.com/X-MASS.html  (3 OK, 0 queued)
[2026-08-03 20:24:48]     +2 links (1247 total known)
[2026-08-03 20:24:49]   [6 d0*] http://amasci.com/ads.html  (4 OK, 2 queued)
[2026-08-03 20:24:50]   [8 d0*] http://amasci.com/amasci.html  (5 OK, 2 queued)
[2026-08-03 20:24:50]     +6 links (1253 total known)
[2026-08-03 20:24:51]   [9 d0*] http://amasci.com/amasotw.html  (6 OK, 8 queued)
[2026-08-03 20:24:55]   [15 d0*] http://amasci.com/amateur/ambooks.html  (8 OK, 8 queued)
[2026-08-03 20:24:58]   [20 d0*] http://amasci.com/amateur/anime.html  (12 OK, 13 queued)
[2026-08-03 20:25:01]   [25 d0*] http://amasci.com/amateur/balloon.html  (16 OK, 31 queued)
[2026-08-03 20:25:03]   [30 d0*] http://amasci.com/amateur/beads_list.html  (21 OK, 33 queued)
[2026-08-03 20:25:06]   [35 d0*] http://amasci.com/amateur/blljar1.txt  (26 OK, 33 queued)
[2026-08-03 20:25:08]   [40 d0*] http://amasci.com/amateur/bloblamp.html  (31 OK, 33 queued)
[2026-08-03 20:25:08]     +1 links (1279 total known)
[2026-08-03 20:25:11]   [45 d0*] http://amasci.com/amateur/clouds.html  (35 OK, 36 queued)
[2026-08-03 20:25:14]   [50 d0*] http://amasci.com/amateur/coolsci.html  (40 OK, 37 queued)
[2026-08-03 20:25:14]     +1 links (1283 total known)
[2026-08-03 20:25:20]   [60 d0*] http://amasci.com/amateur/gauge_tubes.html  (48 OK, 46 queued)
[2026-08-03 20:25:26]   [70 d0*] http://amasci.com/amateur/hand1.html  (54 OK, 47 queued)
[2026-08-03 20:25:26]     +12 links (1304 total known)
[2026-08-03 20:25:29]   [75 d0*] http://amasci.com/amateur/holocc.html  (59 OK, 67 queued)
[2026-08-03 20:25:31]   [80 d0*] http://amasci.com/amateur/irgogg2.html  (64 OK, 74 queued)
[2026-08-03 20:25:31]     +6 links (1325 total known)
[2026-08-03 20:25:34]   [85 d0*] http://amasci.com/amateur/lasqueal.html  (68 OK, 94 queued)
[2026-08-03 20:25:37]   [90 d0*] http://amasci.com/amateur/magnerite.html  (73 OK, 94 queued)
[2026-08-03 20:25:43]   [100 d0*] http://amasci.com/amateur/nerdsmax.html  (79 OK, 99 queued)
[2026-08-03 20:25:46]   [105 d0*] http://amasci.com/amateur/physvids.html  (84 OK, 99 queued)
[2026-08-03 20:25:48]   [110 d0*] http://amasci.com/amateur/pykrete.html  (88 OK, 121 queued)
[2026-08-03 20:25:51]   [115 d0*] http://amasci.com/amateur/sciam1.html  (92 OK, 122 queued)
[2026-08-03 20:25:54]   [120 d0*] http://amasci.com/amateur/screet.html  (96 OK, 123 queued)
[2026-08-03 20:26:03]   [135 d0*] http://amasci.com/amateur/traffic/jamail.txt  (108 OK, 145 queued)
[2026-08-03 20:26:06]   [140 d0*] http://amasci.com/amateur/traffic/tanim.html  (111 OK, 145 queued)
[2026-08-03 20:26:08]   [145 d0*] http://amasci.com/amateur/traffic/traffic1.html  (116 OK, 157 queued)
[2026-08-03 20:26:11]   [150 d0*] http://amasci.com/amateur/transis.html  (121 OK, 157 queued)
[2026-08-03 20:26:13]   [155 d0*] http://amasci.com/amateur/videos.html  (126 OK, 157 queued)
[2026-08-03 20:26:16]   [160] 130 OK, 30 failed, 207 queued
[2026-08-03 20:26:16]     last fail: http://amasci.com/amateur/we-nerds.html
[2026-08-03 20:26:25]   [175 d0*] http://amasci.com/art/dork07/phos_IR.html  (141 OK, 213 queued)
[2026-08-03 20:26:28]   [180 d0*] http://amasci.com/art/ideas/index.html  (146 OK, 218 queued)
[2026-08-03 20:26:28]     +1 links (1464 total known)
[2026-08-03 20:26:31]   [185 d0*] http://amasci.com/art/pondmach/msgs2.txt  (150 OK, 219 queued)
[2026-08-03 20:26:33]   [190 d0*] http://amasci.com/art/pondmach/pond3_1.html  (155 OK, 228 queued)
[2026-08-03 20:26:33]     +5 links (1478 total known)
[2026-08-03 20:26:36]   [195 d0*] http://amasci.com/blog.html  (159 OK, 247 queued)
[2026-08-03 20:26:39]   [200 d0*] http://amasci.com/brainx/  (163 OK, 251 queued)
[2026-08-03 20:26:42]   [205 d0*] http://amasci.com/caps/capnotes.txt  (167 OK, 253 queued)
[2026-08-03 20:26:44]   [210 d0*] http://amasci.com/caps/index.html  (172 OK, 262 queued)
[2026-08-03 20:26:47]   [215 d0*] http://amasci.com/coilgen/generator_3.html  (177 OK, 264 queued)
[2026-08-03 20:26:50]   [220] 179 OK, 41 failed, 265 queued
[2026-08-03 20:26:50]     last fail: http://amasci.com/contributor/1755745
[2026-08-03 20:26:58]   [230 d0*] http://amasci.com/devices.txt  (180 OK, 265 queued)
[2026-08-03 20:27:05]   [240 d0*] http://amasci.com/edu./free_sci.html  (184 OK, 267 queued)
[2026-08-03 20:27:05]     +1 links (1513 total known)
[2026-08-03 20:27:08]   [245 d0*] http://amasci.com/ele-projs.html  (188 OK, 269 queued)
[2026-08-03 20:27:20]   [260] 192 OK, 68 failed, 271 queued
[2026-08-03 20:27:20]     last fail: http://amasci.com/elect/elect/coilb.gif
[2026-08-03 20:27:26]   [270 d0*] http://amasci.com/elect/mcoils.html  (197 OK, 285 queued)
[2026-08-03 20:27:32]   [280 d0*] http://amasci.com/electrom/e-field2.html  (206 OK, 300 queued)
[2026-08-03 20:27:32]     +3 links (1548 total known)
[2026-08-03 20:27:42]   [295 d0*] http://amasci.com/elehob/elehob1.html  (212 OK, 307 queued)
[2026-08-03 20:27:45]   [300 d0*] http://amasci.com/elehob/elehot.html  (217 OK, 307 queued)
[2026-08-03 20:27:51]   [310 d0*] http://amasci.com/emotor/chargdet.html  (224 OK, 315 queued)
[2026-08-03 20:27:51]     +1 links (1561 total known)
[2026-08-03 20:27:54]   [315 d0*] http://amasci.com/emotor/electoph.html  (228 OK, 317 queued)
[2026-08-03 20:27:56]   [320 d0*] http://amasci.com/emotor/emotor.html  (233 OK, 321 queued)
[2026-08-03 20:28:03]   [330 d0*] http://amasci.com/emotor/fredbru.txt  (237 OK, 331 queued)
[2026-08-03 20:28:06]   [335 d0*] http://amasci.com/emotor/ikelv.html  (242 OK, 332 queued)
[2026-08-03 20:28:09]   [340] 246 OK, 94 failed, 336 queued
[2026-08-03 20:28:09]     last fail: http://amasci.com/emotor/main.css
[2026-08-03 20:28:11]   [345 d0*] http://amasci.com/emotor/negion.html  (250 OK, 336 queued)
[2026-08-03 20:28:14]   [350 d0*] http://amasci.com/emotor/safe.html  (254 OK, 336 queued)
[2026-08-03 20:28:17]   [355 d0*] http://amasci.com/emotor/sphere.html  (258 OK, 338 queued)
[2026-08-03 20:28:20]   [360] 261 OK, 99 failed, 339 queued
[2026-08-03 20:28:20]     last fail: http://amasci.com/emotor/static/electrostatic3.html
[2026-08-03 20:28:23]   [365 d0*] http://amasci.com/emotor/sticky.html  (266 OK, 350 queued)
[2026-08-03 20:28:29]   [375 d0*] http://amasci.com/emotor/vdgbug.html  (274 OK, 353 queued)
[2026-08-03 20:28:31]   [380 d0*] http://amasci.com/emotor/vdgtame.html  (279 OK, 354 queued)
[2026-08-03 20:28:31]     +1 links (1600 total known)
[2026-08-03 20:28:34]   [385 d0*] http://amasci.com/esloud/eslhwto.html  (284 OK, 355 queued)
[2026-08-03 20:28:36]   [390 d0*] http://amasci.com/exhibits/vort.html  (289 OK, 363 queued)
[2026-08-03 20:28:42]   [400 d0*] http://amasci.com/feyntape.html  (298 OK, 372 queued)
[2026-08-03 20:28:44]   [405 d0*] http://amasci.com/filmstr/filmstr3.mp3  (303 OK, 374 queued)
[2026-08-03 20:28:50]   [415 d0*] http://amasci.com/freenrg/aerocrit.txt  (312 OK, 376 queued)
[2026-08-03 20:28:52]   [420 d0*] http://amasci.com/freenrg/audpush.txt  (317 OK, 383 queued)
[2026-08-03 20:28:55]   [425 d0*] http://amasci.com/freenrg/bark.html  (322 OK, 383 queued)
[2026-08-03 20:28:57]   [430 d0*] http://amasci.com/freenrg/bindet.html  (327 OK, 391 queued)
[2026-08-03 20:29:00]   [435 d0*] http://amasci.com/freenrg/clbooks.html  (332 OK, 393 queued)
[2026-08-03 20:29:03]   [440 d0*] http://amasci.com/freenrg/dworld.txt  (336 OK, 394 queued)
[2026-08-03 20:29:05]   [445 d0*] http://amasci.com/freenrg/febooks.html  (341 OK, 395 queued)
[2026-08-03 20:29:08]   [450 d0*] http://amasci.com/freenrg/fogal2.txt  (346 OK, 401 queued)
[2026-08-03 20:29:11]   [455 d0*] http://amasci.com/freenrg/gr1.txt  (350 OK, 401 queued)
[2026-08-03 20:29:13]   [460 d0*] http://amasci.com/freenrg/gravbook.txt  (355 OK, 402 queued)
[2026-08-03 20:29:16]   [465 d0*] http://amasci.com/freenrg/gravres.txt  (360 OK, 402 queued)
[2026-08-03 20:29:18]   [470 d0*] http://amasci.com/freenrg/h2odet.html  (365 OK, 402 queued)
[2026-08-03 20:29:18]     +1 links (1648 total known)
[2026-08-03 20:29:21]   [475 d0*] http://amasci.com/freenrg/index.html  (370 OK, 404 queued)
[2026-08-03 20:29:23]   [480 d0*] http://amasci.com/freenrg/laughed.html  (375 OK, 404 queued)
[2026-08-03 20:29:26]   [485 d0*] http://amasci.com/freenrg/magheal.html  (379 OK, 405 queued)
[2026-08-03 20:29:29]   [490 d0*] http://amasci.com/freenrg/magputt.txt  (384 OK, 405 queued)
[2026-08-03 20:29:31]   [495 d0*] http://amasci.com/freenrg/minicom.txt  (389 OK, 413 queued)
[2026-08-03 20:29:34]   [500 d0*] http://amasci.com/freenrg/n-mach.html  (394 OK, 418 queued)
[2026-08-03 20:29:34]     +12 links (1675 total known)
[2026-08-03 20:29:37]   [505 d0*] http://amasci.com/freenrg/nikfall.txt  (399 OK, 430 queued)
[2026-08-03 20:29:39]   [510 d0*] http://amasci.com/freenrg/phslmag.txt  (404 OK, 430 queued)
[2026-08-03 20:29:42]   [515 d0*] http://amasci.com/freenrg/pok.txt  (409 OK, 430 queued)
[2026-08-03 20:29:44]   [520 d0*] http://amasci.com/freenrg/pyrexp1.html  (414 OK, 430 queued)
[2026-08-03 20:29:47]   [525 d0*] http://amasci.com/freenrg/rules1.html  (419 OK, 430 queued)
[2026-08-03 20:29:49]   [530 d0*] http://amasci.com/freenrg/seapts.html  (424 OK, 430 queued)
[2026-08-03 20:29:52]   [535 d0*] http://amasci.com/freenrg/steam1.html  (429 OK, 430 queued)
[2026-08-03 20:29:54]   [540 d0*] http://amasci.com/freenrg/tomidev.txt  (434 OK, 434 queued)
[2026-08-03 20:29:57]   [545 d0*] http://amasci.com/freenrg/tors/drbl.doc  (439 OK, 441 queued)
[2026-08-03 20:29:59]   [550 d0*] http://amasci.com/freenrg/tors/floaters.html  (444 OK, 441 queued)
[2026-08-03 20:30:02]   [555 d0*] http://amasci.com/freenrg/tors/spin1.html  (448 OK, 443 queued)
[2026-08-03 20:30:05]   [560 d0*] http://amasci.com/freenrg/twain.html  (452 OK, 444 queued)
[2026-08-03 20:30:05]     +1 links (1690 total known)
[2026-08-03 20:30:08]   [565 d0*] http://amasci.com/freenrg/wassrmag.html  (457 OK, 445 queued)
[2026-08-03 20:30:18]   [580 d0*] http://amasci.com/graphics/abcb.gif  (465 OK, 445 queued)
[2026-08-03 20:30:20]   [585 d0*] http://amasci.com/graphics/newearth.gif  (470 OK, 445 queued)
[2026-08-03 20:30:23]   [590 d0*] http://amasci.com/graphics/traflow.jpg  (475 OK, 445 queued)
[2026-08-03 20:30:25]   [595 d0*] http://amasci.com/guestbook.html  (480 OK, 483 queued)
[2026-08-03 20:30:28]   [600 d0*] http://amasci.com/home.html  (485 OK, 486 queued)
[2026-08-03 20:30:33]   [610 d0*] http://amasci.com/hum/chco2-19.wav  (491 OK, 488 queued)
[2026-08-03 20:30:40]   [620 d0*] http://amasci.com/hum/humfaq.txt  (496 OK, 493 queued)
[2026-08-03 20:30:42]   [625 d0*] http://amasci.com/hum/info.txt  (501 OK, 494 queued)
[2026-08-03 20:30:45]   [630 d0*] http://amasci.com/hum/newshum2.txt  (506 OK, 494 queued)
[2026-08-03 20:30:47]   [635 d0*] http://amasci.com/hum/torshum.html  (511 OK, 494 queued)
[2026-08-03 20:30:50]   [640 d0*] http://amasci.com/index.html  (515 OK, 494 queued)
[2026-08-03 20:30:56]   [650 d0*] http://amasci.com/junkdec.htm  (522 OK, 502 queued)
[2026-08-03 20:31:04]   [660] 525 OK, 135 failed, 502 queued
[2026-08-03 20:31:04]     last fail: http://amasci.com/links.html
[2026-08-03 20:31:07]   [665 d0*] http://amasci.com/maglev/hall.txt  (529 OK, 502 queued)
[2026-08-03 20:31:09]   [670 d0*] http://amasci.com/maglev/lev/index.html  (534 OK, 538 queued)
[2026-08-03 20:31:12]   [675 d0*] http://amasci.com/maglev/linmot.html  (539 OK, 546 queued)
[2026-08-03 20:31:14]   [680 d0*] http://amasci.com/maglev/train.html  (544 OK, 549 queued)
[2026-08-03 20:31:21]   [690 d0*] http://amasci.com/miscon/curstat.html  (550 OK, 555 queued)
[2026-08-03 20:31:23]   [695 d0*] http://amasci.com/miscon/elect.html  (555 OK, 556 queued)
[2026-08-03 20:31:26]   [700 d0*] http://amasci.com/miscon/ener1.html  (560 OK, 557 queued)
[2026-08-03 20:31:28]   [705 d0*] http://amasci.com/miscon/germ.html  (565 OK, 557 queued)
[2026-08-03 20:31:31]   [710 d0*] http://amasci.com/miscon/k6.txt  (570 OK, 558 queued)
[2026-08-03 20:31:34]   [715 d0*] http://amasci.com/miscon/lenslet.txt  (574 OK, 558 queued)
[2026-08-03 20:31:36]   [720 d0*] http://amasci.com/miscon/miscon.html  (578 OK, 558 queued)
[2026-08-03 20:31:39]   [725 d0*] http://amasci.com/miscon/opphys.html  (583 OK, 563 queued)
[2026-08-03 20:31:42]   [730 d0*] http://amasci.com/miscon/voltage.html  (588 OK, 563 queued)
[2026-08-03 20:31:42]     +2 links (1810 total known)
[2026-08-03 20:31:44]   [735 d0*] http://amasci.com/miscon/whatener.html  (593 OK, 566 queued)
[2026-08-03 20:31:47]   [740 d0*] http://amasci.com/mistake.html  (598 OK, 567 queued)
[2026-08-03 20:31:50]   [745 d0*] http://amasci.com/newname.html  (601 OK, 568 queued)
[2026-08-03 20:31:53]   [750 d0*] http://amasci.com/pathsk2.txt  (604 OK, 592 queued)
[2026-08-03 20:31:59]   [760 d0*] http://amasci.com/rapr.html  (611 OK, 592 queued)
[2026-08-03 20:32:02]   [765 d0*] http://amasci.com/sas.txt  (616 OK, 607 queued)
[2026-08-03 20:32:05]   [770 d0*] http://amasci.com/sc/NSFlogo.gif  (619 OK, 607 queued)
[2026-08-03 20:32:13]   [780 d0*] http://amasci.com/sc/kidfun.html  (621 OK, 607 queued)
[2026-08-03 20:32:13]     +1 links (1853 total known)
[2026-08-03 20:32:15]   [785 d0*] http://amasci.com/sc/kidres1.html  (626 OK, 611 queued)
[2026-08-03 20:32:22]   [795 d0*] http://amasci.com/sc/proj/scifair.html  (632 OK, 611 queued)
[2026-08-03 20:32:25]   [800] 634 OK, 166 failed, 616 queued
[2026-08-03 20:32:25]     last fail: http://amasci.com/sc/teach.html
[2026-08-03 20:32:28]   [805 d0*] http://amasci.com/scied.html  (638 OK, 616 queued)
[2026-08-03 20:32:35]   [815 d0*] http://amasci.com/scifair/bio.html  (641 OK, 617 queued)
[2026-08-03 20:32:37]   [820 d0*] http://amasci.com/scifair/psych.html  (646 OK, 624 queued)
[2026-08-03 20:32:40]   [825 d0*] http://amasci.com/search.html  (651 OK, 624 queued)
[2026-08-03 20:32:50]   [840 d0*] http://amasci.com/static/e-disease.html  (658 OK, 629 queued)
[2026-08-03 20:32:50]     +1 links (1875 total known)
[2026-08-03 20:32:52]   [845 d0*] http://amasci.com/static/fostergen.html  (663 OK, 633 queued)
[2026-08-03 20:33:03]   [860] 670 OK, 190 failed, 673 queued
[2026-08-03 20:33:03]     last fail: http://amasci.com/stats/bookmarks
[2026-08-03 20:33:06]   [865 d0*] http://amasci.com/stats/idbypage.html  (674 OK, 698 queued)
[2026-08-03 20:33:09]   [870 d0*] http://amasci.com/stats/referr.txt  (677 OK, 726 queued)
[2026-08-03 20:33:15]   [880 d0*] http://amasci.com/supress1.html  (683 OK, 727 queued)
[2026-08-03 20:33:18]   [885 d0*] http://amasci.com/surplus/surpls.html  (688 OK, 729 queued)
[2026-08-03 20:33:21]   [890 d0*] http://amasci.com/telsa/tesla.html  (690 OK, 729 queued)
[2026-08-03 20:33:21]     +1 links (1976 total known)
[2026-08-03 20:33:24]   [895 d0*] http://amasci.com/tesla/ballbook.txt  (695 OK, 730 queued)
[2026-08-03 20:33:27]   [900 d0*] http://amasci.com/tesla/ballpprs.html  (700 OK, 731 queued)
[2026-08-03 20:33:29]   [905 d0*] http://amasci.com/tesla/bigball3.html  (705 OK, 731 queued)
[2026-08-03 20:33:32]   [910 d0*] http://amasci.com/tesla/blnews2.txt  (710 OK, 731 queued)
[2026-08-03 20:33:34]   [915 d0*] http://amasci.com/tesla/cap.txt  (715 OK, 731 queued)
[2026-08-03 20:33:37]   [920 d0*] http://amasci.com/tesla/cdzap.txt  (720 OK, 732 queued)
[2026-08-03 20:33:39]   [925 d0*] http://amasci.com/tesla/fieldexe.txt  (725 OK, 734 queued)
[2026-08-03 20:33:42]   [930 d0*] http://amasci.com/tesla/high_voltage3.html  (730 OK, 744 queued)
[2026-08-03 20:33:42]     +7 links (1997 total known)
[2026-08-03 20:33:44]   [935 d0*] http://amasci.com/tesla/lgtjar.txt  (735 OK, 753 queued)
[2026-08-03 20:33:48]   [940 d0*] http://amasci.com/tesla/ozone.txt  (739 OK, 759 queued)
[2026-08-03 20:33:50]   [945 d0*] http://amasci.com/tesla/reslist.html  (744 OK, 759 queued)
[2026-08-03 20:33:53]   [950 d0*] http://amasci.com/tesla/tc.txt  (749 OK, 760 queued)
[2026-08-03 20:33:55]   [955 d0*] http://amasci.com/tesla/tealase.txt  (754 OK, 760 queued)
[2026-08-03 20:33:58]   [960 d0*] http://amasci.com/tesla/tesceive.html  (759 OK, 760 queued)
[2026-08-03 20:34:00]   [965 d0*] http://amasci.com/tesla/tesla.html  (764 OK, 761 queued)
[2026-08-03 20:34:04]   [970 d0*] http://amasci.com/tesla/teslafaq.html  (766 OK, 761 queued)
[2026-08-03 20:34:06]   [975 d0*] http://amasci.com/tesla/testrik.txt  (771 OK, 780 queued)
[2026-08-03 20:34:09]   [980 d0*] http://amasci.com/tesla/toroid2.txt  (776 OK, 789 queued)
[2026-08-03 20:34:12]   [985 d0*] http://amasci.com/tesla/violet_bd-10.html  (781 OK, 789 queued)
[2026-08-03 20:34:14]   [990 d0*] http://amasci.com/tesla/wire1.html  (785 OK, 791 queued)
[2026-08-03 20:34:17]   [995 d0*] http://amasci.com/toys/ftstool.html  (790 OK, 792 queued)
[2026-08-03 20:34:20]   [1000 d0*] http://amasci.com/traffic/  (793 OK, 793 queued)
[2026-08-03 20:34:23]   [1005 d0*] http://amasci.com/viselect/index.html  (797 OK, 795 queued)
[2026-08-03 20:34:26]   [1010 d0*] http://amasci.com/we-nerds.html  (801 OK, 803 queued)
[2026-08-03 20:34:32]   [1020 d0*] http://amasci.com/weird/antigrav/antigrav3.html  (809 OK, 804 queued)
[2026-08-03 20:34:35]   [1025 d0*] http://amasci.com/weird/ballsty1.txt  (811 OK, 805 queued)
[2026-08-03 20:34:38]   [1030 d0*] http://amasci.com/weird/dircty.txt  (816 OK, 811 queued)
[2026-08-03 20:34:41]   [1035 d0*] http://amasci.com/weird/flamer.html  (820 OK, 812 queued)
[2026-08-03 20:34:43]   [1040 d0*] http://amasci.com/weird/humanIR.html  (825 OK, 815 queued)
[2026-08-03 20:34:46]   [1045 d0*] http://amasci.com/weird/microwave/voltage2.html  (829 OK, 815 queued)
[2026-08-03 20:34:49]   [1050 d0*] http://amasci.com/weird/pyrrhon.html  (834 OK, 820 queued)
[2026-08-03 20:34:51]   [1055 d0*] http://amasci.com/weird/sciattid.html  (839 OK, 820 queued)
[2026-08-03 20:34:54]   [1060 d0*] http://amasci.com/weird/suprss.html  (844 OK, 821 queued)
[2026-08-03 20:34:59]   [1070 d0*] http://amasci.com/weird/unusual/airhard.html  (847 OK, 824 queued)
[2026-08-03 20:35:02]   [1075 d0*] http://amasci.com/weird/unusual/animold.html  (852 OK, 830 queued)
[2026-08-03 20:35:04]   [1080 d0*] http://amasci.com/weird/unusual/blold3.html  (857 OK, 830 queued)
[2026-08-03 20:35:07]   [1085 d0*] http://amasci.com/weird/unusual/evilev.html  (862 OK, 831 queued)
[2026-08-03 20:35:10]   [1090 d0*] http://amasci.com/weird/unusual/index.html  (865 OK, 831 queued)
[2026-08-03 20:35:16]   [1100 d0*] http://amasci.com/weird/unusual/paranold.html  (869 OK, 834 queued)
[2026-08-03 20:35:19]   [1105 d0*] http://amasci.com/weird/unusual/sli.html  (874 OK, 834 queued)
[2026-08-03 20:35:21]   [1110 d0*] http://amasci.com/weird/unusual/unexold.html  (879 OK, 835 queued)
[2026-08-03 20:35:24]   [1115 d0*] http://amasci.com/weird/unusual/weathold.html  (884 OK, 835 queued)
[2026-08-03 20:35:26]   [1120] 884 OK, 236 failed, 835 queued
[2026-08-03 20:35:26]     last fail: http://amasci.com/weird/unusual/www.myspacedot com/lomius_salsero
[2026-08-03 20:35:29]   [1125 d0*] http://amasci.com/weird/unusual/zap.html  (885 OK, 835 queued)
[2026-08-03 20:35:32]   [1130 d0*] http://amasci.com/weird/vortex.txt  (890 OK, 838 queued)
[2026-08-03 20:35:35]   [1135 d0*] http://amasci.com/weird/vortex/subc.html  (895 OK, 838 queued)
[2026-08-03 20:35:37]   [1140 d0*] http://amasci.com/weird/vortgone.txt  (900 OK, 839 queued)
[2026-08-03 20:35:40]   [1145 d0*] http://amasci.com/weird/wbookstr.html  (905 OK, 839 queued)
[2026-08-03 20:35:42]   [1150 d0*] http://amasci.com/weird/wener.html  (909 OK, 841 queued)
[2026-08-03 20:35:45]   [1155 d0*] http://amasci.com/weird/wlists.html  (914 OK, 842 queued)
[2026-08-03 20:35:48]   [1160 d0*] http://amasci.com/weird/wpro.html  (919 OK, 842 queued)
[2026-08-03 20:35:50]   [1165 d0*] http://amasci.com/weird/wsotw.html  (924 OK, 843 queued)
[2026-08-03 20:35:56]   [1175 d0*] http://amasci.com/wing/airgif.html  (932 OK, 861 queued)
[2026-08-03 20:35:59]   [1180 d0*] http://amasci.com/wing/index.html  (937 OK, 918 queued)
[2026-08-03 20:36:01]   [1185 d0*] http://amasci.com/wing/rebut.html  (941 OK, 918 queued)
[2026-08-03 20:36:04]   [1190 d0*] http://amasci.com/wing/straub.txt  (946 OK, 920 queued)
[2026-08-03 20:36:06]   [1195 d0*] http://amasci.com/wing/wingexp.html  (951 OK, 920 queued)
[2026-08-03 20:36:09]   [1200 d0*] http://amasci.com/wnews.html  (955 OK, 920 queued)
[2026-08-03 20:36:12]   [1205 d0*] http://amasci.com/wsci/index.html  (960 OK, 920 queued)
[2026-08-03 20:36:24]   [1220] 961 OK, 259 failed, 920 queued
[2026-08-03 20:36:24]     last fail: http://amasci.com/~billb/cgi-bin/guest12.html
[2026-08-03 20:36:40]   [1240] 961 OK, 279 failed, 920 queued
[2026-08-03 20:36:40]     last fail: http://amasci.com/~billb/cgi-bin/sc/scifair/hint.html
[2026-08-03 20:36:48]   [1250 d0*] http://www.amasci.com  (962 OK, 920 queued)
[2026-08-03 20:36:52]   [1255 d0*] http://www.amasci.com/amateur/  (965 OK, 920 queued)
[2026-08-03 20:36:54]   [1260 d0*] http://www.amasci.com/amateur/hand1.html  (970 OK, 920 queued)
[2026-08-03 20:36:57]   [1265 d0*] http://www.amasci.com/amateur/pykrete.html  (975 OK, 920 queued)
[2026-08-03 20:36:59]   [1270 d0*] http://www.amasci.com/amateur/traffic/  (980 OK, 920 queued)
[2026-08-03 20:37:02]   [1275 d0*] http://www.amasci.com/amateur/traffic/trafexp.html  (985 OK, 920 queued)
[2026-08-03 20:37:05]   [1280 d0*] http://www.amasci.com/caps/capatnt.html  (990 OK, 920 queued)
[2026-08-03 20:37:07]   [1285 d0*] http://www.amasci.com/electrom/electrom.html  (995 OK, 920 queued)
[2026-08-03 20:37:10]   [1290 d0*] http://www.amasci.com/emotor/electoph.txt  (1000 OK, 920 queued)
[2026-08-03 20:37:12]   [1295 d0*] http://www.amasci.com/emotor/kelvin.html  (1005 OK, 920 queued)
[2026-08-03 20:37:15]   [1300 d0*] http://www.amasci.com/emotor/vdg.html  (1010 OK, 920 queued)
[2026-08-03 20:37:17]   [1305 d0*] http://www.amasci.com/faq.html  (1015 OK, 920 queued)
[2026-08-03 20:37:20]   [1310 d0*] http://www.amasci.com/freenrg/esj.html  (1020 OK, 920 queued)
[2026-08-03 20:37:22]   [1315 d0*] http://www.amasci.com/freenrg/n-mach.html  (1025 OK, 920 queued)
[2026-08-03 20:37:25]   [1320 d0*] http://www.amasci.com/hum/humrpt2.html  (1030 OK, 920 queued)
[2026-08-03 20:37:28]   [1325 d0*] http://www.amasci.com/miscon/a-rant.html  (1035 OK, 920 queued)
[2026-08-03 20:37:30]   [1330 d0*] http://www.amasci.com/miscon/lens1.html  (1040 OK, 920 queued)
[2026-08-03 20:37:33]   [1335 d0*] http://www.amasci.com/miscon/physl.html  (1045 OK, 920 queued)
[2026-08-03 20:37:36]   [1340] 1049 OK, 291 failed, 920 queued
[2026-08-03 20:37:36]     last fail: http://www.amasci.com/sci-list/arch.txt
[2026-08-03 20:37:38]   [1345 d0*] http://www.amasci.com/scifair/psych.html  (1054 OK, 920 queued)
[2026-08-03 20:37:41]   [1350 d0*] http://www.amasci.com/tesla/diode.html  (1059 OK, 920 queued)
[2026-08-03 20:37:43]   [1355 d0*] http://www.amasci.com/unew.html  (1064 OK, 920 queued)
[2026-08-03 20:37:46]   [1360 d0*] http://www.amasci.com/weird/const.html  (1069 OK, 920 queued)
[2026-08-03 20:37:49]   [1365 d0*] http://www.amasci.com/weird/unusual/bl.html  (1074 OK, 920 queued)
[2026-08-03 20:37:51]   [1370 d0*] http://www.amasci.com/weird/unusual/unusual.html  (1079 OK, 920 queued)
[2026-08-03 20:37:54]   [1375 d0*] http://www.amasci.com/weird/wvort.html  (1084 OK, 920 queued)
[2026-08-03 20:37:57]   [1380] 1086 OK, 294 failed, 920 queued
[2026-08-03 20:37:57]     last fail: http://www.amasci.com/~billb/cgi-bin/instr/instold.html
[2026-08-03 20:38:01]   [1385 d0*] http://amasci.com/wing/rotgif1.gif  (1088 OK, 918 queued)
[2026-08-03 20:38:13]   [1400] 1088 OK, 312 failed, 903 queued
[2026-08-03 20:38:13]     last fail: http://amasci.com/images/menu/nav_r4_c9.gif
[2026-08-03 20:38:30]   [1420] 1089 OK, 331 failed, 883 queued
[2026-08-03 20:38:30]     last fail: http://amasci.com/images/menu/navleft_r26_c1.gif
[2026-08-03 20:38:46]   [1440 d0*] http://amasci.com/wing/Weltner1a.gif  (1094 OK, 863 queued)
[2026-08-03 20:38:48]   [1445 d0*] http://amasci.com/weird/vortex/cofu.doc  (1099 OK, 858 queued)
[2026-08-03 20:38:51]   [1450 d0*] http://amasci.com/weird/fieldwkb.doc  (1104 OK, 853 queued)
[2026-08-03 20:38:53]   [1455 d0*] http://amasci.com/freenrg/antigrav.html   (1109 OK, 848 queued)
[2026-08-03 20:38:56]   [1460 d0*] http://amasci.com/llcast.html  (1114 OK, 843 queued)
[2026-08-03 20:38:56]     +1 links (2168 total known)
[2026-08-03 20:38:59]   [1465 d0*] http://amasci.com/weird/momk01.htm  (1118 OK, 839 queued)
[2026-08-03 20:39:06]   [1475 d0*] http://amasci.com/weird/unusual/wots050399.htm  (1122 OK, 834 queued)
[2026-08-03 20:39:08]   [1480 d0*] http://amasci.com/weird/unusual/hhh.html  (1126 OK, 829 queued)
[2026-08-03 20:39:11]   [1485 d0*] http://amasci.com/weird/unusual/thsquig3.gif  (1131 OK, 824 queued)
[2026-08-03 20:39:14]   [1490 d0*] http://amasci.com/weird/microwvave/voltage2.html  (1136 OK, 819 queued)
[2026-08-03 20:39:14]     +1 links (2174 total known)
[2026-08-03 20:39:16]   [1495 d0*] http://amasci.com/graphics/blotrch.jpg  (1141 OK, 815 queued)
[2026-08-03 20:39:20]   [1500 d0*] http://amasci.com/freenrg/elgo2.html  (1143 OK, 810 queued)
[2026-08-03 20:39:20]     +1 links (2175 total known)
[2026-08-03 20:39:22]   [1505 d0*] http://amasci.com/news.html   (1148 OK, 806 queued)
[2026-08-03 20:39:25]   [1510 d0*] http://amasci.com/viselect/layout1.gif  (1153 OK, 801 queued)
[2026-08-03 20:39:27]   [1515 d0*] http://amasci.com/graphics/achlfhz2.gif  (1158 OK, 796 queued)
[2026-08-03 20:39:30]   [1520 d0*] http://amasci.com/graphics/amazonh.jpg  (1162 OK, 791 queued)
[2026-08-03 20:39:33]   [1525 d0*] http://amasci.com/graphics/tcoil1.gif  (1167 OK, 786 queued)
[2026-08-03 20:39:35]   [1530 d0*] http://amasci.com/graphics/tcoil6.gif  (1172 OK, 781 queued)
[2026-08-03 20:39:43]   [1540] 1173 OK, 367 failed, 771 queued
[2026-08-03 20:39:43]     last fail: http://amasci.com/tesla/pictures/tesla.gif
[2026-08-03 20:39:54]   [1555 d0*] http://amasci.com/tesla/reson2.gif  (1178 OK, 756 queued)
[2026-08-03 20:39:57]   [1560 d0*] http://amasci.com/tesla/jlladdr.html  (1183 OK, 751 queued)
[2026-08-03 20:39:59]   [1565 d0*] http://amasci.com/tesla/tc.html  (1188 OK, 746 queued)
[2026-08-03 20:40:02]   [1570 d0*] http://amasci.com/graphics/argon/fixfingr005a.mpg  (1193 OK, 741 queued)
[2026-08-03 20:40:04]   [1575 d0*] http://amasci.com/graphics/argon/clsup08.jpg  (1198 OK, 736 queued)
[2026-08-03 20:40:07]   [1580 d0*] http://amasci.com/tesla/bottle.jpg  (1203 OK, 731 queued)
[2026-08-03 20:40:22]   [1600] 1207 OK, 393 failed, 711 queued
[2026-08-03 20:40:22]     last fail: http://amasci.com/stats/page.cgi?a=62352461&page=3
[2026-08-03 20:40:34]   [1615 d0*] http://www.amasci.com/amateur/?M=A  (1208 OK, 696 queued)
[2026-08-03 20:40:39]   [1620] 1208 OK, 412 failed, 691 queued
[2026-08-03 20:40:39]     last fail: http://amasci.com/stats/ar_date.cgi?a=62352461&p=
[2026-08-03 20:40:55]   [1640] 1209 OK, 431 failed, 671 queued
[2026-08-03 20:40:55]     last fail: http://amasci.com/stats/ar_date.cgi?a=62352461
[2026-08-03 20:41:12]   [1660] 1209 OK, 451 failed, 651 queued
[2026-08-03 20:41:12]     last fail: http://amasci.com/stats/v_bill.cgi?a=62352461&p=missing
[2026-08-03 20:41:27]   [1680 d0*] http://amasci.com/graphics/foster4a.jpg  (1213 OK, 631 queued)
[2026-08-03 20:41:29]   [1685 d0*] http://amasci.com/freenrg/seaback.html  (1218 OK, 626 queued)
[2026-08-03 20:41:36]   [1695 d0*] http://amasci.com/amateur/video.html  (1223 OK, 616 queued)
[2026-08-03 20:41:40]   [1700 d0*] http://amasci.com/sc/kidlink1.htm  (1225 OK, 611 queued)
[2026-08-03 20:41:42]   [1705 d0*] http://amasci.com/wrd03emb.doc  (1230 OK, 606 queued)
[2026-08-03 20:41:45]   [1710 d0*] http://amasci.com/miscon/rfig11.gif  (1235 OK, 601 queued)
[2026-08-03 20:41:47]   [1715 d0*] http://amasci.com/graphics/abc.jpg  (1240 OK, 596 queued)
[2026-08-03 20:41:50]   [1720 d0*] http://amasci.com/amateur/scrreet.html  (1245 OK, 591 queued)
[2026-08-03 20:41:52]   [1725 d0*] http://amasci.com/amateur/sundogs.html  (1250 OK, 586 queued)
[2026-08-03 20:41:55]   [1730 d0*] http://amasci.com/hum/bristol.txt  (1255 OK, 581 queued)
[2026-08-03 20:41:57]   [1735 d0*] http://amasci.com/graphics/tes_radpat2.gif  (1260 OK, 603 queued)
[2026-08-03 20:42:00]   [1740 d0*] http://amasci.com/graphics/tesla/wardenc3.jpg  (1265 OK, 598 queued)
[2026-08-03 20:42:03]   [1745 d0*] http://amasci.com/graphics/tstowr.jpg  (1270 OK, 593 queued)
[2026-08-03 20:42:05]   [1750 d0*] http://amasci.com/graphics/tes_blloon.gif  (1275 OK, 588 queued)
[2026-08-03 20:42:08]   [1755 d0*] http://amasci.com/graphics/tstrain.jpg  (1280 OK, 583 queued)
[2026-08-03 20:42:10]   [1760 d0*] http://amasci.com/graphics/tesla_bulbs1.jpg  (1285 OK, 578 queued)
[2026-08-03 20:42:13]   [1765 d0*] http://amasci.com/wing/Weltner1.gif  (1290 OK, 573 queued)
[2026-08-03 20:42:15]   [1770 d0*] http://amasci.com/atmos.html  (1295 OK, 568 queued)
[2026-08-03 20:42:18]   [1775 d0*] http://amasci.com/amform  (1300 OK, 563 queued)
[2026-08-03 20:42:20]   [1780 d0*] http://amasci.com/miscon/sun.gif  (1305 OK, 558 queued)
[2026-08-03 20:42:24]   [1785 d0*] http://amasci.com/graphics/sphere2a.gif  (1308 OK, 553 queued)
[2026-08-03 20:42:26]   [1790 d0*] http://amasci.com/maglev/magschem.gif  (1313 OK, 548 queued)
[2026-08-03 20:42:33]   [1800 d0*] http://amasci.com/maglev/levtr1.html   (1318 OK, 538 queued)
[2026-08-03 20:42:35]   [1805 d0*] http://amasci.com/maglev/lev/fig6a.gif  (1323 OK, 534 queued)
[2026-08-03 20:42:38]   [1810 d0*] http://amasci.com/maglev/lev/exhibit1.txt  (1328 OK, 529 queued)
[2026-08-03 20:42:40]   [1815 d0*] http://amasci.com/maglev/lev/classad.gif  (1333 OK, 524 queued)
[2026-08-03 20:42:43]   [1820 d0*] http://amasci.com/maglev/lev/exhibit2.txt  (1338 OK, 519 queued)
[2026-08-03 20:42:45]   [1825 d0*] http://amasci.com/maglev/lev/fig5.gif  (1343 OK, 514 queued)
[2026-08-03 20:42:48]   [1830 d0*] http://amasci.com/maglev/lev/exhibit5.txt  (1348 OK, 509 queued)
[2026-08-03 20:42:51]   [1835 d0*] http://amasci.com/maglev/lev/letters2.html  (1353 OK, 504 queued)
[2026-08-03 20:42:53]   [1840 d0*] http://amasci.com/instr/salmon.html  (1358 OK, 499 queued)
[2026-08-03 20:42:53]     +1 links (2204 total known)
[2026-08-03 20:42:56]   [1845 d0*] http://amasci.com/instr/inst_main.html  (1363 OK, 495 queued)
[2026-08-03 20:42:58]   [1850 d0*] http://amasci.com/hum/N/A  (1368 OK, 493 queued)
[2026-08-03 20:43:01]   [1855 d0*] http://amasci.com/hum/hum_map.gif  (1373 OK, 488 queued)
[2026-08-03 20:43:03]   [1860 d0*] http://amasci.com/rrr.html  (1378 OK, 483 queued)
[2026-08-03 20:43:06]   [1865 d0*] http://amasci.com/greb/Grebennikov/233b.gif  (1383 OK, 478 queued)
[2026-08-03 20:43:08]   [1870 d0*] http://amasci.com/greb/Grebennikov/235a.gif  (1388 OK, 473 queued)
[2026-08-03 20:43:11]   [1875 d0*] http://amasci.com/greb/Grebennikov/7s1.jpg  (1392 OK, 468 queued)
[2026-08-03 20:43:14]   [1880 d0*] http://amasci.com/greb/Grebennikov/223a.jpg  (1397 OK, 463 queued)
[2026-08-03 20:43:16]   [1885 d0*] http://amasci.com/greb/Grebennikov/236a.gif  (1402 OK, 458 queued)
[2026-08-03 20:43:19]   [1890 d0*] http://amasci.com/greb/Grebennikov/223bc.jpg  (1407 OK, 453 queued)
[2026-08-03 20:43:21]   [1895 d0*] http://amasci.com/greb/new2.gif  (1412 OK, 448 queued)
[2026-08-03 20:43:24]   [1900 d0*] http://amasci.com/freenrg/tors/izl.gif  (1416 OK, 443 queued)
[2026-08-03 20:43:27]   [1905 d0*] http://amasci.com/freenrg/tors/fig3.jpg  (1421 OK, 438 queued)
[2026-08-03 20:43:29]   [1910 d0*] http://amasci.com/weird/xtal10m.txt  (1426 OK, 433 queued)
[2026-08-03 20:43:32]   [1915 d0*] http://amasci.com/freenrg/N_MACH2.GIF  (1431 OK, 429 queued)
[2026-08-03 20:43:34]   [1920 d0*] http://amasci.com/freenrg/N_MACH5.GIF  (1436 OK, 424 queued)
[2026-08-03 20:43:37]   [1925 d0*] http://amasci.com/graphics/nmchcyl1.gif  (1441 OK, 419 queued)
[2026-08-03 20:43:39]   [1930 d0*] http://amasci.com/freenrg/mfig4.gif  (1446 OK, 414 queued)
[2026-08-03 20:43:42]   [1935 d0*] http://amasci.com/freenrg/mie/y11-62.jpg  (1451 OK, 409 queued)
[2026-08-03 20:43:45]   [1940 d0*] http://amasci.com/freenrg/phslmag.html  (1456 OK, 404 queued)
[2026-08-03 20:43:47]   [1945 d0*] http://amasci.com/freenrg/secret.txt  (1461 OK, 399 queued)
[2026-08-03 20:43:53]   [1955 d0*] http://amasci.com/freenrg/SCHMAT2A.GIF  (1469 OK, 389 queued)
[2026-08-03 20:43:55]   [1960 d0*] http://amasci.com/freenrg/SCHMAT1C.GIF  (1474 OK, 384 queued)
[2026-08-03 20:43:58]   [1965 d0*] http://amasci.com/freenrg/tamp.txt  (1479 OK, 379 queued)
[2026-08-03 20:44:00]   [1970 d0*] http://amasci.com/graphics/bboffc1.jpg  (1484 OK, 374 queued)
[2026-08-03 20:44:03]   [1975 d0*] http://amasci.com/feynexpt.html  (1489 OK, 369 queued)
[2026-08-03 20:44:05]   [1980 d0*] http://amasci.com/graphics/sqwhls3.gif  (1494 OK, 364 queued)
[2026-08-03 20:44:08]   [1985 d0*] http://amasci.com/esloud/eslfig5.gif  (1499 OK, 359 queued)
[2026-08-03 20:44:10]   [1990 d0*] http://amasci.com/emotor/vdgtame.gif  (1504 OK, 354 queued)
[2026-08-03 20:44:17]   [2000] 1508 OK, 492 failed, 344 queued
[2026-08-03 20:44:17]     last fail: http://amasci.com/emotor/ele-edu.html
[2026-08-03 20:44:24]   [2010 d0*] http://amasci.com/graphics/klvwatr.gif  (1513 OK, 334 queued)
[2026-08-03 20:44:31]   [2020 d0*] http://amasci.com/emotor/vdg1.txt  (1519 OK, 324 queued)
[2026-08-03 20:44:35]   [2025 d0*] http://amasci.com/emotor/electoph.htm  (1521 OK, 319 queued)
[2026-08-03 20:44:37]   [2030 d0*] http://amasci.com/graphics/wtrcap2.gif  (1526 OK, 314 queued)
[2026-08-03 20:44:40]   [2035 d0*] http://amasci.com/emotor/vdgblt1a.gif  (1531 OK, 309 queued)
[2026-08-03 20:44:42]   [2040 d0*] http://www.amasci.com/electrom/electro-f1.gif  (1536 OK, 304 queued)
[2026-08-03 20:44:45]   [2045 d0*] http://amasci.com/elect/elect.css  (1541 OK, 299 queued)
[2026-08-03 20:44:48]   [2050 d0*] http://amasci.com/elect/poynt/fig3.gif  (1546 OK, 294 queued)
[2026-08-03 20:44:50]   [2055 d0*] http://amasci.com/elect/poynt/fig1.gif  (1551 OK, 289 queued)
[2026-08-03 20:44:53]   [2060 d0*] http://amasci.com/graphics/echopen/pen_398.JPG  (1556 OK, 284 queued)
[2026-08-03 20:44:56]   [2065 d0*] http://amasci.com/graphics/echopen/pen_401.JPG  (1561 OK, 279 queued)
[2026-08-03 20:44:58]   [2070 d0*] http://amasci.com/elect/poynt/fig2.gif  (1566 OK, 274 queued)
[2026-08-03 20:45:01]   [2075 d0*] http://amasci.com/exhibits/hiamp.txt  (1571 OK, 269 queued)
[2026-08-03 20:45:03]   [2080 d0*] http://amasci.com/sc/scifair/hint.html  (1576 OK, 264 queued)
[2026-08-03 20:45:06]   [2085 d0*] http://www.amasci.com/caps/ring.gif  (1581 OK, 259 queued)
[2026-08-03 20:45:08]   [2090 d0*] http://amasci.com/caps/FIG4.GIF  (1586 OK, 254 queued)
[2026-08-03 20:45:14]   [2100 d0*] http://amasci.com/graphics/billvgd2.jpg  (1593 OK, 245 queued)
[2026-08-03 20:45:17]   [2105 d0*] http://amasci.com/graphics/bilgarag.jpg  (1598 OK, 240 queued)
[2026-08-03 20:45:20]   [2110 d0*] http://amasci.com/graphics/mask.jpg  (1603 OK, 237 queued)
[2026-08-03 20:45:22]   [2115 d0*] http://amasci.com/art/pondmach/bumbr_18.jpg  (1608 OK, 232 queued)
[2026-08-03 20:45:25]   [2120 d0*] http://amasci.com/graphics/Pnsid3sm.jpg  (1613 OK, 227 queued)
[2026-08-03 20:45:27]   [2125 d0*] http://amasci.com/art/pondmach/DarkAsm.jpg  (1618 OK, 222 queued)
[2026-08-03 20:45:31]   [2130 d0*] http://amasci.com/art/ideas  (1623 OK, 217 queued)
[2026-08-03 20:45:34]   [2135 d0*] http://amasci.com/art/dork07/faradic3.gif  (1628 OK, 212 queued)
[2026-08-03 20:45:36]   [2140] 1632 OK, 508 failed, 207 queued
[2026-08-03 20:45:36]     last fail: http://amasci.com/amateur/scied.html.html
[2026-08-03 20:45:39]   [2145 d0*] http://amasci.com/graphics/yt/magviewr.jpg  (1637 OK, 202 queued)
[2026-08-03 20:45:41]   [2150 d0*] http://amasci.com/graphics/yt/steadi2.jpg  (1642 OK, 197 queued)
[2026-08-03 20:45:44]   [2155 d0*] http://amasci.com/graphics/yt/IRfrt.jpg  (1647 OK, 192 queued)
[2026-08-03 20:45:47]   [2160 d0*] http://amasci.com/graphics/yt/tesexh.jpg  (1652 OK, 187 queued)
[2026-08-03 20:45:49]   [2165 d0*] http://amasci.com/graphics/yt/strwars.jpg  (1657 OK, 182 queued)
[2026-08-03 20:45:52]   [2170 d0*] http://amasci.com/graphics/yt/mags2meb.jpg  (1662 OK, 177 queued)
[2026-08-03 20:45:54]   [2175 d0*] http://amasci.com/graphics/yt/mags3bar.jpg  (1667 OK, 172 queued)
[2026-08-03 20:45:57]   [2180 d0*] http://amasci.com/graphics/yt/steadi3.jpg  (1672 OK, 167 queued)
[2026-08-03 20:45:59]   [2185 d0*] http://amasci.com/graphics/yt/flirings.jpg  (1677 OK, 162 queued)
[2026-08-03 20:46:02]   [2190 d0*] http://amasci.com/graphics/yt/UVphos.jpg  (1682 OK, 157 queued)
[2026-08-03 20:46:04]   [2195 d0*] http://amasci.com/amateur/traffic1/tfaq.html  (1687 OK, 152 queued)
[2026-08-03 20:46:07]   [2200 d0*] http://amasci.com/amateur/traffic1/seatraf.html  (1692 OK, 147 queued)
[2026-08-03 20:46:09]   [2205 d0*] http://amasci.com/graphics/zlobin.jpg  (1697 OK, 143 queued)
[2026-08-03 20:46:12]   [2210 d0*] http://amasci.com/graphics/books/levit2.jpg  (1702 OK, 138 queued)
[2026-08-03 20:46:14]   [2215 d0*] http://amasci.com/graphics/books/tarant.jpg  (1707 OK, 133 queued)
[2026-08-03 20:46:17]   [2220 d0*] http://amasci.com/amateur/tornbox.gif  (1712 OK, 128 queued)
[2026-08-03 20:46:21]   [2225 d0*] http://amasci.com/amateur/schlrn2.gif  (1713 OK, 123 queued)
[2026-08-03 20:46:23]   [2230 d0*] http://amasci.com/physvids/15.html  (1718 OK, 118 queued)
[2026-08-03 20:46:26]   [2235 d0*] http://amasci.com/physvids/5.html  (1723 OK, 113 queued)
[2026-08-03 20:46:29]   [2240 d0*] http://amasci.com/physvids/14.html  (1728 OK, 108 queued)
[2026-08-03 20:46:31]   [2245 d0*] http://amasci.com/physivds/1.html  (1733 OK, 103 queued)
[2026-08-03 20:46:34]   [2250 d0*] http://amasci.com/me.tml  (1738 OK, 98 queued)
[2026-08-03 20:46:36]   [2255 d0*] http://amasci.com/graphics/gogg1.jpg  (1743 OK, 93 queued)
[2026-08-03 20:46:39]   [2260 d0*] http://amasci.com/graphics/infrared/cmps1VIS.jpeg  (1748 OK, 88 queued)
[2026-08-03 20:46:41]   [2265 d0*] http://amasci.com/graphics/infrared/cmps1IR.jpeg  (1753 OK, 83 queued)
[2026-08-03 20:46:44]   [2270 d0*] http://amasci.com/graphics/IRcurve_HVS.jpg  (1758 OK, 78 queued)
[2026-08-03 20:46:46]   [2275 d0*] http://amasci.com/graphics/hov1.gif  (1763 OK, 73 queued)
[2026-08-03 20:46:49]   [2280 d0*] http://amasci.com/graphics/hov5.gif  (1768 OK, 68 queued)
[2026-08-03 20:46:51]   [2285 d0*] http://amasci.com/graphics/holo/holos1a.jpg  (1773 OK, 63 queued)
[2026-08-03 20:46:54]   [2290 d0*] http://amasci.com/graphics/holo/onestp2.gif  (1778 OK, 58 queued)
[2026-08-03 20:46:57]   [2295 d0*] http://amasci.com/graphics/holo/hood1a.jpg  (1783 OK, 53 queued)
[2026-08-03 20:46:59]   [2300 d0*] http://amasci.com/graphics/holo/curvscr2.gif  (1788 OK, 48 queued)
[2026-08-03 20:47:02]   [2305 d0*] http://amasci.com/index.htm  (1793 OK, 44 queued)
[2026-08-03 20:47:04]   [2310 d0*] http://amasci.com/amateur/dscope3.gif  (1798 OK, 39 queued)
[2026-08-03 20:47:07]   [2315 d0*] http://amasci.com/graphics/qshrnk2.jpg  (1803 OK, 34 queued)
[2026-08-03 20:47:09]   [2320 d0*] http://amasci.com/graphics/yt/danglev.jpg  (1808 OK, 29 queued)
[2026-08-03 20:47:12]   [2325 d0*] http://amasci.com/graphics/yt/holo1.JPG  (1813 OK, 24 queued)
[2026-08-03 20:47:14]   [2330 d0*] http://amasci.com/amateur/antibub/anti3.gif  (1818 OK, 19 queued)
[2026-08-03 20:47:17]   [2335 d0*] http://amasci.com/amateur/antibub/anti10.gif  (1823 OK, 14 queued)
[2026-08-03 20:47:19]   [2340 d0*] http://amasci.com/anime/4.html  (1828 OK, 9 queued)
[2026-08-03 20:47:19]     +2 links (2215 total known)
[2026-08-03 20:47:22]   [2345 d0*] http://amasci.com/graphics/jarvis2.gif  (1833 OK, 7 queued)
[2026-08-03 20:47:25]   [2350 d0*] http://amasci.com/uvlas.gif  (1838 OK, 2 queued)
[2026-08-03 20:47:26] WordPress PDF extraction: found 127 PDF(s)
[2026-08-04 12:16:29] ============================================================
[2026-08-04 12:16:29] WAYBACK MIRROR: amasci.com
[2026-08-04 12:16:29] Output: /Users/esaruoho/work/merlib-mirror/sites/amasci.com
[2026-08-04 12:16:29] Delay: 1.0s
[2026-08-04 12:16:29] ============================================================
[2026-08-04 12:16:29] Resuming: phase=init, 0 already done
[2026-08-04 12:16:29] 
=== PHASE 1: URL Discovery ===
[2026-08-04 12:16:29] Querying CDX for amasci.com/*...
[2026-08-04 12:16:55]   Found 22765 URLs for amasci.com/*
[2026-08-04 12:16:55] Querying CDX for www.amasci.com/*...
[2026-08-04 12:17:35]   Found 22765 URLs for www.amasci.com/*
[2026-08-04 12:18:15] Total unique valid URLs: 20440
[2026-08-04 12:18:15]   text/html: 12241
[2026-08-04 12:18:15]   image/jpeg: 3780
[2026-08-04 12:18:15]   image/gif: 2685
[2026-08-04 12:18:15]   text/plain: 854
[2026-08-04 12:18:15]   application/x-javascript: 164
[2026-08-04 12:18:15]   text/pl: 133
[2026-08-04 12:18:15]   text/css: 124
[2026-08-04 12:18:15]   image/png: 85
[2026-08-04 12:18:15]   application/pdf: 64
[2026-08-04 12:18:15]   application/zip: 62
[2026-08-04 12:18:15]   im: 34
[2026-08-04 12:18:15]   application/octet-stream: 30
[2026-08-04 12:18:15]   application/msword: 23
[2026-08-04 12:18:15]   unk: 11
[2026-08-04 12:18:15]   application/r01: 11
[2026-08-04 12:18:15]   application/x-shockwave-flash: 10
[2026-08-04 12:18:15]   application/r00: 9
[2026-08-04 12:18:15]   application/r02: 9
[2026-08-04 12:18:15]   text/xml: 8
[2026-08-04 12:18:15]   audio/mpeg: 8
[2026-08-04 12:18:15]   application/x-chat: 8
[2026-08-04 12:18:15]   application/postscript: 8
[2026-08-04 12:18:15]   application/r03: 7
[2026-08-04 12:18:15]   application/x-dvi: 7
[2026-08-04 12:18:15]   application/x-tex: 6
[2026-08-04 12:18:15]   application/r04: 6
[2026-08-04 12:18:15]   video/mpeg: 5
[2026-08-04 12:18:15]   audio/x-pn-realaudio-plugin: 5
[2026-08-04 12:18:15]   application/x-director: 4
[2026-08-04 12:18:15]   application/vnd: 3
[2026-08-04 12:18:15]   message/rfc822: 3
[2026-08-04 12:18:15]   application/xml: 3
[2026-08-04 12:18:15]   audio/x-midi: 3
[2026-08-04 12:18:15]   application/javascript: 3
[2026-08-04 12:18:15]   image/bmp: 3
[2026-08-04 12:18:15]   application/java-vm: 3
[2026-08-04 12:18:15]   audio/x-wav: 2
[2026-08-04 12:18:15]   application/rtf: 2
[2026-08-04 12:18:15]   x-world/x-vrml: 2
[2026-08-04 12:18:15]   application/x-tar: 2
[2026-08-04 12:18:15]   image/x-xbitmap: 2
[2026-08-04 12:18:15]   application/djvu: 2
[2026-08-04 12:18:15]   image/x-icon: 1
[2026-08-04 12:18:15]   application/x-gzip: 1
[2026-08-04 12:18:15]   application/pgp-signature: 1
[2026-08-04 12:18:15]   audio/x-aiff: 1
[2026-08-04 12:18:15]   video/vnd: 1
[2026-08-04 12:18:15]   application/vnd.ms-excel: 1
[2026-08-04 12:18:15] 
=== PHASE 2: Downloading ===
[2026-08-04 12:20:15] [10/20440] OK index.html__id%3D25 (20,415b) @20080704
[2026-08-04 12:22:56] [20/20440] OK index.html__ref%3Drehackedhub.com (20,695b) @20240725
[2026-08-04 12:25:12] [30/20440] OK amateur/alt_sci_amateur.html (2,840b) @19990427
[2026-08-04 12:27:16] [40/20440] OK amateur/amfrmJ.html (4,423b) @20170529
[2026-08-04 12:29:19] [50/20440] OK amateur/antibub/anti3.gif (1,046b) @20060207
[2026-08-04 12:29:21] --- Progress: 50/20440 (0%) | New: 50 | Rate: 5/min ---
[2026-08-04 12:32:04] [60/20440] OK amateur/antibub/index.html__N%3DA (2,134b) @20020422
[2026-08-04 12:34:30] [70/20440] OK amateur/bead.html (25,008b) @20081201
[2026-08-04 12:36:31] [80/20440] OK amateur/blljar3.txt (8,249b) @19990506
[2026-08-04 12:38:33] [90/20440] OK amateur/chemsupl.html (10,621b) @20080118
[2026-08-04 12:38:57] ============================================================
[2026-08-04 12:38:57] WAYBACK MIRROR: amasci.com
[2026-08-04 12:38:57] Output: /Users/esaruoho/work/merlib-mirror/sites/amasci.com
[2026-08-04 12:38:57] Delay: 1.0s
[2026-08-04 12:38:57] ============================================================
[2026-08-04 12:38:57] Resuming: phase=downloading, 50 already done
[2026-08-04 12:38:57] 
=== PHASE 2: Downloading ===
[2026-08-04 12:38:57] Downloading 20,390 of 20,440 with 6 worker(s) (delay 1.0s each)
[2026-08-04 12:40:22] [60/20440] OK amateur/antibub/index.html__S%3DA (2,023b) @20191221
[2026-08-04 12:40:28] [61/20440] FAIL http://www.amasci.com:80/amateur/antibub/?D=D
[2026-08-04 12:40:38] [62/20440] FAIL http://amasci.com/amateur/antibub/anti9.gif
[2026-08-04 12:41:48] [69/20440] FAIL http://amasci.com:80/amateur/bbylnian.html
[2026-08-04 12:42:28] [71/20440] FAIL http://www.amasci.com:80/amateur/bellj5.txt
[2026-08-04 12:42:36] [73/20440] FAIL http://amasci.com/amateur/bead.html
[2026-08-04 12:42:38] [75/20440] FAIL http://www.amasci.com:80/amateur/belljar.html
[2026-08-04 12:43:04] [76/20440] OK amateur/blljar2.txt (15,759b) @20220428
[2026-08-04 12:43:33] [78/20440] FAIL http://www.amasci.com:80/amateur/blljar1.txt?btimart.com
[2026-08-04 12:43:40] [81/20440] FAIL http://www.amasci.com:80/amateur/blljar3.txt
[2026-08-04 12:44:46] [88/20440] OK amateur/capacitron.html (6,945b) @20190804
[2026-08-04 12:44:47] [89/20440] FAIL http://www.amasci.com:80/amateur/capexpt.txt
[2026-08-04 12:46:02] [95/20440] FAIL http://amasci.com/amateur/coilgen
[2026-08-04 12:46:53] ============================================================
[2026-08-04 12:46:53] WAYBACK MIRROR: amasci.com
[2026-08-04 12:46:53] Output: /Users/esaruoho/work/merlib-mirror/sites/amasci.com
[2026-08-04 12:46:53] Delay: 1.0s
[2026-08-04 12:46:53] ============================================================
[2026-08-04 12:46:53] Resuming: phase=downloading, 50 already done
[2026-08-04 12:46:53] 
=== PHASE 2: Downloading ===
[2026-08-04 12:46:53] Downloading 20,390 of 20,440 with 14 worker(s) (delay 1.0s each)
[2026-08-04 12:47:48] [51/20440] FAIL http://www.amasci.com:80/amateur/antibub/?D=A
[2026-08-04 12:47:48] [52/20440] FAIL http://www.amasci.com:80/amateur/antibub/?S=A
[2026-08-04 12:47:48] [53/20440] FAIL http://www.amasci.com:80/amateur/ask.html
[2026-08-04 12:47:48] [54/20440] FAIL http://www.amasci.com:80/amateur/antibub/?S=D
[2026-08-04 12:47:48] [55/20440] FAIL http://www.amasci.com:80/amateur/antibub/antibub1.html
[2026-08-04 12:47:48] [56/20440] FAIL http://www.amasci.com:80/amateur/antibub/anti6.gif
[2026-08-04 12:47:48] [57/20440] FAIL http://www.amasci.com:80/amateur/antibub/?N=A
[2026-08-04 12:47:48] [58/20440] FAIL http://www.amasci.com:80/amateur/antibub/?N=D
[2026-08-04 12:47:54] [59/20440] FAIL http://www.amasci.com:80/amateur/antibub/?D=D
[2026-08-04 12:48:04] [61/20440] FAIL http://www.amasci.com:80/amateur/antibub/?M=A
[2026-08-04 12:48:06] [64/20440] FAIL http://www.amasci.com:80/amateur/antibub/?M=D
[2026-08-04 12:48:06] [65/20440] FAIL http://www.amasci.com:80/amateur/antibub/anti5.gif
[2026-08-04 12:48:15] [66/20440] FAIL http://amasci.com:80/amateur/antibub/anti7.gif
[2026-08-04 12:48:43] [67/20440] FAIL http://www.amasci.com:80/amateur/bbb4b.html
[2026-08-04 12:48:43] [68/20440] FAIL http://amasci.com/amateur/bead.html
[2026-08-04 12:48:43] [69/20440] FAIL http://www.amasci.com:80/amateur/balloon.txt
[2026-08-04 12:48:43] [70/20440] FAIL http://amasci.com:80/amateur/beads.html
[2026-08-04 12:48:43] [71/20440] FAIL http://www.amasci.com:80/amateur/balloon.html
[2026-08-04 12:48:43] [72/20440] FAIL http://amasci.com/amateur/beads_list.html
[2026-08-04 12:48:52] [73/20440] FAIL http://amasci.com:80/amateur/bbylnian.html
[2026-08-04 12:48:59] [74/20440] FAIL http://amasci.com:80/amateur/bio.html
[2026-08-04 12:49:03] [75/20440] FAIL http://www.amasci.com:80/amateur/belljar.html
[2026-08-04 12:49:04] [76/20440] FAIL http://www.amasci.com:80/amateur/blljar1.txt
[2026-08-04 12:49:07] [77/20440] FAIL http://www.amasci.com:80/amateur/bllindx.txt
[2026-08-04 12:49:14] [78/20440] FAIL http://www.amasci.com:80/amateur/blljar2.txt
[2026-08-04 12:49:18] [79/20440] FAIL http://www.amasci.com:80/amateur/blljar1.txt?btimart.com
[2026-08-04 12:49:20] [80/20440] FAIL http://www.amasci.com:80/amateur/blljar3.txt
[2026-08-04 12:49:37] [81/20440] FAIL http://www.amasci.com:80/amateur/blljar4.txt
[2026-08-04 12:49:42] [82/20440] FAIL http://www.amasci.com:80/amateur/bloblamp.html
[2026-08-04 12:49:43] [83/20440] FAIL http://amasci.com/amateur/buscards.html
[2026-08-04 12:49:43] [84/20440] FAIL http://amasci.com/amateur/capacitron.html
[2026-08-04 12:49:43] [85/20440] FAIL http://www.amasci.com:80/amateur/bllsupl.txt
[2026-08-04 12:49:50] [86/20440] FAIL http://amasci.com/amateur/capacitron
[2026-08-04 12:49:52] [87/20440] FAIL http://www.amasci.com:80/amateur/capexpt.html
[2026-08-04 12:49:59] [88/20440] FAIL http://www.amasci.com:80/amateur/capexpt.html.save
[2026-08-04 12:49:59] [89/20440] FAIL http://amasci.com:80/amateur/chemsupl.html
[2026-08-04 12:50:08] [90/20440] FAIL http://www.amasci.com:80/amateur/clouds.html
[2026-08-04 12:50:08] [91/20440] FAIL http://www.amasci.com:80/amateur/capexpt.txt
[2026-08-04 12:50:09] [92/20440] FAIL http://amasci.com:80/amateur/clouds.txt
[2026-08-04 12:50:13] [93/20440] FAIL http://amasci.com/amateur/coilgen
[2026-08-04 12:50:20] [95/20440] FAIL http://www.amasci.com:80/amateur/coilgen.html
[2026-08-04 12:50:37] [96/20440] FAIL http://www.amasci.com:80/amateur/coilgen.txt
[2026-08-04 12:50:38] [97/20440] FAIL http://amasci.com/amateur/coolinks
[2026-08-04 12:50:45] [98/20440] FAIL http://amasci.com:80/amateur/coolinks.html
[2026-08-04 12:50:48] [99/20440] FAIL http://amasci.com:80/amateur/coilgen.html?worlds_simplest_generator=
[2026-08-04 12:50:53] [100/20440] FAIL http://www.amasci.com:80/amateur/coolsci.html
[2026-08-04 12:50:53] --- Progress: 100/20440 (0%) | New: 4 | Rate: 25/min | ETA 13.5h ---
[2026-08-04 12:50:54] [101/20440] FAIL http://www.amasci.com:80/amateur/drugbust.html
[2026-08-04 12:50:54] [102/20440] FAIL http://amasci.com:80/amateur/coilgen.html.save
[2026-08-04 12:50:59] [103/20440] FAIL http://www.amasci.com:80/amateur/coolsci.html.save
[2026-08-04 12:51:04] [104/20440] FAIL http://www.amasci.com:80/amateur/dscope.html
[2026-08-04 12:51:08] [105/20440] FAIL http://www.amasci.com:80/amateur/dryice.html
[2026-08-04 12:51:08] [106/20440] FAIL http://amasci.com:80/amateur/dscope.gif
[2026-08-04 12:51:09] [107/20440] FAIL http://amasci.com:80/amateur/dscope3.gif
[2026-08-04 12:51:36] [113/20440] FAIL http://www.amasci.com:80/amateur/elecdir.html
[2026-08-04 12:51:38] [114/20440] FAIL http://amasci.com/amateur/elehob
[2026-08-04 12:51:45] [115/20440] FAIL http://www.amasci.com:80/amateur/elehob.html
[2026-08-04 12:51:47] [116/20440] FAIL http://amasci.com:80/amateur/elsafe.html
[2026-08-04 12:51:48] [117/20440] FAIL http://www.amasci.com:80/amateur/elsafe.txt
[2026-08-04 12:51:54] [118/20440] FAIL http://amasci.com:80/amateur/eyeself.html
[2026-08-04 12:51:57] [119/20440] FAIL http://www.amasci.com:80/amateur/elehob.html?proceed=1
[2026-08-04 12:52:02] [120/20440] FAIL http://amasci.com:80/amateur/gauge_tubes.html
[2026-08-04 12:52:09] [121/20440] FAIL http://www.amasci.com:80/amateur/eyeself.txt
[2026-08-04 12:52:11] [122/20440] FAIL http://amasci.com:80/amateur/gold.txt
[2026-08-04 12:52:14] [123/20440] FAIL http://amasci.com/amateur/GOLD1992b.TXT
[2026-08-04 12:52:20] [124/20440] FAIL http://www.amasci.com:80/amateur/gravcam.txt
[2026-08-04 12:52:27] [125/20440] FAIL http://www.amasci.com:80/amateur/gravcam.html
[2026-08-04 12:52:28] [126/20440] FAIL http://amasci.com:80/amateur/gravrok.html
[2026-08-04 12:52:31] [127/20440] OK amateur/heat.html (11,100b) @20191221
[2026-08-04 12:52:36] [128/20440] FAIL http://amasci.com:80/amateur/hand1.html
[2026-08-04 12:52:46] [129/20440] FAIL http://www.amasci.com:80/amateur/heresy3.txt
[2026-08-04 12:52:48] [130/20440] FAIL http://www.amasci.com:80/amateur/hglob.gif
[2026-08-04 12:52:49] [131/20440] FAIL http://www.amasci.com:80/amateur/holbrief.html
[2026-08-04 12:53:01] [132/20440] FAIL http://www.amasci.com/amateur/holo1
[2026-08-04 12:53:03] [133/20440] FAIL http://www.amasci.com:80/amateur/holo1.html
[2026-08-04 12:53:09] [134/20440] FAIL http://www.amasci.com:80/amateur/holo1.html.save
[2026-08-04 12:53:12] [135/20440] FAIL http://amasci.com/amateur/holo1.html?=dupe
[2026-08-04 12:53:15] [136/20440] FAIL http://amasci.com:80/amateur/holo1.html?utm_source=hackernewsletter&ut
[2026-08-04 12:53:15] [137/20440] FAIL http://www.amasci.com:80/amateur/holo1.txt
[2026-08-04 12:53:22] [138/20440] FAIL http://www.amasci.com:80/amateur/holo1a.gif
[2026-08-04 12:53:23] [139/20440] FAIL http://www.amasci.com:80/amateur/holo1b.gif
[2026-08-04 12:53:24] [140/20440] FAIL http://amasci.com/amateur/holo1.html?utm_source=dlvr.it&utm_medium=twi
[2026-08-04 12:53:30] [141/20440] FAIL http://www.amasci.com:80/amateur/holo3.html
[2026-08-04 12:53:37] [142/20440] FAIL http://www.amasci.com:80/amateur/holo1c.gif
[2026-08-04 12:53:43] [143/20440] FAIL http://amasci.com:80/amateur/holocc.html
[2026-08-04 12:53:49] [144/20440] FAIL http://www.amasci.com:80/amateur/holocc.txt
[2026-08-04 12:53:52] [145/20440] FAIL http://www.amasci.com:80/amateur/holo3.txt
[2026-08-04 12:54:04] [146/20440] FAIL http://www.amasci.com:80/amateur/holodisc.txt
[2026-08-04 12:54:09] [147/20440] FAIL http://www.amasci.com:80/amateur/holohint.html
[2026-08-04 12:54:10] [148/20440] FAIL http://www.amasci.com:80/amateur/hovercft.html
[2026-08-04 12:54:14] [149/20440] FAIL http://amasci.com:80/amateur/holodisc.html
[2026-08-04 12:54:16] [150/20440] FAIL http://amasci.com/amateur/holowhtstn.txt
[2026-08-04 12:54:16] --- Progress: 150/20440 (0%) | New: 10 | Rate: 20/min | ETA 16.6h ---
[2026-08-04 12:54:18] [151/20440] FAIL http://amasci.com/amateur/holohint.html?utm_source=dlvr.it&utm_medium=
[2026-08-04 12:54:19] [152/20440] FAIL http://www.amasci.com:80/amateur/index2.html
[2026-08-04 12:54:23] [153/20440] FAIL http://www.amasci.com:80/amateur/hovercft.html?category_id=89&a=401
[2026-08-04 12:54:25] [154/20440] FAIL http://www.amasci.com:80/amateur/instr.html
[2026-08-04 12:54:34] [155/20440] FAIL http://amasci.com/amateur/index.html
[2026-08-04 12:54:42] [156/20440] FAIL http://www.amasci.com:80/amateur/instr.txt
[2026-08-04 12:54:43] [157/20440] FAIL http://amasci.com/amateur/irgogg2.html
[2026-08-04 12:54:56] [158/20440] FAIL http://amasci.com/amateur/irgoggA.html
[2026-08-04 12:54:56] [159/20440] FAIL http://www.amasci.com:80/amateur/irgoggl.html
[2026-08-04 12:55:02] [160/20440] FAIL http://www.amasci.com:80/amateur/kidsite.html
[2026-08-04 12:55:04] [161/20440] FAIL http://amasci.com/amateur/laser101ways.pdf
[2026-08-04 12:55:14] [162/20440] FAIL http://amasci.com:80/amateur/led.html
[2026-08-04 12:55:15] [163/20440] FAIL http://www.amasci.com:80/amateur/lavalamp.html
[2026-08-04 12:55:15] [164/20440] FAIL http://www.amasci.com:80/amateur/lasqueal.html
[2026-08-04 12:55:19] [165/20440] FAIL http://www.amasci.com:80/amateur/led.txt
[2026-08-04 12:55:22] [166/20440] FAIL http://amasci.com:80/amateur/lenses.html
[2026-08-04 12:55:28] [167/20440] FAIL http://www.amasci.com:80/amateur/life.txt
[2026-08-04 12:55:28] [168/20440] FAIL http://www.amasci.com:80/amateur/lenses.txt
[2026-08-04 12:55:29] [169/20440] FAIL http://amasci.com:80/amateur/liquid_n2.html
[2026-08-04 12:55:37] [170/20440] FAIL http://www.amasci.com:80/amateur/Member.html
[2026-08-04 12:55:47] [172/20440] FAIL http://amasci.com:80/amateur/magnerite.html
[2026-08-04 12:55:51] [173/20440] FAIL http://www.amasci.com:80/amateur/microsco.txt
[2026-08-04 12:55:56] [174/20440] FAIL http://www.amasci.com:80/amateur/microsco.html
[2026-08-04 12:55:57] [175/20440] FAIL http://amasci.com:80/amateur/MIRROR.GIF
[2026-08-04 12:56:04] [176/20440] FAIL http://www.amasci.com:80/amateur/mirror.html
[2026-08-04 12:56:10] [177/20440] FAIL http://amasci.com:80/amateur/MIRROR3.GIF
[2026-08-04 12:56:13] [178/20440] FAIL http://amasci.com:80/amateur/neodymium.html
[2026-08-04 12:56:21] [179/20440] FAIL http://amasci.com:80/amateur/MIRROR2.GIF
[2026-08-04 12:56:26] [180/20440] FAIL http://amasci.com:80/amateur/mushr.html
[2026-08-04 12:56:29] [181/20440] FAIL http://www.amasci.com:80/amateur/neospher.html
[2026-08-04 12:56:29] [182/20440] FAIL http://www.amasci.com:80/amateur/neospher.html.save
[2026-08-04 12:56:34] [183/20440] FAIL http://amasci.com/amateur/nerdsmax.html
[2026-08-04 12:56:48] [185/20440] FAIL http://www.amasci.com:80/amateur/optosup.txt
[2026-08-04 12:56:50] [186/20440] FAIL http://amasci.com:80/amateur/oilfilm.txt
[2026-08-04 12:56:51] [187/20440] FAIL http://amasci.com:80/amateur/physvids.html
[2026-08-04 12:56:52] [188/20440] FAIL http://www.amasci.com:80/amateur/physerm1.html
[2026-08-04 12:56:57] [189/20440] FAIL http://amasci.com/amateur/physvids.html.save
[2026-08-04 12:57:00] [190/20440] FAIL http://amasci.com:80/amateur/phdemo.txt
[2026-08-04 12:57:04] [191/20440] FAIL http://www.amasci.com:80/amateur/pinhole.txt
[2026-08-04 12:57:05] [192/20440] FAIL http://amasci.com/amateur/pinhole.html
[2026-08-04 12:57:21] [193/20440] FAIL http://www.amasci.com:80/amateur/pris.txt
[2026-08-04 12:57:24] [194/20440] FAIL http://amasci.com:80/amateur/pulsreflA.xls
[2026-08-04 12:57:26] [195/20440] FAIL http://amasci.com:80/amateur/projs.html
[2026-08-04 12:57:30] [196/20440] FAIL http://www.amasci.com:80/amateur/projs.txt
[2026-08-04 12:57:33] [197/20440] FAIL http://amasci.com:80/amateur/pykrete.html
[2026-08-04 12:57:43] [199/20440] FAIL http://www.amasci.com:80/amateur/pykrete.html.save
[2026-08-04 12:57:50] [200/20440] FAIL http://www.amasci.com:80/amateur/sasemb4.gif
[2026-08-04 12:57:50] --- Progress: 200/20440 (0%) | New: 13 | Rate: 18/min | ETA 18.5h ---
[2026-08-04 12:57:50] [201/20440] FAIL http://amasci.com:80/amateur/rsmagnet.txt
[2026-08-04 12:57:51] [202/20440] FAIL http://www.amasci.com/amateur/schlrn2.gif
[2026-08-04 12:57:54] [203/20440] FAIL http://www.amasci.com:80/amateur/ringlas.txt
[2026-08-04 12:58:00] [204/20440] FAIL http://www.amasci.com:80/amateur/sci-list.html
[2026-08-04 12:58:03] [205/20440] FAIL http://www.amasci.com:80/amateur/saslgosm.gif
[2026-08-04 12:58:11] [206/20440] FAIL http://amasci.com:80/amateur/sciam1
[2026-08-04 12:58:19] [207/20440] FAIL http://amasci.com:80/amateur/sciamdx.html
[2026-08-04 12:58:22] [208/20440] FAIL http://www.amasci.com:80/amateur/sciam1.html
[2026-08-04 12:58:27] [209/20440] FAIL http://www.amasci.com:80/amateur/sciamdx1.html
[2026-08-04 12:58:34] [210/20440] FAIL http://www.amasci.com:80/amateur/sciamdx3.html
[2026-08-04 12:58:41] [211/20440] FAIL http://www.amasci.com:80/amateur/scigrps.html
[2026-08-04 12:58:44] [212/20440] FAIL http://amasci.com:80/amateur/screet.html
[2026-08-04 12:58:45] [213/20440] FAIL http://www.amasci.com:80/amateur/seesnd.html
[2026-08-04 12:58:46] [214/20440] FAIL http://www.amasci.com:80/amateur/sciamdx2.html
[2026-08-04 12:58:47] [215/20440] FAIL http://amasci.com:80/amateur/sciexp.txt
[2026-08-04 12:58:58] [217/20440] FAIL http://www.amasci.com:80/amateur/ssz.txt
[2026-08-04 12:58:58] [218/20440] FAIL http://amasci.com:80/amateur/teles.html
[2026-08-04 12:59:00] [219/20440] FAIL http://www.amasci.com:80/amateur/steril.txt
[2026-08-04 12:59:02] [220/20440] FAIL http://amasci.com/amateur/sundog.html
[2026-08-04 12:59:06] [221/20440] FAIL http://amasci.com:80/amateur/teles.txt
[2026-08-04 12:59:19] [222/20440] FAIL http://amasci.com/amateur/temp.css
[2026-08-04 12:59:27] [223/20440] FAIL http://www.amasci.com:80/amateur/temp1
[2026-08-04 12:59:33] [224/20440] FAIL http://www.amasci.com:80/amateur/temp2
[2026-08-04 12:59:39] [225/20440] FAIL http://www.amasci.com:80/amateur/timid.jpg
[2026-08-04 12:59:42] [226/20440] FAIL http://amasci.com/amateur/thermcam.html
[2026-08-04 12:59:42] [227/20440] FAIL http://www.amasci.com:80/amateur/tornbox.html
[2026-08-04 12:59:50] [228/20440] FAIL http://amasci.com/amateur/tornbox.html?amasci.html
[2026-08-04 12:59:51] [229/20440] FAIL http://www.amasci.com:80/amateur/thvoice.gif
[2026-08-04 12:59:52] [230/20440] FAIL http://amasci.com:80/amateur/tornbox.gif
[2026-08-04 12:59:56] [231/20440] FAIL http://amasci.com/amateur/traffic/eee.html
[2026-08-04 13:00:02] [232/20440] FAIL http://www.amasci.com:80/amateur/toys1.html
[2026-08-04 13:00:05] [233/20440] FAIL http://www.amasci.com:80/amateur/tornbox.txt
[2026-08-04 13:00:10] [234/20440] FAIL http://www.amasci.com:80/amateur/traffic/
[2026-08-04 13:00:17] [235/20440] FAIL http://amasci.com/amateur/traffic/favicon.ico
[2026-08-04 13:00:20] [236/20440] FAIL http://amasci.com:80/amateur/traffic/fasmerg1.gif
[2026-08-04 13:00:33] [237/20440] FAIL http://www.amasci.com:80/amateur/traffic/gcsweb.gif
[2026-08-04 13:00:33] [238/20440] FAIL http://www.amasci.com:80/amateur/traffic/fhwahop09037_principles.htm
[2026-08-04 13:00:36] [239/20440] FAIL http://amasci.com/amateur/traffic/index.html
[2026-08-04 13:00:38] [240/20440] FAIL http://www.amasci.com:80/amateur/traffic/jamail.html
[2026-08-04 13:00:39] [241/20440] FAIL http://amasci.com/amateur/traffic/guestbok.html
[2026-08-04 13:00:44] [242/20440] FAIL http://www.amasci.com:80/amateur/traffic/jamail.txt
[2026-08-04 13:00:53] [243/20440] FAIL http://www.amasci.com:80/amateur/traffic/links.html
[2026-08-04 13:00:56] [244/20440] FAIL http://amasci.com:80/amateur/traffic/slomerg1.gif
[2026-08-04 13:01:04] [245/20440] FAIL http://www.amasci.com:80/amateur/traffic/m25.zip
[2026-08-04 13:01:08] [246/20440] FAIL http://www.amasci.com:80/amateur/traffic/seatraf.html
[2026-08-04 13:01:09] [247/20440] FAIL http://www.amasci.com:80/amateur/traffic/swave1.gif
[2026-08-04 13:01:11] [248/20440] FAIL http://amasci.com:80/amateur/traffic/tbig.html
[2026-08-04 13:01:16] [250/20440] FAIL http://www.amasci.com:80/amateur/traffic/tanim.html
[2026-08-04 13:01:16] --- Progress: 250/20440 (1%) | New: 15 | Rate: 17/min | ETA 19.4h ---
[2026-08-04 13:01:22] [251/20440] FAIL http://www.amasci.com:80/amateur/traffic/tfaq.html
[2026-08-04 13:01:27] [252/20440] FAIL http://www.amasci.com:80/amateur/traffic/traf1.gif
[2026-08-04 13:01:35] [254/20440] FAIL http://amasci.com/amateur/traffic/traffic.html
[2026-08-04 13:01:38] [255/20440] FAIL http://www.amasci.com/amateur/traffic/trafexp.html?ref=a.wholelottanot
[2026-08-04 13:01:39] [256/20440] FAIL http://www.amasci.com:80/amateur/traffic/traf2.gif
[2026-08-04 13:01:39] [257/20440] FAIL http://www.amasci.com:80/amateur/traffic/traffic1.html
[2026-08-04 13:01:42] [258/20440] FAIL http://www.amasci.com:80/amateur/traffic/trafexp.html
[2026-08-04 13:01:52] [259/20440] FAIL http://amasci.com/amateur/traffic/trafgraf2.gif
[2026-08-04 13:02:03] [260/20440] FAIL http://amasci.com/amateur/traffic/twide1.gif
[2026-08-04 13:02:06] [261/20440] FAIL http://www.amasci.com:80/amateur/traffic/twlite2.gif
[2026-08-04 13:02:10] [262/20440] FAIL http://www.amasci.com:80/amateur/traffic/trafmsg1.txt
[2026-08-04 13:02:12] [264/20440] FAIL http://www.amasci.com:80/amateur/traffic/twlite1.gif
[2026-08-04 13:02:28] [265/20440] FAIL http://www.amasci.com:80/amateur/transis.html
[2026-08-04 13:02:29] [266/20440] FAIL http://www.amasci.com:80/amateur/transis.html.save
[2026-08-04 13:02:30] [267/20440] FAIL http://www.amasci.com/amateur/traffic/wtlite1.gif
[2026-08-04 13:02:31] [268/20440] FAIL http://amasci.com/amateur/transis.html?ref=highscalability.com
[2026-08-04 13:02:37] [270/20440] FAIL http://amasci.com/amateur/ultrason
[2026-08-04 13:02:40] [272/20440] FAIL http://amasci.com:80/amateur/transis2.html
[2026-08-04 13:02:44] [273/20440] FAIL http://amasci.com/amateur/trnsisFAQ.html
[2026-08-04 13:02:47] [274/20440] FAIL http://amasci.com/amateur/ultrason.html
[2026-08-04 13:03:01] [275/20440] FAIL http://amasci.com:80/amateur/vidlist.html
[2026-08-04 13:03:03] [276/20440] FAIL http://amasci.com:80/amateur/videos.html
[2026-08-04 13:03:05] [277/20440] FAIL http://amasci.com/amateur/vonngt_1965.txt
[2026-08-04 13:03:07] [278/20440] FAIL http://www.amasci.com:80/amateur/vort2.txt
[2026-08-04 13:05:34] ============================================================
[2026-08-04 13:05:34] WAYBACK MIRROR: amasci.com
[2026-08-04 13:05:34] Output: /Users/esaruoho/work/merlib-mirror/sites/amasci.com
[2026-08-04 13:05:34] Delay: 1.0s
[2026-08-04 13:05:34] ============================================================
[2026-08-04 13:05:34] Resuming: phase=downloading, 65 already done
[2026-08-04 13:05:34] 
=== PHASE 2: Downloading ===
[2026-08-04 13:05:34] Downloading 20,375 of 20,440 with 4 worker(s) (delay 1.0s each)
[2026-08-04 13:05:34] --- pass 1/6: 20,375 URL(s), 4 worker(s) ---
[2026-08-04 13:05:41] [90/20440] OK amateur/blljar1.txt__btimart.com (22,716b) @on-disk
[2026-08-04 13:05:43] --- Progress: 100/20440 (0%) | New: 35 | Fail: 0 | Throttled-deferred: 0 | Rate: 656/min | ETA 0.5h ---
[2026-08-04 13:05:50] [115/20440] OK amateur/dscope3.gif (1,821b) @on-disk
[2026-08-04 13:06:19] [140/20440] OK amateur/holo1.txt (17,850b) @on-disk
[2026-08-04 13:06:42] --- Progress: 150/20440 (0%) | New: 85 | Fail: 0 | Throttled-deferred: 0 | Rate: 132/min | ETA 2.6h ---
[2026-08-04 13:08:11] [166/20440] OK amateur/led.html (13,067b) @on-disk
[2026-08-04 13:09:19] [192/20440] OK amateur/pinhole.html (17,726b) @on-disk
[2026-08-04 13:09:41] --- Progress: 200/20440 (0%) | New: 133 | Fail: 2 | Throttled-deferred: 0 | Rate: 48/min | ETA 7.0h ---
[2026-08-04 13:10:41] [217/20440] OK amateur/sundog.html (19,214b) @on-disk
[2026-08-04 13:13:03] [246/20440] OK amateur/traffic/tanim.html (5,308b) @on-disk
[2026-08-04 13:13:40] --- Progress: 250/20440 (1%) | New: 178 | Fail: 7 | Throttled-deferred: 0 | Rate: 31/min | ETA 10.9h ---
[2026-08-04 13:14:13] [272/20440] OK amateur/videos.html (25,821b) @on-disk
[2026-08-04 13:16:26] [297/20440] OK amblog/htaccess.html (219b) @20101104
[2026-08-04 13:17:17] --- Progress: 300/20440 (1%) | New: 227 | Fail: 8 | Throttled-deferred: 0 | Rate: 26/min | ETA 13.1h ---
[2026-08-04 13:26:17] [341/20440] OK amblog/wp-admin/install.php (684b) @20220428
[2026-08-04 13:29:02] --- Progress: 350/20440 (1%) | New: 253 | Fail: 32 | Throttled-deferred: 0 | Rate: 15/min | ETA 22.5h ---
[2026-08-04 13:45:04] --- Progress: 400/20440 (1%) | New: 256 | Fail: 79 | Throttled-deferred: 0 | Rate: 10/min | ETA 33.0h ---
[2026-08-04 13:50:40] [425/20440] OK amblog/wp-includes/images/smilies/icon_idea.gif (176b) @20101027
[2026-08-04 13:52:58] ============================================================
[2026-08-04 13:52:58] WAYBACK MIRROR: amasci.com
[2026-08-04 13:52:58] Output: /Users/esaruoho/work/merlib-mirror/sites/amasci.com
[2026-08-04 13:52:58] Delay: 1.0s
[2026-08-04 13:52:58] ============================================================
[2026-08-04 13:52:58] Resuming: phase=downloading, 321 already done
[2026-08-04 13:52:58] 
=== PHASE 2: Downloading ===
[2026-08-04 13:52:58] Skipping 1,037 unmirrorable URL(s) (server-side / WordPress plumbing) — not fetched, not counted as failures
[2026-08-04 13:52:58] Downloading 19,082 of 20,440 with 4 worker(s) (delay 1.0s each)
[2026-08-04 13:52:58] --- pass 1/6: 19,082 URL(s), 4 worker(s) ---
[2026-08-04 13:57:40] --- Progress: 350/20440 (1%) | New: 24 | Fail: 16 | Throttled-deferred: 0 | Rate: 74/min | ETA 4.5h ---
[2026-08-04 13:57:41] [351/20440] OK art/dork07/faraday1.JPG (52,562b) @on-disk
[2026-08-04 13:59:40] [377/20440] OK art/pondmach/bumbr007a.jpg (19,390b) @on-disk
[2026-08-04 13:59:57] --- Progress: 400/20440 (1%) | New: 73 | Fail: 17 | Throttled-deferred: 0 | Rate: 57/min | ETA 5.8h ---
[2026-08-04 13:59:59] [402/20440] OK brain/index.html (260b) @on-disk
[2026-08-04 14:00:13] [427/20440] OK caps/ring2.gif (78,602b) @on-disk
[2026-08-04 14:02:03] --- Progress: 450/20440 (2%) | New: 121 | Fail: 19 | Throttled-deferred: 0 | Rate: 50/min | ETA 6.7h ---
[2026-08-04 14:03:11] [454/20440] OK edu/index.html (583b) @20190804
[2026-08-04 16:28:07] ============================================================
[2026-08-04 16:28:07] WAYBACK MIRROR: amasci.com
[2026-08-04 16:28:07] Output: /Users/esaruoho/work/merlib-mirror/sites/amasci.com
[2026-08-04 16:28:07] Delay: 1.0s
[2026-08-04 16:28:07] ============================================================
[2026-08-04 16:28:07] Resuming: phase=downloading, 442 already done
[2026-08-04 16:28:07] 
=== PHASE 2: Downloading ===
[2026-08-04 16:28:07] Skipping 1,037 unmirrorable URL(s) (server-side / WordPress plumbing) — not fetched, not counted as failures
[2026-08-04 16:28:07] Downloading 18,961 of 20,440 with 4 worker(s) (delay 1.0s each)
[2026-08-04 16:28:07] --- pass 1/6: 18,961 URL(s), 4 worker(s) ---
[2026-08-04 16:30:45] --- Progress: 450/20440 (2%) | New: 5 | Fail: 22 | Throttled-deferred: 0 | Rate: 171/min | ETA 2.0h ---
[2026-08-04 16:33:03] [471/20440] OK ele-edlu.html (21,199b) @20231015
[2026-08-04 16:37:41] [497/20440] OK elect/poynt/fig1.gif (2,760b) @on-disk
[2026-08-04 16:37:42] --- Progress: 500/20440 (2%) | New: 53 | Fail: 24 | Throttled-deferred: 0 | Rate: 52/min | ETA 6.4h ---
[2026-08-04 16:39:59] [523/20440] OK elect/coilc.gif (2,139b) @20190804
[2026-08-04 16:44:19] [550/20440] OK elehob/alexxtu.html (41,828b) @on-disk
[2026-08-04 16:44:20] --- Progress: 550/20440 (2%) | New: 100 | Fail: 27 | Throttled-deferred: 0 | Rate: 34/min | ETA 9.8h ---
[2026-08-04 16:45:30] [575/20440] OK emotor/electrostatic1.html (16,408b) @20051127
[2026-08-04 16:46:42] [600/20440] OK emotor/lee.txt (1,392b) @on-disk
[2026-08-04 16:46:42] --- Progress: 600/20440 (2%) | New: 150 | Fail: 27 | Throttled-deferred: 0 | Rate: 32/min | ETA 10.2h ---
[2026-08-04 16:48:10] [626/20440] OK emotor/static1b.html (10,577b) @on-disk
[2026-08-04 16:48:30] --- Progress: 650/20440 (3%) | New: 199 | Fail: 28 | Throttled-deferred: 0 | Rate: 32/min | ETA 10.3h ---
[2026-08-04 16:48:31] [651/20440] OK emotor/vdgtame.gif (1,038b) @on-disk
[2026-08-04 16:51:29] [681/20440] OK exptese.html (6,750b) @on-disk
[2026-08-04 16:51:56] --- Progress: 700/20440 (3%) | New: 244 | Fail: 33 | Throttled-deferred: 0 | Rate: 29/min | ETA 11.2h ---
[2026-08-04 16:53:15] [707/20440] OK freenrg/abhor.html (18,667b) @on-disk
[2026-08-04 16:56:15] [733/20440] OK freenrg/bindet.html (14,210b) @on-disk
[2026-08-04 16:57:08] --- Progress: 750/20440 (3%) | New: 292 | Fail: 35 | Throttled-deferred: 0 | Rate: 26/min | ETA 12.7h ---
[2026-08-04 16:58:19] [759/20440] OK freenrg/fe.css (206b) @on-disk
[2026-08-04 16:59:22] [784/20440] OK freenrg/gravskep.txt (1,335b) @on-disk
[2026-08-04 16:59:34] --- Progress: 800/20440 (3%) | New: 341 | Fail: 36 | Throttled-deferred: 0 | Rate: 25/min | ETA 12.9h ---
[2026-08-04 16:59:41] [809/20440] OK freenrg/lee1.txt (5,068b) @on-disk
[2026-08-04 16:59:53] [834/20440] OK freenrg/mie/y11-5.jpg (25,731b) @on-disk
[2026-08-04 16:59:59] --- Progress: 850/20440 (4%) | New: 391 | Fail: 36 | Throttled-deferred: 0 | Rate: 27/min | ETA 12.2h ---
[2026-08-04 17:00:05] [859/20440] OK freenrg/pacebook.txt (1,196b) @on-disk
[2026-08-04 17:00:24] [884/20440] OK freenrg/scalar.gif (7,367b) @on-disk
[2026-08-04 17:00:32] --- Progress: 900/20440 (4%) | New: 441 | Fail: 36 | Throttled-deferred: 0 | Rate: 28/min | ETA 11.7h ---
[2026-08-04 17:00:38] [909/20440] OK freenrg/tors/doc15.html (13,597b) @on-disk
[2026-08-04 17:00:58] [934/20440] OK freenrg/tors/tors.txt (133,386b) @20010428
[2026-08-04 17:04:18] --- Progress: 950/20440 (4%) | New: 490 | Fail: 37 | Throttled-deferred: 0 | Rate: 26/min | ETA 12.4h ---
[2026-08-04 17:05:18] [960/20440] OK freenrg/wbelief1.html (30,558b) @on-disk
[2026-08-04 17:08:05] [987/20440] OK graphics/argon/bowlside009.mpg (917,110b) @20190804
[2026-08-04 17:10:39] --- Progress: 1000/20440 (4%) | New: 537 | Fail: 40 | Throttled-deferred: 0 | Rate: 24/min | ETA 13.8h ---
[2026-08-04 17:11:49] [1013/20440] OK graphics/books/hovercp.jpg (10,122b) @on-disk
[2026-08-04 17:14:16] [1039/20440] OK graphics/echopen/frnknpen1a.jpg (258,555b) @on-disk
[2026-08-04 17:16:15] --- Progress: 1050/20440 (5%) | New: 586 | Fail: 41 | Throttled-deferred: 0 | Rate: 22/min | ETA 14.8h ---
[2026-08-04 17:16:58] [1064/20440] OK graphics/echopen/pen_0402.JPG (243,279b) @20220428
[2026-08-04 17:17:12] [1089/20440] OK graphics/hov4.gif (1,426b) @on-disk
[2026-08-04 17:17:19] --- Progress: 1100/20440 (5%) | New: 636 | Fail: 41 | Throttled-deferred: 0 | Rate: 22/min | ETA 14.4h ---
[2026-08-04 17:17:26] [1114/20440] OK graphics/kraus_poynt.gif (34,196b) @on-disk
[2026-08-04 17:18:46] [1140/20440] OK graphics/newhoo.gif (2,719b) @20051212
[2026-08-04 17:18:54] --- Progress: 1150/20440 (5%) | New: 685 | Fail: 42 | Throttled-deferred: 0 | Rate: 23/min | ETA 14.2h ---
[2026-08-04 17:20:58] [1165/20440] OK graphics/sqwhls2.gif (977b) @on-disk
[2026-08-04 17:23:00] [1193/20440] OK graphics/tesbeam2.jpg (106,050b) @on-disk
[2026-08-04 17:23:24] --- Progress: 1200/20440 (5%) | New: 732 | Fail: 45 | Throttled-deferred: 0 | Rate: 22/min | ETA 14.8h ---
[2026-08-04 17:27:41] [1222/20440] OK graphics/tsplane.jpg (48,215b) @on-disk
[2026-08-04 17:31:10] --- Progress: 1250/20440 (6%) | New: 774 | Fail: 53 | Throttled-deferred: 0 | Rate: 20/min | ETA 16.1h ---
[2026-08-04 17:31:10] [1251/20440] OK graphics/yt/bumb.jpg (2,906b) @on-disk
[2026-08-04 17:31:34] [1276/20440] OK graphics/yt/mags2meb.jpg (3,440b) @on-disk
[2026-08-04 17:31:53] --- Progress: 1300/20440 (6%) | New: 824 | Fail: 53 | Throttled-deferred: 0 | Rate: 20/min | ETA 15.7h ---
[2026-08-04 17:31:54] [1301/20440] OK graphics/yt/wrdgens.jpg (2,746b) @on-disk
[2026-08-04 17:32:20] [1326/20440] OK greb/Grebennikov/236d.gif (22,097b) @on-disk
[2026-08-04 17:34:39] --- Progress: 1350/20440 (6%) | New: 871 | Fail: 56 | Throttled-deferred: 0 | Rate: 20/min | ETA 15.7h ---
[2026-08-04 17:34:47] [1354/20440] OK greb/index.html__M%3DA (1,289b) @20190804
[2026-08-04 17:38:47] [1380/20440] OK hum/hum15.zip (263,365b) @20191221
[2026-08-04 17:40:59] --- Progress: 1400/20440 (6%) | New: 919 | Fail: 58 | Throttled-deferred: 0 | Rate: 19/min | ETA 16.5h ---
[2026-08-04 17:41:05] [1406/20440] OK hum/taosmsgs.txt (51,580b) @on-disk
[2026-08-04 17:46:02] [1436/20440] OK instr/montypython.jpg (20,204b) @on-disk
[2026-08-04 17:46:54] --- Progress: 1450/20440 (7%) | New: 963 | Fail: 64 | Throttled-deferred: 0 | Rate: 18/min | ETA 17.2h ---
[2026-08-04 17:47:38] [1463/20440] OK maglev/lev/chieffo.gif (31,251b) @on-disk
[2026-08-04 17:47:56] [1488/20440] OK maglev/lev/fig5.gif (79,868b) @on-disk
[2026-08-04 17:48:04] --- Progress: 1500/20440 (7%) | New: 1012 | Fail: 65 | Throttled-deferred: 0 | Rate: 19/min | ETA 16.8h ---
[2026-08-04 17:49:48] [1514/20440] OK maglev/linmot.html (12,450b) @on-disk
[2026-08-04 17:52:22] [1542/20440] OK miscon/eleca.html (113,659b) @on-disk
[2026-08-04 17:52:49] --- Progress: 1550/20440 (7%) | New: 1058 | Fail: 69 | Throttled-deferred: 0 | Rate: 18/min | ETA 17.2h ---
[2026-08-04 17:53:11] [1567/20440] OK miscon/lenslet.txt (24,726b) @on-disk
[2026-08-04 17:56:32] [1594/20440] OK miscon/rfig3.gif (1,932b) @on-disk
[2026-08-04 17:56:36] --- Progress: 1600/20440 (7%) | New: 1106 | Fail: 71 | Throttled-deferred: 0 | Rate: 18/min | ETA 17.4h ---
[2026-08-04 17:58:19] [1619/20440] OK miscon/whyhrd3.html (73,377b) @on-disk
[2026-08-04 18:02:10] [1646/20440] OK pfi/index.html (5,959b) @on-disk
[2026-08-04 18:02:14] --- Progress: 1650/20440 (8%) | New: 1154 | Fail: 73 | Throttled-deferred: 0 | Rate: 18/min | ETA 17.9h ---
[2026-08-04 18:02:27] [1671/20440] OK pirainfo.txt (6,217b) @on-disk
[2026-08-04 18:04:40] [1698/20440] OK sc/scifair.html (32,773b) @on-disk
[2026-08-04 18:04:42] --- Progress: 1700/20440 (8%) | New: 1202 | Fail: 75 | Throttled-deferred: 0 | Rate: 18/min | ETA 17.7h ---
[2026-08-04 18:10:46] [1729/20440] OK scifair/chem.html (16,670b) @on-disk
[2026-08-04 18:11:12] --- Progress: 1750/20440 (8%) | New: 1246 | Fail: 81 | Throttled-deferred: 0 | Rate: 17/min | ETA 18.3h ---
[2026-08-04 18:12:11] [1754/20440] OK Sqwplan1.doc (93,696b) @20180825
[2026-08-04 18:12:42] [1779/20440] OK stats/space.gif (882b) @on-disk
[2026-08-04 18:14:37] --- Progress: 1800/20440 (8%) | New: 1294 | Fail: 83 | Throttled-deferred: 0 | Rate: 17/min | ETA 18.4h ---
[2026-08-04 18:14:41] [1806/20440] OK tesla/ballexst.html (11,065b) @on-disk
[2026-08-04 18:14:51] [1831/20440] OK tesla/cap3.txt (12,339b) @on-disk
[2026-08-04 18:15:07] --- Progress: 1850/20440 (9%) | New: 1344 | Fail: 83 | Throttled-deferred: 0 | Rate: 17/min | ETA 17.9h ---
[2026-08-04 18:15:10] [1856/20440] OK tesla/nearfld1.html (20,353b) @on-disk
[2026-08-04 18:15:31] [1881/20440] OK tesla/tcba.html (6,353b) @on-disk
[2026-08-04 18:16:34] --- Progress: 1900/20440 (9%) | New: 1394 | Fail: 83 | Throttled-deferred: 0 | Rate: 18/min | ETA 17.6h ---
[2026-08-04 18:17:02] [1906/20440] OK tesla/tespc.txt (848b) @on-disk
[2026-08-04 18:17:27] [1931/20440] OK toys/amform.html (1,450b) @on-disk
[2026-08-04 18:17:46] --- Progress: 1950/20440 (9%) | New: 1444 | Fail: 83 | Throttled-deferred: 0 | Rate: 18/min | ETA 17.3h ---
[2026-08-04 18:17:54] [1956/20440] OK weird.html (8,619b) @on-disk
[2026-08-04 18:19:49] [1983/20440] OK weird/flam2.html (39,534b) @on-disk
[2026-08-04 18:21:27] --- Progress: 2000/20440 (9%) | New: 1490 | Fail: 87 | Throttled-deferred: 0 | Rate: 18/min | ETA 17.4h ---
[2026-08-04 18:22:30] [2010/20440] OK weird/quotes2.txt (790b) @on-disk
[2026-08-04 18:24:22] [2038/20440] OK weird/unusual/blold2.html (185,068b) @on-disk
[2026-08-04 18:26:53] --- Progress: 2050/20440 (10%) | New: 1536 | Fail: 91 | Throttled-deferred: 0 | Rate: 17/min | ETA 17.8h ---
[2026-08-04 18:28:03] [2064/20440] OK weird/unusual/longthr2.gif (56,349b) @on-disk
[2026-08-04 18:28:34] [2089/20440] OK weird/unusual/whtrngl2.gif (66,128b) @on-disk
[2026-08-04 18:29:12] --- Progress: 2100/20440 (10%) | New: 1586 | Fail: 91 | Throttled-deferred: 0 | Rate: 17/min | ETA 17.6h ---
[2026-08-04 18:29:42] [2114/20440] OK weird/unusual/vanish.html (172,623b) @20231015
[2026-08-04 18:31:05] [2139/20440] OK weird/wsci.html (26,485b) @on-disk
[2026-08-04 18:31:35] --- Progress: 2150/20440 (10%) | New: 1636 | Fail: 91 | Throttled-deferred: 0 | Rate: 17/min | ETA 17.5h ---
[2026-08-04 18:35:13] [2164/20440] OK weird2/vort0610.zip (479,005b) @20231015
[2026-08-04 18:42:13] [2195/20440] OK wing/airgif.html (14,261b) @on-disk
[2026-08-04 18:42:17] --- Progress: 2200/20440 (10%) | New: 1680 | Fail: 97 | Throttled-deferred: 0 | Rate: 16/min | ETA 18.5h ---
[2026-08-04 18:44:13] [2220/20440] OK wing/smrg1.gif (57,499b) @on-disk
[2026-08-04 18:44:48] [2245/20440] OK wsci/index.html (13,393b) @on-disk
[2026-08-04 18:44:53] --- Progress: 2250/20440 (11%) | New: 1730 | Fail: 97 | Throttled-deferred: 0 | Rate: 16/min | ETA 18.4h ---
[2026-08-04 18:49:34] ============================================================
[2026-08-04 18:49:34] WAYBACK MIRROR: amasci.com
[2026-08-04 18:49:34] Output: /Users/esaruoho/work/merlib-mirror/sites/amasci.com
[2026-08-04 18:49:34] Delay: 1.0s
[2026-08-04 18:49:34] ============================================================
[2026-08-04 18:49:34] Resuming: phase=downloading, 2172 already done
[2026-08-04 18:49:34] 
=== PHASE 2: Downloading ===
[2026-08-04 18:49:34] Collapsed 136 host-variant duplicate(s) to one fetch each
[2026-08-04 18:49:34] Skipping 1,742 unmirrorable URL(s) (server-side / WordPress plumbing) — not fetched, not counted as failures
[2026-08-04 18:49:34] Downloading 16,390 of 20,440 with 4 worker(s) (delay 1.0s each)
[2026-08-04 18:49:34] --- pass 1/6: 16,390 URL(s), 4 worker(s) ---
[2026-08-04 19:03:37] [2342/20440] OK miscon/ener1.txt (15,060b) @20231015
[2026-08-04 19:06:53] --- Progress: 2350/20440 (11%) | New: 29 | Fail: 78 | Throttled-deferred: 0 | Rate: 136/min | ETA 2.2h ---
[2026-08-04 19:13:48] [2376/20440] OK ~2nd-hand/hojin/boshu.html (4,348b) @20231015
[2026-08-04 19:19:20] --- Progress: 2400/20440 (11%) | New: 71 | Fail: 86 | Throttled-deferred: 0 | Rate: 81/min | ETA 3.7h ---
[2026-08-04 19:24:49] [2413/20440] OK ~2nd-hand/shien/hokokusho/03-05-goto.html (6,743b) @20210518
[2026-08-04 20:40:18] [2448/20440] OK ~4winds/dsh/k2.htm (16,477b) @20191221
[2026-08-04 20:40:56] --- Progress: 2450/20440 (11%) | New: 102 | Fail: 105 | Throttled-deferred: 0 | Rate: 22/min | ETA 13.6h ---
[2026-08-04 20:47:45] [2475/20440] OK ~ables/cabincam/archive/deck/cam200107231430.jpg (39,112b) @20210518
[2026-08-04 20:53:11] --- Progress: 2500/20440 (12%) | New: 149 | Fail: 108 | Throttled-deferred: 0 | Rate: 20/min | ETA 14.8h ---
[2026-08-04 20:53:26] [2501/20440] OK ~ables/cabincam/archive/deck/cam200108231343.jpg (36,287b) @20191221
[2026-08-04 20:59:08] [2526/20440] OK ~ables/cabincam/archive/winter/index.html (197b) @20190804
[2026-08-04 21:03:56] --- Progress: 2550/20440 (12%) | New: 198 | Fail: 109 | Throttled-deferred: 0 | Rate: 19/min | ETA 15.7h ---
[2026-08-04 21:04:22] [2552/20440] OK ~ables/deck/east/tndeck2001092001.jpg (1,907b) @20231015
[2026-08-04 21:09:06] [2578/20440] OK ~ables/hikebike/mtfalcon.html (845b) @20020304
[2026-08-04 21:13:40] --- Progress: 2600/20440 (12%) | New: 246 | Fail: 111 | Throttled-deferred: 0 | Rate: 18/min | ETA 16.5h ---
[2026-08-04 21:14:39] [2604/20440] OK ~ables/ski/1998.html (4,911b) @20231015
[2026-08-05 09:23:15] --- Progress: 2650/20440 (12%) | New: 254 | Fail: 153 | Throttled-deferred: 0 | Rate: 3/min | ETA 97.8h ---
[2026-08-05 12:44:12] --- Progress: 2700/20440 (13%) | New: 268 | Fail: 189 | Throttled-deferred: 0 | Rate: 3/min | ETA 117.7h ---
[2026-08-05 12:45:16] [2707/20440] OK ~allegro/private/aboutus2.htm (9,828b) @20210518
[2026-08-05 12:48:47] [2732/20440] OK ~archer/gene.html (4,726b) @20220428
[2026-08-05 12:51:34] --- Progress: 2750/20440 (13%) | New: 318 | Fail: 189 | Throttled-deferred: 0 | Rate: 3/min | ETA 116.0h ---
[2026-08-05 12:53:38] [2758/20440] OK ~babytown/babystuff.html (6,585b) @20211028
[2026-08-05 12:57:28] Timestamp attempts per URL: 3 (a miss costs ~39s)
[2026-08-05 12:57:28] ============================================================
[2026-08-05 12:57:28] WAYBACK MIRROR: amasci.com
[2026-08-05 12:57:28] Output: /Users/esaruoho/work/merlib-mirror/sites/amasci.com
[2026-08-05 12:57:28] Delay: 1.0s
[2026-08-05 12:57:28] ============================================================
[2026-08-05 12:57:28] Resuming: phase=downloading, 2490 already done
[2026-08-05 12:57:28] 
=== PHASE 2: Downloading ===
[2026-08-05 12:57:28] Collapsed 135 host-variant duplicate(s) to one fetch each
[2026-08-05 12:57:28] Skipping 1,742 unmirrorable URL(s) (server-side / WordPress plumbing) — not fetched, not counted as failures
[2026-08-05 12:57:28] Downloading 16,073 of 20,440 with 8 worker(s) (delay 1.0s each)
[2026-08-05 12:57:28] --- pass 1/6: 16,073 URL(s), 8 worker(s) ---
[2026-08-05 12:59:11] --- Progress: 2650/20440 (12%) | New: 1 | Fail: 213 | Throttled-deferred: 0 | Rate: 1546/min | ETA 0.2h ---
[2026-08-05 13:01:15] --- Progress: 2686/20440 (13%) | New: 10 | Fail: 240 | Throttled-deferred: 0 | Rate: 710/min | ETA 0.4h ---
[2026-08-05 13:01:59] --- Progress: 2700/20440 (13%) | New: 12 | Fail: 252 | Throttled-deferred: 0 | Rate: 597/min | ETA 0.5h ---
[2026-08-05 13:04:02] --- Progress: 2739/20440 (13%) | New: 16 | Fail: 287 | Throttled-deferred: 0 | Rate: 417/min | ETA 0.7h ---
[2026-08-05 13:04:19] --- Progress: 2750/20440 (13%) | New: 22 | Fail: 292 | Throttled-deferred: 0 | Rate: 401/min | ETA 0.7h ---
[2026-08-05 13:04:21] [2753/20440] OK ~babytown/ameda.html (11,565b) @on-disk
[2026-08-05 13:06:04] --- Progress: 2800/20440 (13%) | New: 46 | Fail: 318 | Throttled-deferred: 0 | Rate: 325/min | ETA 0.9h ---
[2026-08-05 13:07:11] [2822/20440] OK ~bankstar/bs/Horsy.htm (13,426b) @20021215
[2026-08-05 13:08:07] --- Progress: 2839/20440 (13%) | New: 52 | Fail: 351 | Throttled-deferred: 0 | Rate: 266/min | ETA 1.1h ---
[2026-08-05 13:08:46] --- Progress: 2850/20440 (13%) | New: 56 | Fail: 358 | Throttled-deferred: 0 | Rate: 252/min | ETA 1.2h ---
[2026-08-05 13:10:47] --- Progress: 2885/20440 (14%) | New: 58 | Fail: 391 | Throttled-deferred: 0 | Rate: 217/min | ETA 1.4h ---
[2026-08-05 13:11:28] --- Progress: 2900/20440 (14%) | New: 59 | Fail: 405 | Throttled-deferred: 0 | Rate: 207/min | ETA 1.4h ---
[2026-08-05 13:12:36] ============================================================
[2026-08-05 13:12:36] WAYBACK MIRROR: amasci.com
[2026-08-05 13:12:36] Output: /Users/esaruoho/work/merlib-mirror/sites/amasci.com
[2026-08-05 13:12:36] Delay: 1.0s
[2026-08-05 13:12:36] ============================================================
[2026-08-05 13:12:36] Resuming: phase=downloading, 2549 already done
[2026-08-05 13:12:36] 
=== PHASE 2: Downloading ===
[2026-08-05 13:12:36] Collapsed 134 host-variant duplicate(s) to one fetch each
[2026-08-05 13:12:36] Skipping 1,742 unmirrorable URL(s) (server-side / WordPress plumbing) — not fetched, not counted as failures
[2026-08-05 13:12:36] Downloading 16,015 of 20,440 with 6 worker(s) (delay 1.0s each)
[2026-08-05 13:12:36] --- pass 1/6: 16,015 URL(s), 6 worker(s) ---
[2026-08-05 13:14:38] --- Progress: 2689/20440 (13%) | New: 5 | Fail: 1 | Throttled-deferred: 0 | Rate: 1323/min | ETA 0.2h ---
[2026-08-05 13:16:51] --- Progress: 2697/20440 (13%) | New: 9 | Fail: 5 | Throttled-deferred: 0 | Rate: 636/min | ETA 0.5h ---
[2026-08-05 13:17:13] --- Progress: 2700/20440 (13%) | New: 10 | Fail: 7 | Throttled-deferred: 0 | Rate: 586/min | ETA 0.5h ---
[2026-08-05 13:18:48] [2718/20440] OK ~4winds/d00/hrs.htm (8,552b) @20231015
[2026-08-05 13:19:19] --- Progress: 2723/20440 (13%) | New: 30 | Fail: 10 | Throttled-deferred: 0 | Rate: 405/min | ETA 0.7h ---
[2026-08-05 13:21:12] [2745/20440] OK ~ables/volunteer.html (695b) @20231015
[2026-08-05 13:21:32] --- Progress: 2748/20440 (13%) | New: 53 | Fail: 12 | Throttled-deferred: 0 | Rate: 308/min | ETA 1.0h ---
[2026-08-05 13:21:34] --- Progress: 2750/20440 (13%) | New: 55 | Fail: 12 | Throttled-deferred: 0 | Rate: 307/min | ETA 1.0h ---
[2026-08-05 13:23:34] --- Progress: 2769/20440 (13%) | New: 73 | Fail: 13 | Throttled-deferred: 0 | Rate: 253/min | ETA 1.2h ---
[2026-08-05 13:23:41] [2771/20440] OK ~allegro/_vti_cnf/index.html (501b) @20020609
[2026-08-05 13:25:37] --- Progress: 2794/20440 (13%) | New: 98 | Fail: 13 | Throttled-deferred: 0 | Rate: 215/min | ETA 1.4h ---
[2026-08-05 13:25:39] [2796/20440] OK ~babytown/links.html (7,895b) @20231015
[2026-08-05 13:26:10] --- Progress: 2800/20440 (13%) | New: 104 | Fail: 13 | Throttled-deferred: 0 | Rate: 206/min | ETA 1.4h ---
[2026-08-05 13:28:12] --- Progress: 2818/20440 (13%) | New: 122 | Fail: 13 | Throttled-deferred: 0 | Rate: 181/min | ETA 1.6h ---
[2026-08-05 13:28:45] [2821/20440] OK ~babytown/Underwear.html (12,833b) @20231015
[2026-08-05 13:30:13] --- Progress: 2833/20440 (13%) | New: 137 | Fail: 13 | Throttled-deferred: 0 | Rate: 161/min | ETA 1.8h ---
[2026-08-05 13:31:45] [2847/20440] OK ~bankstar/bs/T-Con.htm (13,141b) @20021215
[2026-08-05 13:32:12] --- Progress: 2850/20440 (13%) | New: 153 | Fail: 14 | Throttled-deferred: 0 | Rate: 145/min | ETA 2.0h ---
[2026-08-05 13:34:02] [2872/20440] OK ~baubo/drgn/020131.htm (8,552b) @20020309
[2026-08-05 13:34:17] --- Progress: 2874/20440 (14%) | New: 177 | Fail: 14 | Throttled-deferred: 0 | Rate: 133/min | ETA 2.2h ---
[2026-08-05 13:36:29] --- Progress: 2888/20440 (14%) | New: 188 | Fail: 17 | Throttled-deferred: 0 | Rate: 121/min | ETA 2.4h ---
[2026-08-05 13:38:11] --- Progress: 2900/20440 (14%) | New: 197 | Fail: 20 | Throttled-deferred: 0 | Rate: 113/min | ETA 2.6h ---
[2026-08-05 13:38:41] [2903/20440] OK ~billb/amateur/coilgen.html (24,586b) @20211028
[2026-08-05 13:40:13] --- Progress: 2916/20440 (14%) | New: 212 | Fail: 21 | Throttled-deferred: 0 | Rate: 106/min | ETA 2.8h ---
[2026-08-05 13:42:17] --- Progress: 2928/20440 (14%) | New: 223 | Fail: 22 | Throttled-deferred: 0 | Rate: 99/min | ETA 3.0h ---
[2026-08-05 13:42:26] [2930/20440] OK ~billb/emotor/stmiscon.html (34,829b) @20210518
[2026-08-05 13:44:11] --- Progress: 2950/20440 (14%) | New: 245 | Fail: 22 | Throttled-deferred: 0 | Rate: 93/min | ETA 3.1h ---
[2026-08-05 13:44:46] [2955/20440] OK ~billb/redgreen.html (22,704b) @20211028
[2026-08-05 13:46:13] --- Progress: 2971/20440 (14%) | New: 266 | Fail: 22 | Throttled-deferred: 0 | Rate: 88/min | ETA 3.3h ---
[2026-08-05 13:47:03] [2980/20440] OK ~billb/weird/vortex/subc.html (10,787b) @20210518
[2026-08-05 13:48:20] --- Progress: 2995/20440 (14%) | New: 290 | Fail: 22 | Throttled-deferred: 0 | Rate: 84/min | ETA 3.5h ---
[2026-08-05 13:48:44] --- Progress: 3000/20440 (14%) | New: 295 | Fail: 22 | Throttled-deferred: 0 | Rate: 83/min | ETA 3.5h ---
[2026-08-05 13:49:14] [3005/20440] OK ~bloo/bformfaq/bfhist.html (8,741b) @20030427
[2026-08-05 13:50:46] --- Progress: 3015/20440 (14%) | New: 309 | Fail: 23 | Throttled-deferred: 0 | Rate: 79/min | ETA 3.7h ---
[2026-08-05 13:52:14] [3032/20440] OK ~bloo/bformfaq/making.html (2,316b) @20211028
[2026-08-05 13:52:53] --- Progress: 3040/20440 (14%) | New: 333 | Fail: 24 | Throttled-deferred: 0 | Rate: 75/min | ETA 3.8h ---
[2026-08-05 13:53:49] --- Progress: 3050/20440 (14%) | New: 343 | Fail: 24 | Throttled-deferred: 0 | Rate: 74/min | ETA 3.9h ---
[2026-08-05 13:54:57] [3058/20440] OK ~bloo/cdfaq/larrow.gif (121b) @20040210
[2026-08-05 13:55:55] --- Progress: 3065/20440 (14%) | New: 357 | Fail: 25 | Throttled-deferred: 0 | Rate: 71/min | ETA 4.1h ---
[2026-08-05 13:57:28] [3083/20440] OK ~bloo/humor/humor.html (1,151b) @20200128
[2026-08-05 13:57:56] --- Progress: 3088/20440 (15%) | New: 380 | Fail: 25 | Throttled-deferred: 0 | Rate: 68/min | ETA 4.2h ---
[2026-08-05 13:59:10] --- Progress: 3100/20440 (15%) | New: 392 | Fail: 25 | Throttled-deferred: 0 | Rate: 67/min | ETA 4.3h ---
[2026-08-05 13:59:56] [3108/20440] OK ~bloo/indexdot/css/properties/aural/cueaft.htm (5,708b) @20190804
[2026-08-05 14:01:17] --- Progress: 3121/20440 (15%) | New: 413 | Fail: 25 | Throttled-deferred: 0 | Rate: 64/min | ETA 4.5h ---
[2026-08-05 14:02:44] [3133/20440] OK ~bloo/indexdot/css/properties/colorbg/color.htm (5,743b) @20211028
[2026-08-05 14:03:28] --- Progress: 3140/20440 (15%) | New: 431 | Fail: 26 | Throttled-deferred: 0 | Rate: 62/min | ETA 4.7h ---
[2026-08-05 14:04:26] --- Progress: 3150/20440 (15%) | New: 437 | Fail: 30 | Throttled-deferred: 0 | Rate: 61/min | ETA 4.7h ---
[2026-08-05 14:06:28] --- Progress: 3166/20440 (15%) | New: 446 | Fail: 37 | Throttled-deferred: 0 | Rate: 59/min | ETA 4.9h ---
[2026-08-05 14:06:38] [3172/20440] OK ~bloo/indexdot/css/supportkey/aural.htm (29,263b) @20020322
[2026-08-05 14:08:30] --- Progress: 3187/20440 (15%) | New: 460 | Fail: 44 | Throttled-deferred: 0 | Rate: 57/min | ETA 5.0h ---
[2026-08-05 14:09:57] --- Progress: 3200/20440 (15%) | New: 468 | Fail: 49 | Throttled-deferred: 0 | Rate: 56/min | ETA 5.2h ---
[2026-08-05 14:10:51] [3208/20440] OK ~bloo/indexdot/history/browsers.htm (12,329b) @20210518
[2026-08-05 14:11:59] --- Progress: 3216/20440 (15%) | New: 478 | Fail: 55 | Throttled-deferred: 0 | Rate: 54/min | ETA 5.3h ---
[2026-08-05 14:14:20] --- Progress: 3239/20440 (15%) | New: 494 | Fail: 62 | Throttled-deferred: 0 | Rate: 52/min | ETA 5.5h ---
[2026-08-05 14:14:49] [3248/20440] OK ~bloo/indexdot/html/tagpages/entities/greeksmalls.htm (28,959b) @20231015
[2026-08-05 14:15:33] --- Progress: 3250/20440 (15%) | New: 502 | Fail: 65 | Throttled-deferred: 0 | Rate: 52/min | ETA 5.5h ---
[2026-08-05 14:17:36] --- Progress: 3266/20440 (15%) | New: 512 | Fail: 71 | Throttled-deferred: 0 | Rate: 50/min | ETA 5.7h ---
[2026-08-05 14:19:38] --- Progress: 3280/20440 (16%) | New: 520 | Fail: 77 | Throttled-deferred: 0 | Rate: 49/min | ETA 5.8h ---
[2026-08-05 14:20:24] [3290/20440] OK ~bloo/mailmall/gifts.html (33,393b) @20211028
[2026-08-05 14:21:41] --- Progress: 3298/20440 (16%) | New: 530 | Fail: 85 | Throttled-deferred: 0 | Rate: 48/min | ETA 6.0h ---
[2026-08-05 14:21:42] --- Progress: 3300/20440 (16%) | New: 530 | Fail: 87 | Throttled-deferred: 0 | Rate: 48/min | ETA 6.0h ---
[2026-08-05 14:23:42] --- Progress: 3316/20440 (16%) | New: 539 | Fail: 94 | Throttled-deferred: 0 | Rate: 47/min | ETA 6.1h ---
[2026-08-05 14:25:01] [3329/20440] OK ~boyerbl/kydexpress.jpeg (8,442b) @20190804
[2026-08-05 14:25:48] --- Progress: 3336/20440 (16%) | New: 555 | Fail: 98 | Throttled-deferred: 0 | Rate: 46/min | ETA 6.3h ---
[2026-08-05 14:27:35] --- Progress: 3350/20440 (16%) | New: 564 | Fail: 103 | Throttled-deferred: 0 | Rate: 45/min | ETA 6.4h ---
[2026-08-05 14:29:24] [3366/20440] OK ~bpentium/beatles.html (30,219b) @20211028
[2026-08-05 14:29:46] --- Progress: 3367/20440 (16%) | New: 576 | Fail: 108 | Throttled-deferred: 0 | Rate: 44/min | ETA 6.5h ---
[2026-08-05 14:31:55] --- Progress: 3382/20440 (16%) | New: 583 | Fail: 116 | Throttled-deferred: 0 | Rate: 43/min | ETA 6.7h ---
[2026-08-05 14:33:58] --- Progress: 3398/20440 (16%) | New: 592 | Fail: 123 | Throttled-deferred: 0 | Rate: 42/min | ETA 6.8h ---
[2026-08-05 14:34:04] --- Progress: 3400/20440 (16%) | New: 593 | Fail: 124 | Throttled-deferred: 0 | Rate: 42/min | ETA 6.8h ---
[2026-08-05 14:35:06] [3409/20440] OK ~bpentium/beatles/buttons/button8.jpg (8,793b) @20190804
[2026-08-05 14:36:04] --- Progress: 3417/20440 (16%) | New: 604 | Fail: 130 | Throttled-deferred: 0 | Rate: 41/min | ETA 6.9h ---
[2026-08-05 14:38:09] --- Progress: 3436/20440 (16%) | New: 617 | Fail: 136 | Throttled-deferred: 0 | Rate: 40/min | ETA 7.1h ---
[2026-08-05 14:38:46] [3445/20440] OK ~bpentium/beatles/fanclub/ghpa625s.jpg (12,963b) @20040721
[2026-08-05 14:39:32] --- Progress: 3450/20440 (16%) | New: 629 | Fail: 138 | Throttled-deferred: 0 | Rate: 40/min | ETA 7.1h ---
[2026-08-05 14:41:35] --- Progress: 3475/20440 (17%) | New: 646 | Fail: 146 | Throttled-deferred: 0 | Rate: 39/min | ETA 7.2h ---
[2026-08-05 14:42:24] [3482/20440] OK ~bpentium/beatles/intro/vj2mr2c.jpg (56,388b) @20030428
[2026-08-05 14:43:40] --- Progress: 3494/20440 (17%) | New: 659 | Fail: 152 | Throttled-deferred: 0 | Rate: 38/min | ETA 7.4h ---
[2026-08-05 14:44:31] --- Progress: 3500/20440 (17%) | New: 663 | Fail: 154 | Throttled-deferred: 0 | Rate: 38/min | ETA 7.4h ---
[2026-08-05 14:46:37] --- Progress: 3515/20440 (17%) | New: 672 | Fail: 160 | Throttled-deferred: 0 | Rate: 37/min | ETA 7.5h ---
[2026-08-05 14:47:30] [3521/20440] OK ~bpentium/beatles/remco.html (3,285b) @20191221
[2026-08-05 14:48:47] --- Progress: 3533/20440 (17%) | New: 682 | Fail: 168 | Throttled-deferred: 0 | Rate: 37/min | ETA 7.7h ---
[2026-08-05 14:50:35] --- Progress: 3550/20440 (17%) | New: 693 | Fail: 174 | Throttled-deferred: 0 | Rate: 36/min | ETA 7.8h ---
[2026-08-05 14:51:59] [3560/20440] OK ~bpentium/dimeola/index.html (2,677b) @20220428
[2026-08-05 14:52:37] --- Progress: 3565/20440 (17%) | New: 704 | Fail: 178 | Throttled-deferred: 0 | Rate: 36/min | ETA 7.9h ---
[2026-08-05 14:54:40] --- Progress: 3580/20440 (17%) | New: 713 | Fail: 184 | Throttled-deferred: 0 | Rate: 35/min | ETA 8.0h ---
[2026-08-05 14:56:46] --- Progress: 3596/20440 (17%) | New: 720 | Fail: 193 | Throttled-deferred: 0 | Rate: 35/min | ETA 8.1h ---
[2026-08-05 14:57:28] --- Progress: 3600/20440 (17%) | New: 722 | Fail: 195 | Throttled-deferred: 0 | Rate: 34/min | ETA 8.2h ---
[2026-08-05 14:58:53] [3611/20440] OK ~bpentium/home/lefthi.jpg (18,176b) @20210518
[2026-08-05 14:59:31] --- Progress: 3613/20440 (17%) | New: 726 | Fail: 204 | Throttled-deferred: 0 | Rate: 34/min | ETA 8.3h ---
[2026-08-05 15:01:49] --- Progress: 3632/20440 (17%) | New: 738 | Fail: 211 | Throttled-deferred: 0 | Rate: 33/min | ETA 8.4h ---
[2026-08-05 15:03:15] [3650/20440] OK ~bpentium/nitehawk.jpg (57,023b) @20041213
[2026-08-05 15:03:15] --- Progress: 3650/20440 (17%) | New: 750 | Fail: 217 | Throttled-deferred: 0 | Rate: 33/min | ETA 8.5h ---
[2026-08-05 15:05:16] --- Progress: 3670/20440 (17%) | New: 764 | Fail: 223 | Throttled-deferred: 0 | Rate: 33/min | ETA 8.6h ---
[2026-08-05 15:06:57] [3687/20440] OK ~bpentium/tacoma/tacoma.html (7,055b) @20190804
[2026-08-05 15:07:19] --- Progress: 3690/20440 (18%) | New: 776 | Fail: 231 | Throttled-deferred: 0 | Rate: 32/min | ETA 8.7h ---
[2026-08-05 15:08:53] --- Progress: 3700/20440 (18%) | New: 781 | Fail: 236 | Throttled-deferred: 0 | Rate: 32/min | ETA 8.8h ---
[2026-08-05 15:11:04] --- Progress: 3721/20440 (18%) | New: 792 | Fail: 246 | Throttled-deferred: 0 | Rate: 31/min | ETA 8.9h ---
[2026-08-05 15:12:27] [3732/20440] OK ~bradkir/bible/home/subjects/money.html (3,674b) @20191221
[2026-08-05 15:13:06] --- Progress: 3736/20440 (18%) | New: 804 | Fail: 249 | Throttled-deferred: 0 | Rate: 31/min | ETA 9.0h ---
[2026-08-05 15:15:08] --- Progress: 3749/20440 (18%) | New: 809 | Fail: 257 | Throttled-deferred: 0 | Rate: 31/min | ETA 9.1h ---
[2026-08-05 15:15:20] --- Progress: 3750/20440 (18%) | New: 809 | Fail: 258 | Throttled-deferred: 0 | Rate: 31/min | ETA 9.1h ---
[2026-08-05 15:17:25] --- Progress: 3767/20440 (18%) | New: 816 | Fail: 268 | Throttled-deferred: 0 | Rate: 30/min | ETA 9.2h ---
[2026-08-05 15:19:29] [3783/20440] OK ~c/blog/archive/2002-02.html (66,042b) @20220428
[2026-08-05 15:19:29] --- Progress: 3783/20440 (18%) | New: 825 | Fail: 275 | Throttled-deferred: 0 | Rate: 30/min | ETA 9.3h ---
[2026-08-05 15:21:33] --- Progress: 3800/20440 (18%) | New: 834 | Fail: 283 | Throttled-deferred: 0 | Rate: 29/min | ETA 9.4h ---
[2026-08-05 15:23:35] [3823/20440] OK ~c/work/resume/resume.txt (6,817b) @20211028
[2026-08-05 15:23:35] --- Progress: 3823/20440 (18%) | New: 850 | Fail: 290 | Throttled-deferred: 0 | Rate: 29/min | ETA 9.5h ---
[2026-08-05 15:25:46] --- Progress: 3839/20440 (18%) | New: 862 | Fail: 294 | Throttled-deferred: 0 | Rate: 29/min | ETA 9.6h ---
[2026-08-05 15:27:03] --- Progress: 3850/20440 (18%) | New: 869 | Fail: 298 | Throttled-deferred: 0 | Rate: 29/min | ETA 9.7h ---
[2026-08-05 15:28:43] [3862/20440] OK ~c180tom/lairdlatest.html (887b) @20191221
[2026-08-05 15:29:05] --- Progress: 3864/20440 (18%) | New: 875 | Fail: 306 | Throttled-deferred: 0 | Rate: 28/min | ETA 9.8h ---
[2026-08-05 15:31:08] --- Progress: 3881/20440 (18%) | New: 882 | Fail: 316 | Throttled-deferred: 0 | Rate: 28/min | ETA 9.9h ---
[2026-08-05 15:33:09] --- Progress: 3896/20440 (19%) | New: 887 | Fail: 326 | Throttled-deferred: 0 | Rate: 28/min | ETA 9.9h ---
[2026-08-05 15:33:34] --- Progress: 3900/20440 (19%) | New: 890 | Fail: 327 | Throttled-deferred: 0 | Rate: 28/min | ETA 10.0h ---
[2026-08-05 15:35:36] --- Progress: 3916/20440 (19%) | New: 899 | Fail: 334 | Throttled-deferred: 0 | Rate: 27/min | ETA 10.1h ---
[2026-08-05 15:35:52] [3918/20440] OK ~carol/T/buttons/index.html (4,498b) @20210518
[2026-08-05 15:37:37] --- Progress: 3933/20440 (19%) | New: 909 | Fail: 341 | Throttled-deferred: 0 | Rate: 27/min | ETA 10.1h ---
[2026-08-05 15:39:27] --- Progress: 3950/20440 (19%) | New: 920 | Fail: 347 | Throttled-deferred: 0 | Rate: 27/min | ETA 10.2h ---
[2026-08-05 15:40:20] [3957/20440] OK ~carol/T/people/fyrftr.jpg (8,837b) @20220428
[2026-08-05 15:41:30] --- Progress: 3967/20440 (19%) | New: 933 | Fail: 351 | Throttled-deferred: 0 | Rate: 27/min | ETA 10.3h ---
[2026-08-05 15:43:32] --- Progress: 3988/20440 (19%) | New: 946 | Fail: 359 | Throttled-deferred: 0 | Rate: 26/min | ETA 10.4h ---
[2026-08-05 15:44:38] [3997/20440] OK ~cathy/deathisnothing.htm (1,848b) @20220428
[2026-08-05 15:44:54] --- Progress: 4000/20440 (19%) | New: 952 | Fail: 365 | Throttled-deferred: 0 | Rate: 26/min | ETA 10.4h ---
[2026-08-05 15:46:54] --- Progress: 4014/20440 (19%) | New: 956 | Fail: 375 | Throttled-deferred: 0 | Rate: 26/min | ETA 10.5h ---
[2026-08-05 15:48:56] --- Progress: 4034/20440 (19%) | New: 969 | Fail: 382 | Throttled-deferred: 0 | Rate: 26/min | ETA 10.6h ---
[2026-08-05 15:49:50] [4043/20440] OK ~cdickens/applets/RR_Cal/RR_Cal.html (474b) @20020205
[2026-08-05 15:50:39] --- Progress: 4050/20440 (19%) | New: 981 | Fail: 386 | Throttled-deferred: 0 | Rate: 26/min | ETA 10.7h ---
[2026-08-05 15:52:42] --- Progress: 4070/20440 (19%) | New: 994 | Fail: 393 | Throttled-deferred: 0 | Rate: 25/min | ETA 10.7h ---
[2026-08-05 15:53:53] [4081/20440] OK ~chance/montana/b.html (20,472b) @20210518
[2026-08-05 15:54:46] --- Progress: 4088/20440 (20%) | New: 1006 | Fail: 399 | Throttled-deferred: 0 | Rate: 25/min | ETA 10.8h ---
[2026-08-05 15:56:25] --- Progress: 4100/20440 (20%) | New: 1012 | Fail: 405 | Throttled-deferred: 0 | Rate: 25/min | ETA 10.9h ---
[2026-08-05 15:58:26] --- Progress: 4119/20440 (20%) | New: 1024 | Fail: 412 | Throttled-deferred: 0 | Rate: 25/min | ETA 11.0h ---
[2026-08-05 15:58:42] [4121/20440] OK ~chipa/3527A.JPG (23,892b) @20030324
[2026-08-05 16:00:33] --- Progress: 4136/20440 (20%) | New: 1034 | Fail: 419 | Throttled-deferred: 0 | Rate: 25/min | ETA 11.0h ---
[2026-08-05 16:01:51] --- Progress: 4150/20440 (20%) | New: 1044 | Fail: 423 | Throttled-deferred: 0 | Rate: 25/min | ETA 11.1h ---
[2026-08-05 16:02:57] [4161/20440] OK ~chipa/4327c.JPG (54,812b) @20190804
[2026-08-05 16:03:58] --- Progress: 4169/20440 (20%) | New: 1056 | Fail: 430 | Throttled-deferred: 0 | Rate: 24/min | ETA 11.1h ---
[2026-08-05 16:06:03] --- Progress: 4186/20440 (20%) | New: 1065 | Fail: 438 | Throttled-deferred: 0 | Rate: 24/min | ETA 11.2h ---
[2026-08-05 16:07:10] --- Progress: 4200/20440 (20%) | New: 1074 | Fail: 443 | Throttled-deferred: 0 | Rate: 24/min | ETA 11.2h ---
[2026-08-05 16:07:20] [4201/20440] OK ~cjh/aauw/schooldistsite.htm (2,730b) @20020721
[2026-08-05 16:09:21] --- Progress: 4219/20440 (20%) | New: 1084 | Fail: 452 | Throttled-deferred: 0 | Rate: 24/min | ETA 11.3h ---
[2026-08-05 16:11:22] --- Progress: 4241/20440 (20%) | New: 1097 | Fail: 461 | Throttled-deferred: 0 | Rate: 24/min | ETA 11.4h ---
[2026-08-05 16:11:35] [4244/20440] OK ~console/news.html (15,624b) @20010831
[2026-08-05 16:11:59] --- Progress: 4250/20440 (20%) | New: 1103 | Fail: 464 | Throttled-deferred: 0 | Rate: 24/min | ETA 11.4h ---
[2026-08-05 16:14:02] --- Progress: 4264/20440 (20%) | New: 1109 | Fail: 472 | Throttled-deferred: 0 | Rate: 24/min | ETA 11.5h ---
[2026-08-05 16:16:28] --- Progress: 4283/20440 (20%) | New: 1120 | Fail: 480 | Throttled-deferred: 0 | Rate: 23/min | ETA 11.6h ---
[2026-08-05 16:17:53] [4294/20440] OK ~cwj2/writing/alone.shtml (3,794b) @20211028
[2026-08-05 16:18:54] --- Progress: 4300/20440 (21%) | New: 1128 | Fail: 489 | Throttled-deferred: 0 | Rate: 23/min | ETA 11.7h ---
[2026-08-05 16:21:01] --- Progress: 4319/20440 (21%) | New: 1141 | Fail: 495 | Throttled-deferred: 0 | Rate: 23/min | ETA 11.7h ---
[2026-08-05 16:23:04] --- Progress: 4336/20440 (21%) | New: 1149 | Fail: 504 | Throttled-deferred: 0 | Rate: 23/min | ETA 11.8h ---
[2026-08-05 16:23:16] [4338/20440] OK ~cwn/patterns/armet/index.html (1,682b) @20200128
[2026-08-05 16:24:26] --- Progress: 4350/20440 (21%) | New: 1158 | Fail: 509 | Throttled-deferred: 0 | Rate: 23/min | ETA 11.8h ---
[2026-08-05 16:26:27] --- Progress: 4369/20440 (21%) | New: 1171 | Fail: 515 | Throttled-deferred: 0 | Rate: 23/min | ETA 11.9h ---
[2026-08-05 16:26:45] [4374/20440] OK ~cwn/photos/armet_back.jpg (17,414b) @20040322
[2026-08-05 16:28:28] --- Progress: 4389/20440 (21%) | New: 1184 | Fail: 522 | Throttled-deferred: 0 | Rate: 22/min | ETA 11.9h ---
[2026-08-05 16:29:23] --- Progress: 4400/20440 (21%) | New: 1192 | Fail: 525 | Throttled-deferred: 0 | Rate: 22/min | ETA 12.0h ---
[2026-08-05 16:30:23] [4410/20440] OK ~cwn/photos/ch3_sg_side.jpg (33,823b) @20231015
[2026-08-05 16:31:26] --- Progress: 4420/20440 (21%) | New: 1208 | Fail: 529 | Throttled-deferred: 0 | Rate: 22/min | ETA 12.0h ---
[2026-08-05 16:33:38] --- Progress: 4440/20440 (21%) | New: 1221 | Fail: 536 | Throttled-deferred: 0 | Rate: 22/min | ETA 12.1h ---
[2026-08-05 16:34:11] [4447/20440] OK ~cwn/photos/para/ne_2001_crw_record.jpg (15,130b) @20220428
[2026-08-05 16:34:36] --- Progress: 4450/20440 (21%) | New: 1228 | Fail: 539 | Throttled-deferred: 0 | Rate: 22/min | ETA 12.1h ---
[2026-08-05 16:36:39] --- Progress: 4468/20440 (21%) | New: 1242 | Fail: 543 | Throttled-deferred: 0 | Rate: 22/min | ETA 12.2h ---
[2026-08-05 16:38:17] [4480/20440] OK ~cwn/photos/para/wffc2000_2.jpg (9,391b) @20210518
[2026-08-05 16:38:56] --- Progress: 4486/20440 (21%) | New: 1252 | Fail: 551 | Throttled-deferred: 0 | Rate: 22/min | ETA 12.2h ---
[2026-08-05 16:40:55] --- Progress: 4500/20440 (22%) | New: 1261 | Fail: 556 | Throttled-deferred: 0 | Rate: 22/min | ETA 12.3h ---
[2026-08-05 16:42:55] --- Progress: 4518/20440 (22%) | New: 1271 | Fail: 564 | Throttled-deferred: 0 | Rate: 21/min | ETA 12.4h ---
[2026-08-05 16:43:34] [4523/20440] OK ~daddog/secretspeed.htm (17,237b) @20210518
[2026-08-05 16:44:59] --- Progress: 4536/20440 (22%) | New: 1284 | Fail: 569 | Throttled-deferred: 0 | Rate: 21/min | ETA 12.4h ---
[2026-08-05 16:46:38] --- Progress: 4550/20440 (22%) | New: 1291 | Fail: 576 | Throttled-deferred: 0 | Rate: 21/min | ETA 12.5h ---
[2026-08-05 16:48:46] [4567/20440] OK ~dalus/bmw/all/engine/all_exhaust_nut.html (1,738b) @20231015
[2026-08-05 16:48:46] --- Progress: 4567/20440 (22%) | New: 1300 | Fail: 584 | Throttled-deferred: 0 | Rate: 21/min | ETA 12.5h ---
[2026-08-05 16:50:49] --- Progress: 4581/20440 (22%) | New: 1308 | Fail: 590 | Throttled-deferred: 0 | Rate: 21/min | ETA 12.6h ---
[2026-08-05 16:52:46] --- Progress: 4600/20440 (22%) | New: 1317 | Fail: 600 | Throttled-deferred: 0 | Rate: 21/min | ETA 12.6h ---
[2026-08-05 16:54:00] [4611/20440] OK ~dalus/bmw/all/engine/all_warming_up_your_car.html (2,980b) @20030517
[2026-08-05 16:54:51] --- Progress: 4618/20440 (22%) | New: 1329 | Fail: 606 | Throttled-deferred: 0 | Rate: 21/min | ETA 12.7h ---
[2026-08-05 16:57:03] --- Progress: 4638/20440 (22%) | New: 1341 | Fail: 614 | Throttled-deferred: 0 | Rate: 21/min | ETA 12.7h ---
[2026-08-05 16:57:44] [4648/20440] OK ~dalus/bmw/repair_faqs/paint.html (32,205b) @20231015
[2026-08-05 16:57:57] --- Progress: 4650/20440 (22%) | New: 1352 | Fail: 615 | Throttled-deferred: 0 | Rate: 21/min | ETA 12.8h ---
[2026-08-05 16:59:58] --- Progress: 4667/20440 (22%) | New: 1363 | Fail: 621 | Throttled-deferred: 0 | Rate: 21/min | ETA 12.8h ---
[2026-08-05 17:02:20] --- Progress: 4685/20440 (22%) | New: 1374 | Fail: 628 | Throttled-deferred: 0 | Rate: 20/min | ETA 12.9h ---
[2026-08-05 17:02:28] [4687/20440] OK ~dammit/auc/1969.JPG (16,676b) @20190804
[2026-08-05 17:03:39] --- Progress: 4700/20440 (22%) | New: 1383 | Fail: 634 | Throttled-deferred: 0 | Rate: 20/min | ETA 12.9h ---
[2026-08-05 17:05:57] --- Progress: 4716/20440 (23%) | New: 1393 | Fail: 640 | Throttled-deferred: 0 | Rate: 20/min | ETA 13.0h ---
[2026-08-05 17:06:58] [4725/20440] OK ~davidk/faeries/faeries.html (8,881b) @20200128
[2026-08-05 17:07:59] --- Progress: 4734/20440 (23%) | New: 1404 | Fail: 647 | Throttled-deferred: 0 | Rate: 20/min | ETA 13.0h ---
[2026-08-05 17:10:06] --- Progress: 4750/20440 (23%) | New: 1412 | Fail: 655 | Throttled-deferred: 0 | Rate: 20/min | ETA 13.1h ---
[2026-08-05 17:12:21] --- Progress: 4765/20440 (23%) | New: 1417 | Fail: 665 | Throttled-deferred: 0 | Rate: 20/min | ETA 13.1h ---
[2026-08-05 17:13:45] [4781/20440] OK ~daylight/htmls/GLs/alabamaph.html (583b) @20220428
[2026-08-05 17:14:22] --- Progress: 4784/20440 (23%) | New: 1427 | Fail: 674 | Throttled-deferred: 0 | Rate: 20/min | ETA 13.2h ---
[2026-08-05 17:16:11] --- Progress: 4800/20440 (23%) | New: 1436 | Fail: 681 | Throttled-deferred: 0 | Rate: 20/min | ETA 13.2h ---
[2026-08-05 17:18:23] --- Progress: 4819/20440 (23%) | New: 1449 | Fail: 687 | Throttled-deferred: 0 | Rate: 20/min | ETA 13.3h ---
[2026-08-05 17:18:46] [4822/20440] OK ~daylight/on_about.gif (542b) @20220428
[2026-08-05 17:20:30] --- Progress: 4838/20440 (23%) | New: 1460 | Fail: 695 | Throttled-deferred: 0 | Rate: 20/min | ETA 13.3h ---
[2026-08-05 17:21:25] --- Progress: 4850/20440 (23%) | New: 1468 | Fail: 699 | Throttled-deferred: 0 | Rate: 19/min | ETA 13.3h ---
[2026-08-05 17:22:06] [4859/20440] OK ~daylight/Pix/MM/BIBLE3.GIF (5,441b) @20020713
[2026-08-05 17:23:35] --- Progress: 4869/20440 (23%) | New: 1482 | Fail: 704 | Throttled-deferred: 0 | Rate: 19/min | ETA 13.4h ---
[2026-08-05 17:25:37] --- Progress: 4885/20440 (23%) | New: 1492 | Fail: 710 | Throttled-deferred: 0 | Rate: 19/min | ETA 13.4h ---
[2026-08-05 17:27:39] [4900/20440] OK ~daylight/Pix/OES/ESTAR1.gif (3,941b) @20200128
[2026-08-05 17:27:40] --- Progress: 4900/20440 (23%) | New: 1500 | Fail: 717 | Throttled-deferred: 0 | Rate: 19/min | ETA 13.5h ---
[2026-08-05 17:29:46] --- Progress: 4914/20440 (24%) | New: 1506 | Fail: 725 | Throttled-deferred: 0 | Rate: 19/min | ETA 13.5h ---
[2026-08-05 17:31:54] --- Progress: 4930/20440 (24%) | New: 1513 | Fail: 734 | Throttled-deferred: 0 | Rate: 19/min | ETA 13.6h ---
[2026-08-05 17:34:00] --- Progress: 4946/20440 (24%) | New: 1521 | Fail: 742 | Throttled-deferred: 0 | Rate: 19/min | ETA 13.6h ---
[2026-08-05 17:34:13] --- Progress: 4950/20440 (24%) | New: 1523 | Fail: 744 | Throttled-deferred: 0 | Rate: 19/min | ETA 13.6h ---
[2026-08-05 17:34:28] [4952/20440] OK ~dcs/f05/f05hill.html (5,287b) @20231015
[2026-08-05 17:36:16] --- Progress: 4965/20440 (24%) | New: 1529 | Fail: 753 | Throttled-deferred: 0 | Rate: 19/min | ETA 13.7h ---
[2026-08-05 17:38:19] --- Progress: 4977/20440 (24%) | New: 1534 | Fail: 760 | Throttled-deferred: 3 | Rate: 19/min | ETA 13.8h ---
[2026-08-05 17:40:36] --- Progress: 4992/20440 (24%) | New: 1544 | Fail: 765 | Throttled-deferred: 3 | Rate: 19/min | ETA 13.8h ---
[2026-08-05 17:40:54] --- Progress: 5000/20440 (24%) | New: 1549 | Fail: 768 | Throttled-deferred: 3 | Rate: 19/min | ETA 13.8h ---
[2026-08-05 17:41:01] [5001/20440] OK ~dcs/s05/Mar_Jer0.jpg (12,879b) @20060214
[2026-08-05 17:43:02] --- Progress: 5013/20440 (24%) | New: 1556 | Fail: 774 | Throttled-deferred: 3 | Rate: 19/min | ETA 13.9h ---
[2026-08-05 17:45:06] --- Progress: 5030/20440 (24%) | New: 1568 | Fail: 779 | Throttled-deferred: 3 | Rate: 18/min | ETA 13.9h ---
[2026-08-05 17:46:08] [5039/20440] OK ~dcs/w05/w05zoja.html (5,931b) @20210518
[2026-08-05 17:47:10] --- Progress: 5047/20440 (24%) | New: 1581 | Fail: 783 | Throttled-deferred: 3 | Rate: 18/min | ETA 14.0h ---
[2026-08-05 17:47:26] --- Progress: 5050/20440 (24%) | New: 1582 | Fail: 785 | Throttled-deferred: 3 | Rate: 18/min | ETA 14.0h ---
[2026-08-05 17:49:42] --- Progress: 5067/20440 (24%) | New: 1595 | Fail: 789 | Throttled-deferred: 3 | Rate: 18/min | ETA 14.0h ---
[2026-08-05 17:50:45] [5077/20440] OK ~demian/7-blue-m.jpg (127,722b) @20220428
[2026-08-05 17:51:45] --- Progress: 5084/20440 (24%) | New: 1604 | Fail: 797 | Throttled-deferred: 3 | Rate: 18/min | ETA 14.1h ---
[2026-08-05 17:53:28] --- Progress: 5100/20440 (24%) | New: 1617 | Fail: 800 | Throttled-deferred: 3 | Rate: 18/min | ETA 14.1h ---
[2026-08-05 17:54:20] [5111/20440] OK ~demian/abuse03.html (197,142b) @20040415
[2026-08-05 17:55:29] --- Progress: 5119/20440 (25%) | New: 1631 | Fail: 805 | Throttled-deferred: 3 | Rate: 18/min | ETA 14.1h ---
[2026-08-05 17:57:30] --- Progress: 5139/20440 (25%) | New: 1648 | Fail: 808 | Throttled-deferred: 3 | Rate: 18/min | ETA 14.1h ---
[2026-08-05 17:57:32] [5141/20440] OK ~demian/books.html (2,176b) @20020908
[2026-08-05 17:58:38] --- Progress: 5150/20440 (25%) | New: 1657 | Fail: 810 | Throttled-deferred: 3 | Rate: 18/min | ETA 14.2h ---
[2026-08-05 18:00:41] --- Progress: 5170/20440 (25%) | New: 1674 | Fail: 813 | Throttled-deferred: 3 | Rate: 18/min | ETA 14.2h ---
[2026-08-05 18:00:49] [5171/20440] OK ~demian/de-bo.gif (6,571b) @20191221
[2026-08-05 18:02:45] --- Progress: 5184/20440 (25%) | New: 1683 | Fail: 818 | Throttled-deferred: 3 | Rate: 18/min | ETA 14.2h ---
[2026-08-05 18:04:19] --- Progress: 5200/20440 (25%) | New: 1694 | Fail: 823 | Throttled-deferred: 3 | Rate: 18/min | ETA 14.2h ---
[2026-08-05 18:05:06] [5206/20440] OK ~demian/g2-zh&jb.gif (10,193b) @20211028
[2026-08-05 18:06:22] --- Progress: 5219/20440 (25%) | New: 1710 | Fail: 826 | Throttled-deferred: 3 | Rate: 18/min | ETA 14.3h ---
[2026-08-05 18:08:10] [5239/20440] OK ~demian/gall-7c.html (2,651b) @20200128
[2026-08-05 18:08:30] --- Progress: 5243/20440 (25%) | New: 1729 | Fail: 831 | Throttled-deferred: 3 | Rate: 18/min | ETA 14.3h ---
[2026-08-05 18:09:18] --- Progress: 5250/20440 (25%) | New: 1734 | Fail: 833 | Throttled-deferred: 3 | Rate: 18/min | ETA 14.3h ---
[2026-08-05 18:11:19] --- Progress: 5268/20440 (25%) | New: 1746 | Fail: 839 | Throttled-deferred: 3 | Rate: 18/min | ETA 14.3h ---
[2026-08-05 18:11:46] [5273/20440] OK ~demian/mar-vs.html (4,549b) @20220428
[2026-08-05 18:13:22] --- Progress: 5289/20440 (25%) | New: 1765 | Fail: 841 | Throttled-deferred: 3 | Rate: 18/min | ETA 14.4h ---
[2026-08-05 18:15:05] --- Progress: 5300/20440 (25%) | New: 1772 | Fail: 845 | Throttled-deferred: 3 | Rate: 18/min | ETA 14.4h ---
[2026-08-05 18:15:59] [5307/20440] OK ~demian/s-du-4.jpg (68,847b) @20211028
[2026-08-05 18:17:07] --- Progress: 5318/20440 (26%) | New: 1785 | Fail: 850 | Throttled-deferred: 3 | Rate: 17/min | ETA 14.4h ---
[2026-08-05 18:19:21] --- Progress: 5334/20440 (26%) | New: 1793 | Fail: 858 | Throttled-deferred: 3 | Rate: 17/min | ETA 14.5h ---
[2026-08-05 18:20:29] [5345/20440] OK ~demian/sw-d14.html (4,464b) @20211028
[2026-08-05 18:21:14] --- Progress: 5350/20440 (26%) | New: 1804 | Fail: 863 | Throttled-deferred: 3 | Rate: 17/min | ETA 14.5h ---
[2026-08-05 18:23:16] --- Progress: 5366/20440 (26%) | New: 1815 | Fail: 868 | Throttled-deferred: 3 | Rate: 17/min | ETA 14.5h ---
[2026-08-05 18:25:33] --- Progress: 5380/20440 (26%) | New: 1821 | Fail: 876 | Throttled-deferred: 3 | Rate: 17/min | ETA 14.6h ---
[2026-08-05 18:25:58] [5386/20440] OK ~dfloyd3/YaBBImages/tr.gif (155b) @20030307
[2026-08-05 18:27:33] --- Progress: 5397/20440 (26%) | New: 1832 | Fail: 882 | Throttled-deferred: 3 | Rate: 17/min | ETA 14.6h ---
[2026-08-05 18:27:59] --- Progress: 5400/20440 (26%) | New: 1834 | Fail: 883 | Throttled-deferred: 3 | Rate: 17/min | ETA 14.6h ---
[2026-08-05 18:30:41] --- Progress: 5419/20440 (26%) | New: 1846 | Fail: 890 | Throttled-deferred: 3 | Rate: 17/min | ETA 14.7h ---
[2026-08-05 18:31:13] [5426/20440] OK ~dianee/destinations/thailand_and_burma/bt_dates.html (4,023b) @20231015
[2026-08-05 18:32:43] --- Progress: 5440/20440 (26%) | New: 1860 | Fail: 897 | Throttled-deferred: 3 | Rate: 17/min | ETA 14.7h ---
[2026-08-05 18:34:01] --- Progress: 5450/20440 (26%) | New: 1869 | Fail: 898 | Throttled-deferred: 3 | Rate: 17/min | ETA 14.7h ---
[2026-08-05 18:34:39] [5457/20440] OK ~dianee/our_yachts_and_crew/images/snap_molly_pam.jpg (17,830b) @20211028
[2026-08-05 18:36:04] --- Progress: 5469/20440 (26%) | New: 1883 | Fail: 903 | Throttled-deferred: 3 | Rate: 17/min | ETA 14.8h ---
[2026-08-05 18:38:07] --- Progress: 5486/20440 (26%) | New: 1893 | Fail: 910 | Throttled-deferred: 3 | Rate: 17/min | ETA 14.8h ---
[2026-08-05 18:39:23] [5495/20440] OK ~dickb/ofda.html (1,863b) @20231015
[2026-08-05 18:40:18] --- Progress: 5499/20440 (26%) | New: 1902 | Fail: 914 | Throttled-deferred: 3 | Rate: 17/min | ETA 14.8h ---
[2026-08-05 18:40:26] --- Progress: 5500/20440 (26%) | New: 1902 | Fail: 915 | Throttled-deferred: 3 | Rate: 17/min | ETA 14.8h ---
[2026-08-05 18:42:29] --- Progress: 5517/20440 (26%) | New: 1912 | Fail: 922 | Throttled-deferred: 3 | Rate: 17/min | ETA 14.9h ---
[2026-08-05 18:44:25] [5535/20440] OK ~dobe/PNA.xml (150,563b) @20220428
[2026-08-05 18:44:32] --- Progress: 5537/20440 (27%) | New: 1927 | Fail: 927 | Throttled-deferred: 3 | Rate: 17/min | ETA 14.9h ---
[2026-08-05 18:46:35] --- Progress: 5550/20440 (27%) | New: 1936 | Fail: 931 | Throttled-deferred: 3 | Rate: 17/min | ETA 14.9h ---
[2026-08-05 18:48:35] --- Progress: 5565/20440 (27%) | New: 1942 | Fail: 940 | Throttled-deferred: 3 | Rate: 17/min | ETA 15.0h ---
[2026-08-05 18:50:40] [5580/20440] OK ~douglas/employ/contents.htm (4,769b) @20210518
[2026-08-05 18:50:40] --- Progress: 5580/20440 (27%) | New: 1950 | Fail: 947 | Throttled-deferred: 3 | Rate: 17/min | ETA 15.0h ---
[2026-08-05 18:52:43] --- Progress: 5596/20440 (27%) | New: 1963 | Fail: 950 | Throttled-deferred: 3 | Rate: 16/min | ETA 15.0h ---
[2026-08-05 18:53:06] --- Progress: 5600/20440 (27%) | New: 1966 | Fail: 951 | Throttled-deferred: 3 | Rate: 16/min | ETA 15.0h ---
[2026-08-05 18:54:37] [5612/20440] OK ~drmrdave/aboutme.html (3,307b) @20231015
[2026-08-05 18:55:09] --- Progress: 5616/20440 (27%) | New: 1977 | Fail: 956 | Throttled-deferred: 3 | Rate: 16/min | ETA 15.1h ---
[2026-08-05 18:57:12] --- Progress: 5636/20440 (27%) | New: 1994 | Fail: 959 | Throttled-deferred: 3 | Rate: 16/min | ETA 15.1h ---
[2026-08-05 18:57:51] [5645/20440] OK ~edew/home/index.html (243b) @20231015
[2026-08-05 18:58:30] --- Progress: 5650/20440 (27%) | New: 2005 | Fail: 962 | Throttled-deferred: 3 | Rate: 16/min | ETA 15.1h ---
[2026-08-05 19:00:31] --- Progress: 5665/20440 (27%) | New: 2017 | Fail: 965 | Throttled-deferred: 3 | Rate: 16/min | ETA 15.1h ---
[2026-08-05 19:01:57] [5677/20440] OK ~enumclaw/image/obj239geo139pg1p10.png (341,278b) @20191221
[2026-08-05 19:02:34] --- Progress: 5683/20440 (27%) | New: 2030 | Fail: 970 | Throttled-deferred: 3 | Rate: 16/min | ETA 15.1h ---
[2026-08-05 19:04:36] --- Progress: 5700/20440 (27%) | New: 2043 | Fail: 974 | Throttled-deferred: 3 | Rate: 16/min | ETA 15.2h ---
[2026-08-05 19:05:31] [5708/20440] OK ~enumclaw/Resources/image55.gif (62,955b) @20220428
[2026-08-05 19:06:54] --- Progress: 5716/20440 (27%) | New: 2054 | Fail: 979 | Throttled-deferred: 3 | Rate: 16/min | ETA 15.2h ---
[2026-08-05 19:08:57] --- Progress: 5735/20440 (28%) | New: 2068 | Fail: 984 | Throttled-deferred: 3 | Rate: 16/min | ETA 15.2h ---
[2026-08-05 19:09:22] [5742/20440] OK ~enumclaw/Specimens/hyperion.html (1,577b) @20050225
[2026-08-05 19:10:42] --- Progress: 5750/20440 (28%) | New: 2080 | Fail: 987 | Throttled-deferred: 3 | Rate: 16/min | ETA 15.2h ---
[2026-08-05 19:12:48] [5775/20440] OK ~enumclaw/Tips/icestorm.html (4,438b) @20040214
[2026-08-05 19:12:49] --- Progress: 5775/20440 (28%) | New: 2100 | Fail: 992 | Throttled-deferred: 3 | Rate: 16/min | ETA 15.2h ---
[2026-08-05 19:14:52] --- Progress: 5793/20440 (28%) | New: 2114 | Fail: 996 | Throttled-deferred: 3 | Rate: 16/min | ETA 15.3h ---
[2026-08-05 19:15:32] --- Progress: 5800/20440 (28%) | New: 2121 | Fail: 996 | Throttled-deferred: 3 | Rate: 16/min | ETA 15.3h ---
[2026-08-05 19:15:55] [5805/20440] OK ~enumclaw/Tips/Resources/image999.gif (61,398b) @20231015
[2026-08-05 19:17:34] --- Progress: 5819/20440 (28%) | New: 2137 | Fail: 999 | Throttled-deferred: 3 | Rate: 16/min | ETA 15.3h ---
[2026-08-05 19:18:42] [5835/20440] OK ~ericj/anime/animeigo/yua/index.html (4,561b) @20021215
[2026-08-05 19:19:41] --- Progress: 5845/20440 (28%) | New: 2160 | Fail: 1002 | Throttled-deferred: 3 | Rate: 16/min | ETA 15.3h ---
[2026-08-05 19:20:18] --- Progress: 5850/20440 (28%) | New: 2163 | Fail: 1004 | Throttled-deferred: 3 | Rate: 16/min | ETA 15.3h ---
[2026-08-05 19:21:45] [5865/20440] OK ~ericj/cons/sakura2003/detail012.htm (3,828b) @20210518
[2026-08-05 19:22:40] --- Progress: 5869/20440 (28%) | New: 2179 | Fail: 1007 | Throttled-deferred: 3 | Rate: 16/min | ETA 15.3h ---
[2026-08-05 19:24:41] --- Progress: 5890/20440 (28%) | New: 2195 | Fail: 1012 | Throttled-deferred: 3 | Rate: 16/min | ETA 15.3h ---
[2026-08-05 19:25:05] [5896/20440] OK ~ericj/reviews/kiki/index.html (5,089b) @20220428
[2026-08-05 19:26:02] --- Progress: 5900/20440 (28%) | New: 2202 | Fail: 1015 | Throttled-deferred: 3 | Rate: 16/min | ETA 15.3h ---
[2026-08-05 19:28:08] --- Progress: 5923/20440 (28%) | New: 2221 | Fail: 1019 | Throttled-deferred: 3 | Rate: 16/min | ETA 15.3h ---
[2026-08-05 19:28:25] [5928/20440] OK ~ert/kids/plist.1.16.95.html (1,655b) @20231015
[2026-08-05 19:30:10] --- Progress: 5944/20440 (29%) | New: 2237 | Fail: 1024 | Throttled-deferred: 3 | Rate: 16/min | ETA 15.3h ---
[2026-08-05 19:31:12] --- Progress: 5950/20440 (29%) | New: 2240 | Fail: 1027 | Throttled-deferred: 3 | Rate: 16/min | ETA 15.4h ---
[2026-08-05 19:32:00] [5962/20440] OK ~ert/radio.html (1,800b) @20020802
[2026-08-05 19:33:17] --- Progress: 5973/20440 (29%) | New: 2260 | Fail: 1030 | Throttled-deferred: 3 | Rate: 16/min | ETA 15.4h ---
[2026-08-05 19:35:19] --- Progress: 5992/20440 (29%) | New: 2274 | Fail: 1035 | Throttled-deferred: 3 | Rate: 16/min | ETA 15.4h ---
[2026-08-05 19:35:36] [5994/20440] OK ~feminist/images/recycle.gif (3,615b) @20220428
[2026-08-05 19:36:00] --- Progress: 6000/20440 (29%) | New: 2280 | Fail: 1037 | Throttled-deferred: 3 | Rate: 16/min | ETA 15.4h ---
[2026-08-05 19:38:07] --- Progress: 6016/20440 (29%) | New: 2292 | Fail: 1041 | Throttled-deferred: 3 | Rate: 16/min | ETA 15.4h ---
[2026-08-05 19:39:25] [6027/20440] OK ~feminist/seanow.events.html (6,106b) @20010928
[2026-08-05 19:40:09] --- Progress: 6030/20440 (29%) | New: 2300 | Fail: 1047 | Throttled-deferred: 3 | Rate: 16/min | ETA 15.4h ---
[2026-08-05 19:42:15] --- Progress: 6049/20440 (29%) | New: 2311 | Fail: 1055 | Throttled-deferred: 3 | Rate: 16/min | ETA 15.4h ---
[2026-08-05 19:42:18] --- Progress: 6050/20440 (29%) | New: 2311 | Fail: 1056 | Throttled-deferred: 3 | Rate: 16/min | ETA 15.4h ---
[2026-08-05 19:44:40] --- Progress: 6066/20440 (29%) | New: 2322 | Fail: 1061 | Throttled-deferred: 3 | Rate: 15/min | ETA 15.5h ---
[2026-08-05 19:45:35] [6073/20440] OK ~fkronin/images/keepphotos/hamndknji.gif (20,193b) @20231015
[2026-08-05 19:46:52] --- Progress: 6081/20440 (29%) | New: 2329 | Fail: 1069 | Throttled-deferred: 3 | Rate: 15/min | ETA 15.5h ---
[2026-08-05 19:48:53] --- Progress: 6098/20440 (29%) | New: 2341 | Fail: 1074 | Throttled-deferred: 3 | Rate: 15/min | ETA 15.5h ---
[2026-08-05 19:48:56] --- Progress: 6100/20440 (29%) | New: 2343 | Fail: 1074 | Throttled-deferred: 3 | Rate: 15/min | ETA 15.5h ---
[2026-08-05 19:50:18] [6110/20440] OK ~fritzsch/game/faq.finance.html (13,166b) @20020610
[2026-08-05 19:50:57] --- Progress: 6115/20440 (29%) | New: 2354 | Fail: 1078 | Throttled-deferred: 3 | Rate: 15/min | ETA 15.6h ---
[2026-08-05 19:53:01] --- Progress: 6136/20440 (30%) | New: 2372 | Fail: 1081 | Throttled-deferred: 3 | Rate: 15/min | ETA 15.6h ---
[2026-08-05 19:53:07] [6139/20440] OK ~futon/cover-sis-leather.html (7,521b) @20210518
[2026-08-05 19:54:32] --- Progress: 6150/20440 (30%) | New: 2382 | Fail: 1085 | Throttled-deferred: 3 | Rate: 15/min | ETA 15.6h ---
[2026-08-05 19:56:35] --- Progress: 6164/20440 (30%) | New: 2391 | Fail: 1090 | Throttled-deferred: 3 | Rate: 15/min | ETA 15.6h ---
[2026-08-05 19:58:29] [6180/20440] OK ~futon/Images/SIS/GroupA/Aspen.jpeg (32,679b) @20191221
[2026-08-05 19:58:39] --- Progress: 6182/20440 (30%) | New: 2402 | Fail: 1097 | Throttled-deferred: 3 | Rate: 15/min | ETA 15.6h ---
[2026-08-05 20:00:57] --- Progress: 6197/20440 (30%) | New: 2414 | Fail: 1100 | Throttled-deferred: 3 | Rate: 15/min | ETA 15.6h ---
[2026-08-05 20:01:11] --- Progress: 6200/20440 (30%) | New: 2416 | Fail: 1101 | Throttled-deferred: 3 | Rate: 15/min | ETA 15.6h ---
[2026-08-05 20:02:12] [6209/20440] OK ~futon/Images/SIS/GroupB/Peking.jpeg (40,733b) @20210518
[2026-08-05 20:03:13] --- Progress: 6218/20440 (30%) | New: 2432 | Fail: 1103 | Throttled-deferred: 3 | Rate: 15/min | ETA 15.7h ---
[2026-08-05 20:05:26] --- Progress: 6238/20440 (30%) | New: 2447 | Fail: 1108 | Throttled-deferred: 3 | Rate: 15/min | ETA 15.7h ---
[2026-08-05 20:05:40] [6241/20440] OK ~futon/Images/SIS/GroupC/TN/Sweet_Meadow_Berry.jpeg (3,527b) @20190804
[2026-08-05 20:06:49] --- Progress: 6250/20440 (30%) | New: 2457 | Fail: 1110 | Throttled-deferred: 3 | Rate: 15/min | ETA 15.7h ---
[2026-08-05 20:08:53] --- Progress: 6269/20440 (30%) | New: 2470 | Fail: 1116 | Throttled-deferred: 3 | Rate: 15/min | ETA 15.7h ---
[2026-08-05 20:10:03] [6277/20440] OK ~gaspers/B01_0185.JPG (944,010b) @20231015
[2026-08-05 20:10:55] --- Progress: 6283/20440 (30%) | New: 2481 | Fail: 1119 | Throttled-deferred: 3 | Rate: 15/min | ETA 15.7h ---
[2026-08-05 20:12:59] --- Progress: 6300/20440 (30%) | New: 2494 | Fail: 1123 | Throttled-deferred: 3 | Rate: 15/min | ETA 15.7h ---
[2026-08-05 20:13:59] [6308/20440] OK ~gaspers/jfahey/index.html (497b) @20020802
[2026-08-05 20:15:00] --- Progress: 6316/20440 (30%) | New: 2505 | Fail: 1128 | Throttled-deferred: 3 | Rate: 15/min | ETA 15.7h ---
[2026-08-05 20:17:03] --- Progress: 6332/20440 (30%) | New: 2517 | Fail: 1132 | Throttled-deferred: 3 | Rate: 15/min | ETA 15.8h ---
[2026-08-05 20:18:03] [6340/20440] OK ~gburlin/circ.html (2,561b) @20190804
[2026-08-05 20:18:48] --- Progress: 6350/20440 (31%) | New: 2533 | Fail: 1134 | Throttled-deferred: 3 | Rate: 15/min | ETA 15.8h ---
[2026-08-05 20:20:49] --- Progress: 6365/20440 (31%) | New: 2543 | Fail: 1139 | Throttled-deferred: 3 | Rate: 15/min | ETA 15.8h ---
[2026-08-05 20:21:52] [6375/20440] OK ~gburlin/mgm/alert/Action.Alert.95.05.02b.txt (725b) @20020707
[2026-08-05 20:22:50] --- Progress: 6382/20440 (31%) | New: 2554 | Fail: 1145 | Throttled-deferred: 3 | Rate: 15/min | ETA 15.8h ---
[2026-08-05 20:25:03] --- Progress: 6400/20440 (31%) | New: 2568 | Fail: 1149 | Throttled-deferred: 3 | Rate: 15/min | ETA 15.8h ---
[2026-08-05 20:26:58] [6416/20440] OK ~gburlin/mgm/cin/Circ.Info.Network.95.03.27.txt (5,326b) @20220428
[2026-08-05 20:27:07] --- Progress: 6418/20440 (31%) | New: 2577 | Fail: 1158 | Throttled-deferred: 3 | Rate: 15/min | ETA 15.8h ---
[2026-08-05 20:29:10] --- Progress: 6439/20440 (31%) | New: 2593 | Fail: 1163 | Throttled-deferred: 3 | Rate: 15/min | ETA 15.8h ---
[2026-08-05 20:29:54] [6446/20440] OK ~gburlin/noharmm/index.html (935b) @20200128
[2026-08-05 20:30:30] --- Progress: 6450/20440 (31%) | New: 2604 | Fail: 1163 | Throttled-deferred: 3 | Rate: 15/min | ETA 15.8h ---
[2026-08-05 20:32:33] --- Progress: 6468/20440 (31%) | New: 2619 | Fail: 1166 | Throttled-deferred: 3 | Rate: 15/min | ETA 15.8h ---
[2026-08-05 20:33:35] [6475/20440] OK ~gclaunch/Zipper-Variety.html (5,160b) @20191221
[2026-08-05 20:34:42] --- Progress: 6483/20440 (31%) | New: 2631 | Fail: 1169 | Throttled-deferred: 3 | Rate: 15/min | ETA 15.9h ---
[2026-08-05 20:36:44] --- Progress: 6500/20440 (31%) | New: 2643 | Fail: 1174 | Throttled-deferred: 3 | Rate: 15/min | ETA 15.9h ---
[2026-08-05 20:37:31] [6509/20440] OK ~ghawk/fogal_device/help.htm (2,550b) @20220428
[2026-08-05 20:38:52] --- Progress: 6521/20440 (31%) | New: 2659 | Fail: 1179 | Throttled-deferred: 3 | Rate: 15/min | ETA 15.9h ---
[2026-08-05 20:40:58] --- Progress: 6541/20440 (32%) | New: 2672 | Fail: 1186 | Throttled-deferred: 3 | Rate: 15/min | ETA 15.9h ---
[2026-08-05 20:41:14] [6544/20440] OK ~ghawk/images/earth.gif (3,909b) @20010624
[2026-08-05 20:41:43] --- Progress: 6550/20440 (32%) | New: 2681 | Fail: 1186 | Throttled-deferred: 3 | Rate: 15/min | ETA 15.9h ---
[2026-08-05 20:43:53] --- Progress: 6570/20440 (32%) | New: 2696 | Fail: 1191 | Throttled-deferred: 3 | Rate: 15/min | ETA 15.9h ---
[2026-08-05 20:44:09] [6574/20440] OK ~gluhm/bio/essays.htm (2,820b) @20031219
[2026-08-05 20:45:56] --- Progress: 6587/20440 (32%) | New: 2708 | Fail: 1196 | Throttled-deferred: 3 | Rate: 15/min | ETA 15.9h ---
[2026-08-05 20:47:08] --- Progress: 6600/20440 (32%) | New: 2717 | Fail: 1200 | Throttled-deferred: 3 | Rate: 15/min | ETA 15.9h ---
[2026-08-05 20:49:18] --- Progress: 6613/20440 (32%) | New: 2723 | Fail: 1207 | Throttled-deferred: 3 | Rate: 14/min | ETA 15.9h ---
[2026-08-05 20:49:46] [6619/20440] OK ~gluhm/kayaking/totemtn.jpg (4,976b) @20191221
[2026-08-05 20:51:22] --- Progress: 6633/20440 (32%) | New: 2736 | Fail: 1214 | Throttled-deferred: 3 | Rate: 14/min | ETA 15.9h ---
[2026-08-05 20:53:10] --- Progress: 6650/20440 (32%) | New: 2748 | Fail: 1219 | Throttled-deferred: 3 | Rate: 14/min | ETA 15.9h ---
[2026-08-05 20:53:17] [6652/20440] OK ~gluhm/whitewater/whitewater.htm (4,261b) @20220428
[2026-08-05 20:55:12] --- Progress: 6667/20440 (32%) | New: 2763 | Fail: 1221 | Throttled-deferred: 3 | Rate: 14/min | ETA 15.9h ---
[2026-08-05 20:57:14] --- Progress: 6682/20440 (32%) | New: 2773 | Fail: 1226 | Throttled-deferred: 3 | Rate: 14/min | ETA 15.9h ---
[2026-08-05 20:57:29] [6685/20440] OK ~greg/gliding.html (913b) @20190804
[2026-08-05 20:59:08] --- Progress: 6700/20440 (32%) | New: 2784 | Fail: 1233 | Throttled-deferred: 3 | Rate: 14/min | ETA 15.9h ---
[2026-08-05 21:01:16] --- Progress: 6719/20440 (32%) | New: 2796 | Fail: 1240 | Throttled-deferred: 3 | Rate: 14/min | ETA 16.0h ---
[2026-08-05 21:01:53] [6724/20440] OK ~htak/win32asm/winbasic.htm (13,984b) @20010831
[2026-08-05 21:03:19] --- Progress: 6738/20440 (32%) | New: 2810 | Fail: 1245 | Throttled-deferred: 3 | Rate: 14/min | ETA 16.0h ---
[2026-08-05 21:05:21] --- Progress: 6748/20440 (33%) | New: 2814 | Fail: 1251 | Throttled-deferred: 3 | Rate: 14/min | ETA 16.0h ---
[2026-08-05 21:05:28] --- Progress: 6750/20440 (33%) | New: 2814 | Fail: 1253 | Throttled-deferred: 3 | Rate: 14/min | ETA 16.0h ---
[2026-08-05 21:07:31] --- Progress: 6765/20440 (33%) | New: 2820 | Fail: 1262 | Throttled-deferred: 3 | Rate: 14/min | ETA 16.0h ---
[2026-08-05 21:09:03] [6776/20440] OK ~hwa/fame/index.html (14,693b) @20210518
[2026-08-05 21:09:35] --- Progress: 6783/20440 (33%) | New: 2831 | Fail: 1269 | Throttled-deferred: 3 | Rate: 14/min | ETA 16.0h ---
[2026-08-05 21:11:38] --- Progress: 6800/20440 (33%) | New: 2843 | Fail: 1274 | Throttled-deferred: 3 | Rate: 14/min | ETA 16.0h ---
[2026-08-05 21:13:18] [6812/20440] OK ~hwang/images/calflag.gif (10,211b) @20211028
[2026-08-05 21:13:38] --- Progress: 6815/20440 (33%) | New: 2852 | Fail: 1280 | Throttled-deferred: 3 | Rate: 14/min | ETA 16.0h ---
[2026-08-05 21:15:40] --- Progress: 6836/20440 (33%) | New: 2868 | Fail: 1285 | Throttled-deferred: 3 | Rate: 14/min | ETA 16.0h ---
[2026-08-05 21:16:32] [6843/20440] OK ~hwang/images/mx6/ig_wire_sep.JPG (36,250b) @20220428
[2026-08-05 21:17:34] --- Progress: 6850/20440 (33%) | New: 2880 | Fail: 1287 | Throttled-deferred: 3 | Rate: 14/min | ETA 16.0h ---
[2026-08-05 21:19:35] --- Progress: 6865/20440 (33%) | New: 2890 | Fail: 1292 | Throttled-deferred: 3 | Rate: 14/min | ETA 16.0h ---
[2026-08-05 21:21:38] --- Progress: 6879/20440 (33%) | New: 2897 | Fail: 1299 | Throttled-deferred: 3 | Rate: 14/min | ETA 16.1h ---
[2026-08-05 21:21:54] [6882/20440] OK ~interlak/11daypak.html (3,974b) @20191221
[2026-08-05 21:23:42] --- Progress: 6894/20440 (33%) | New: 2906 | Fail: 1305 | Throttled-deferred: 3 | Rate: 14/min | ETA 16.1h ---
[2026-08-05 21:24:23] --- Progress: 6900/20440 (33%) | New: 2908 | Fail: 1309 | Throttled-deferred: 3 | Rate: 14/min | ETA 16.1h ---
[2026-08-05 21:26:38] --- Progress: 6918/20440 (33%) | New: 2923 | Fail: 1312 | Throttled-deferred: 3 | Rate: 14/min | ETA 16.1h ---
[2026-08-05 21:26:46] [6921/20440] OK ~jamespr/money.html (5,957b) @20200128
[2026-08-05 21:28:41] --- Progress: 6936/20440 (33%) | New: 2937 | Fail: 1316 | Throttled-deferred: 3 | Rate: 14/min | ETA 16.1h ---
[2026-08-05 21:30:07] --- Progress: 6950/20440 (34%) | New: 2949 | Fail: 1318 | Throttled-deferred: 3 | Rate: 14/min | ETA 16.1h ---
[2026-08-05 21:30:07] [6951/20440] OK ~jbm/bibliography/misc.html (2,536b) @20190804
[2026-08-05 21:32:10] --- Progress: 6964/20440 (34%) | New: 2960 | Fail: 1321 | Throttled-deferred: 3 | Rate: 14/min | ETA 16.1h ---
[2026-08-05 21:34:15] --- Progress: 6978/20440 (34%) | New: 2969 | Fail: 1326 | Throttled-deferred: 3 | Rate: 14/min | ETA 16.1h ---
[2026-08-05 21:34:51] [6984/20440] OK ~jbm/mpm/bullets/berger_30_168_ltb.blt (3,634b) @20220428
[2026-08-05 21:36:26] --- Progress: 6996/20440 (34%) | New: 2984 | Fail: 1329 | Throttled-deferred: 3 | Rate: 14/min | ETA 16.1h ---
[2026-08-05 21:36:45] --- Progress: 7000/20440 (34%) | New: 2986 | Fail: 1331 | Throttled-deferred: 3 | Rate: 14/min | ETA 16.1h ---
[2026-08-05 21:38:31] [7018/20440] OK ~jbm/pm/text/pm.pas (15,970b) @20220428
[2026-08-05 21:38:48] --- Progress: 7020/20440 (34%) | New: 3002 | Fail: 1335 | Throttled-deferred: 3 | Rate: 14/min | ETA 16.1h ---
[2026-08-05 21:40:52] --- Progress: 7037/20440 (34%) | New: 3014 | Fail: 1340 | Throttled-deferred: 3 | Rate: 14/min | ETA 16.1h ---
[2026-08-05 21:42:20] --- Progress: 7050/20440 (34%) | New: 3024 | Fail: 1343 | Throttled-deferred: 3 | Rate: 14/min | ETA 16.1h ---
[2026-08-05 21:42:28] [7051/20440] OK ~jessamyn/barth/lear.html (8,044b) @20211028
[2026-08-05 21:44:33] --- Progress: 7070/20440 (34%) | New: 3043 | Fail: 1344 | Throttled-deferred: 3 | Rate: 14/min | ETA 16.1h ---
[2026-08-05 21:45:57] [7081/20440] OK ~jessamyn/me/barn.html (1,969b) @20231015
[2026-08-05 21:46:44] --- Progress: 7088/20440 (34%) | New: 3054 | Fail: 1351 | Throttled-deferred: 3 | Rate: 14/min | ETA 16.1h ---
[2026-08-05 21:48:00] --- Progress: 7100/20440 (34%) | New: 3063 | Fail: 1354 | Throttled-deferred: 3 | Rate: 14/min | ETA 16.1h ---
[2026-08-05 21:49:40] [7115/20440] OK ~jet/javascript/moonphase/moonphase.html (2,713b) @20211028
[2026-08-05 21:50:03] --- Progress: 7120/20440 (34%) | New: 3079 | Fail: 1358 | Throttled-deferred: 3 | Rate: 14/min | ETA 16.1h ---
[2026-08-05 21:52:19] --- Progress: 7133/20440 (34%) | New: 3084 | Fail: 1366 | Throttled-deferred: 3 | Rate: 14/min | ETA 16.2h ---
[2026-08-05 21:54:15] --- Progress: 7150/20440 (34%) | New: 3097 | Fail: 1370 | Throttled-deferred: 3 | Rate: 14/min | ETA 16.2h ---
[2026-08-05 21:54:45] [7154/20440] OK ~jet/newton/tictactoe/CloseBox.GIF (156b) @20231015
[2026-08-05 21:56:21] --- Progress: 7169/20440 (35%) | New: 3111 | Fail: 1375 | Throttled-deferred: 3 | Rate: 14/min | ETA 16.2h ---
[2026-08-05 21:57:43] [7185/20440] OK ~jet/nutrition/Sweets.html (63,342b) @20040721
[2026-08-05 21:58:35] --- Progress: 7193/20440 (35%) | New: 3133 | Fail: 1377 | Throttled-deferred: 3 | Rate: 14/min | ETA 16.1h ---
[2026-08-05 21:59:17] --- Progress: 7200/20440 (35%) | New: 3139 | Fail: 1378 | Throttled-deferred: 3 | Rate: 14/min | ETA 16.1h ---
[2026-08-05 22:01:18] --- Progress: 7213/20440 (35%) | New: 3148 | Fail: 1382 | Throttled-deferred: 3 | Rate: 14/min | ETA 16.2h ---
[2026-08-05 22:01:28] [7217/20440] OK ~jlk/106.htm (1,535b) @20231015
[2026-08-05 22:03:22] --- Progress: 7233/20440 (35%) | New: 3163 | Fail: 1387 | Throttled-deferred: 3 | Rate: 14/min | ETA 16.2h ---
[2026-08-05 22:05:08] [7248/20440] OK ~jlk/bj2.gif (26,498b) @20210518
[2026-08-05 22:05:11] --- Progress: 7250/20440 (35%) | New: 3177 | Fail: 1390 | Throttled-deferred: 3 | Rate: 14/min | ETA 16.1h ---
[2026-08-05 22:07:12] --- Progress: 7268/20440 (35%) | New: 3190 | Fail: 1395 | Throttled-deferred: 3 | Rate: 14/min | ETA 16.1h ---
[2026-08-05 22:08:36] [7279/20440] OK ~jlk/iconc.gif (788b) @20231015
[2026-08-05 22:09:15] --- Progress: 7285/20440 (35%) | New: 3205 | Fail: 1397 | Throttled-deferred: 3 | Rate: 14/min | ETA 16.2h ---
[2026-08-05 22:10:55] --- Progress: 7300/20440 (35%) | New: 3216 | Fail: 1401 | Throttled-deferred: 3 | Rate: 14/min | ETA 16.1h ---
[2026-08-05 22:13:04] --- Progress: 7313/20440 (35%) | New: 3223 | Fail: 1407 | Throttled-deferred: 3 | Rate: 14/min | ETA 16.2h ---
[2026-08-05 22:13:35] [7316/20440] OK ~jlk/m5fig3.gif (11,956b) @20220428
[2026-08-05 22:15:07] --- Progress: 7327/20440 (35%) | New: 3231 | Fail: 1413 | Throttled-deferred: 3 | Rate: 14/min | ETA 16.2h ---
[2026-08-05 22:17:41] --- Progress: 7349/20440 (35%) | New: 3249 | Fail: 1417 | Throttled-deferred: 3 | Rate: 13/min | ETA 16.2h ---
[2026-08-05 22:17:41] [7350/20440] OK ~jlk/mystery5.htm (5,013b) @20211028
[2026-08-05 22:17:41] --- Progress: 7350/20440 (35%) | New: 3250 | Fail: 1417 | Throttled-deferred: 3 | Rate: 13/min | ETA 16.2h ---
[2026-08-05 22:19:43] --- Progress: 7367/20440 (36%) | New: 3263 | Fail: 1421 | Throttled-deferred: 3 | Rate: 13/min | ETA 16.2h ---
[2026-08-05 22:21:49] --- Progress: 7381/20440 (36%) | New: 3273 | Fail: 1425 | Throttled-deferred: 3 | Rate: 13/min | ETA 16.2h ---
[2026-08-05 22:22:06] [7384/20440] OK ~jlk/smallpansyapplique.gif (28,167b) @20210518
[2026-08-05 22:23:18] --- Progress: 7400/20440 (36%) | New: 3289 | Fail: 1428 | Throttled-deferred: 3 | Rate: 13/min | ETA 16.2h ---
[2026-08-05 22:25:13] [7418/20440] OK ~jlubin/disabled/graphics/dis-aquwht.gif (2,418b) @20231015
[2026-08-05 22:25:18] --- Progress: 7419/20440 (36%) | New: 3301 | Fail: 1435 | Throttled-deferred: 3 | Rate: 13/min | ETA 16.2h ---
[2026-08-05 22:27:21] --- Progress: 7431/20440 (36%) | New: 3308 | Fail: 1440 | Throttled-deferred: 3 | Rate: 13/min | ETA 16.2h ---
[2026-08-05 22:29:08] --- Progress: 7450/20440 (36%) | New: 3322 | Fail: 1445 | Throttled-deferred: 3 | Rate: 13/min | ETA 16.2h ---
[2026-08-05 22:29:47] [7454/20440] OK ~jlubin/feedback.html (409b) @20190804
[2026-08-05 22:31:11] --- Progress: 7463/20440 (36%) | New: 3330 | Fail: 1450 | Throttled-deferred: 3 | Rate: 13/min | ETA 16.2h ---
[2026-08-05 22:33:16] --- Progress: 7480/20440 (36%) | New: 3341 | Fail: 1456 | Throttled-deferred: 3 | Rate: 13/min | ETA 16.2h ---
[2026-08-05 22:34:22] [7490/20440] OK ~joanne/catalog/images/c0_.jpg (18,680b) @20200128
[2026-08-05 22:35:18] --- Progress: 7499/20440 (36%) | New: 3356 | Fail: 1460 | Throttled-deferred: 3 | Rate: 13/min | ETA 16.2h ---
[2026-08-05 22:35:28] --- Progress: 7500/20440 (36%) | New: 3356 | Fail: 1461 | Throttled-deferred: 3 | Rate: 13/min | ETA 16.2h ---
[2026-08-05 22:37:29] --- Progress: 7520/20440 (36%) | New: 3371 | Fail: 1466 | Throttled-deferred: 3 | Rate: 13/min | ETA 16.2h ---
[2026-08-05 22:37:52] [7524/20440] OK ~joanne/images/group_50.jpg (6,781b) @20231015
[2026-08-05 22:39:31] --- Progress: 7540/20440 (36%) | New: 3387 | Fail: 1470 | Throttled-deferred: 3 | Rate: 13/min | ETA 16.2h ---
[2026-08-05 22:40:24] --- Progress: 7550/20440 (36%) | New: 3395 | Fail: 1472 | Throttled-deferred: 3 | Rate: 13/min | ETA 16.2h ---
[2026-08-05 22:41:12] [7556/20440] OK ~joanne/press_2.htm (14,157b) @20231015
[2026-08-05 22:42:26] --- Progress: 7566/20440 (37%) | New: 3408 | Fail: 1475 | Throttled-deferred: 3 | Rate: 13/min | ETA 16.2h ---
[2026-08-05 22:44:36] --- Progress: 7584/20440 (37%) | New: 3421 | Fail: 1480 | Throttled-deferred: 3 | Rate: 13/min | ETA 16.2h ---
[2026-08-05 22:45:38] [7591/20440] OK ~johnnyb/about/index.html (1,161b) @20220428
[2026-08-05 22:46:50] --- Progress: 7600/20440 (37%) | New: 3432 | Fail: 1485 | Throttled-deferred: 3 | Rate: 13/min | ETA 16.2h ---
[2026-08-05 22:48:52] --- Progress: 7618/20440 (37%) | New: 3447 | Fail: 1488 | Throttled-deferred: 3 | Rate: 13/min | ETA 16.2h ---
[2026-08-05 22:49:29] [7623/20440] OK ~johnnyb/seventh_seal/foryou.html (633b) @20211028
[2026-08-05 22:50:56] --- Progress: 7635/20440 (37%) | New: 3460 | Fail: 1492 | Throttled-deferred: 3 | Rate: 13/min | ETA 16.2h ---
[2026-08-05 22:52:51] --- Progress: 7650/20440 (37%) | New: 3471 | Fail: 1496 | Throttled-deferred: 3 | Rate: 13/min | ETA 16.2h ---
[2026-08-05 22:53:00] [7654/20440] OK ~jrp/books.html (8,871b) @20030522
[2026-08-05 22:54:55] --- Progress: 7666/20440 (37%) | New: 3484 | Fail: 1499 | Throttled-deferred: 3 | Rate: 13/min | ETA 16.2h ---
[2026-08-05 22:56:56] --- Progress: 7681/20440 (37%) | New: 3492 | Fail: 1506 | Throttled-deferred: 3 | Rate: 13/min | ETA 16.2h ---
[2026-08-05 22:58:21] [7693/20440] OK ~jrp/travel.html (11,085b) @20200128
[2026-08-05 22:58:59] --- Progress: 7697/20440 (37%) | New: 3502 | Fail: 1512 | Throttled-deferred: 3 | Rate: 13/min | ETA 16.2h ---
[2026-08-05 22:59:10] --- Progress: 7700/20440 (37%) | New: 3504 | Fail: 1513 | Throttled-deferred: 3 | Rate: 13/min | ETA 16.2h ---
[2026-08-05 23:01:12] --- Progress: 7716/20440 (37%) | New: 3517 | Fail: 1516 | Throttled-deferred: 3 | Rate: 13/min | ETA 16.2h ---
[2026-08-05 23:02:21] [7726/20440] OK ~jrterry/graphics/lps2.jpeg (6,861b) @20211028
[2026-08-05 23:03:23] --- Progress: 7730/20440 (37%) | New: 3528 | Fail: 1519 | Throttled-deferred: 3 | Rate: 13/min | ETA 16.2h ---
[2026-08-05 23:05:20] --- Progress: 7750/20440 (37%) | New: 3542 | Fail: 1525 | Throttled-deferred: 3 | Rate: 13/min | ETA 16.2h ---
[2026-08-05 23:06:36] [7759/20440] OK ~jrterry/menu/forward.gif (2,903b) @20030427
[2026-08-05 23:07:30] --- Progress: 7766/20440 (37%) | New: 3555 | Fail: 1528 | Throttled-deferred: 3 | Rate: 13/min | ETA 16.2h ---
[2026-08-05 23:09:33] --- Progress: 7786/20440 (38%) | New: 3573 | Fail: 1530 | Throttled-deferred: 3 | Rate: 13/min | ETA 16.2h ---
[2026-08-05 23:09:57] [7788/20440] OK ~jrterry/welcome.html (178b) @20191221
[2026-08-05 23:11:12] --- Progress: 7800/20440 (38%) | New: 3584 | Fail: 1533 | Throttled-deferred: 3 | Rate: 13/min | ETA 16.2h ---
[2026-08-05 23:13:22] --- Progress: 7812/20440 (38%) | New: 3592 | Fail: 1537 | Throttled-deferred: 3 | Rate: 13/min | ETA 16.2h ---
[2026-08-05 23:14:09] [7823/20440] OK ~kilroy69/ctmosaic/cooltimetxt3.jpg (12,526b) @20030427
[2026-08-05 23:15:28] --- Progress: 7833/20440 (38%) | New: 3609 | Fail: 1541 | Throttled-deferred: 3 | Rate: 13/min | ETA 16.2h ---
[2026-08-05 23:16:56] --- Progress: 7850/20440 (38%) | New: 3622 | Fail: 1545 | Throttled-deferred: 3 | Rate: 13/min | ETA 16.2h ---
[2026-08-05 23:17:19] [7853/20440] OK ~kilroy69/oldindex.html (6,820b) @20220428
[2026-08-05 23:19:15] --- Progress: 7875/20440 (38%) | New: 3644 | Fail: 1548 | Throttled-deferred: 3 | Rate: 13/min | ETA 16.1h ---
[2026-08-05 23:19:47] [7882/20440] OK ~kmcc/EVERGR~1.gif (1,059b) @20211028
[2026-08-05 23:21:17] --- Progress: 7894/20440 (38%) | New: 3659 | Fail: 1552 | Throttled-deferred: 3 | Rate: 13/min | ETA 16.1h ---
[2026-08-05 23:22:05] --- Progress: 7900/20440 (38%) | New: 3664 | Fail: 1553 | Throttled-deferred: 3 | Rate: 13/min | ETA 16.1h ---
[2026-08-05 23:23:41] [7916/20440] OK ~kmcc/PHOTOS/01. Riedenburg Scenes/thumbs/P7050229.JPG (1,807b) @20050102
[2026-08-05 23:24:07] --- Progress: 7919/20440 (38%) | New: 3678 | Fail: 1558 | Throttled-deferred: 3 | Rate: 13/min | ETA 16.1h ---
[2026-08-05 23:26:07] --- Progress: 7938/20440 (38%) | New: 3694 | Fail: 1561 | Throttled-deferred: 3 | Rate: 13/min | ETA 16.1h ---
[2026-08-05 23:26:54] [7947/20440] OK ~kmcc/PHOTOS/03. Welcome Evening/slides/10.jpg (67,638b) @20050106
[2026-08-05 23:27:07] --- Progress: 7950/20440 (38%) | New: 3703 | Fail: 1564 | Throttled-deferred: 3 | Rate: 13/min | ETA 16.1h ---
[2026-08-05 23:28:58] [7973/20440] OK ~kmcc/PHOTOS/03. Welcome Evening/thumbs/22a.JPG (5,427b) @20210518
[2026-08-05 23:29:12] --- Progress: 7975/20440 (39%) | New: 3727 | Fail: 1565 | Throttled-deferred: 3 | Rate: 13/min | ETA 16.1h ---
[2026-08-05 23:31:22] --- Progress: 7997/20440 (39%) | New: 3743 | Fail: 1571 | Throttled-deferred: 3 | Rate: 13/min | ETA 16.0h ---
[2026-08-05 23:31:51] --- Progress: 8000/20440 (39%) | New: 3746 | Fail: 1571 | Throttled-deferred: 3 | Rate: 13/min | ETA 16.0h ---
[2026-08-05 23:32:15] [8006/20440] OK ~kmcc/PHOTOS/04. Schloss Rosenburg/thumbs/P6250029.JPG (5,501b) @20231015
[2026-08-05 23:33:57] --- Progress: 8022/20440 (39%) | New: 3766 | Fail: 1573 | Throttled-deferred: 3 | Rate: 13/min | ETA 16.0h ---
[2026-08-05 23:34:38] [8032/20440] OK ~kmcc/PHOTOS/07. Burg Prunn/slides/P7070043.JPG (62,701b) @20231015
[2026-08-05 23:36:01] --- Progress: 8043/20440 (39%) | New: 3785 | Fail: 1575 | Throttled-deferred: 3 | Rate: 13/min | ETA 16.0h ---
[2026-08-05 23:36:39] --- Progress: 8050/20440 (39%) | New: 3791 | Fail: 1576 | Throttled-deferred: 3 | Rate: 13/min | ETA 16.0h ---
[2026-08-05 23:38:04] [8062/20440] OK ~kmcc/PHOTOS/07. Burg Prunn/thumbs/P7070050.JPG (6,395b) @20231015
[2026-08-05 23:38:43] --- Progress: 8067/20440 (39%) | New: 3804 | Fail: 1580 | Throttled-deferred: 3 | Rate: 13/min | ETA 16.0h ---
[2026-08-05 23:40:45] --- Progress: 8083/20440 (39%) | New: 3812 | Fail: 1588 | Throttled-deferred: 3 | Rate: 13/min | ETA 16.0h ---
[2026-08-05 23:42:48] --- Progress: 8099/20440 (39%) | New: 3824 | Fail: 1592 | Throttled-deferred: 3 | Rate: 13/min | ETA 16.0h ---
[2026-08-05 23:42:57] --- Progress: 8100/20440 (39%) | New: 3824 | Fail: 1593 | Throttled-deferred: 3 | Rate: 13/min | ETA 16.0h ---
[2026-08-05 23:43:02] [8101/20440] OK ~kmcc/PHOTOS/08. Regensburg/slides/P6250062.JPG (46,691b) @20190804
[2026-08-05 23:45:03] --- Progress: 8122/20440 (39%) | New: 3840 | Fail: 1599 | Throttled-deferred: 3 | Rate: 13/min | ETA 16.0h ---
[2026-08-05 23:46:13] [8134/20440] OK ~kmcc/PHOTOS/09. Second Trip/04. Innsbruck/thumbs/05..jpg (5,550b) @20211028
[2026-08-05 23:47:08] --- Progress: 8142/20440 (39%) | New: 3855 | Fail: 1604 | Throttled-deferred: 3 | Rate: 13/min | ETA 16.0h ---
[2026-08-05 23:48:09] --- Progress: 8150/20440 (39%) | New: 3861 | Fail: 1606 | Throttled-deferred: 3 | Rate: 13/min | ETA 16.0h ---
[2026-08-05 23:50:14] --- Progress: 8168/20440 (39%) | New: 3873 | Fail: 1612 | Throttled-deferred: 3 | Rate: 13/min | ETA 16.0h ---
[2026-08-05 23:50:31] [8170/20440] OK ~knapper/Billets.html (2,075b) @20010928
[2026-08-05 23:52:19] --- Progress: 8183/20440 (40%) | New: 3882 | Fail: 1618 | Throttled-deferred: 3 | Rate: 13/min | ETA 16.0h ---
[2026-08-05 23:54:39] --- Progress: 8200/20440 (40%) | New: 3894 | Fail: 1623 | Throttled-deferred: 3 | Rate: 13/min | ETA 16.0h ---
[2026-08-05 23:55:21] [8209/20440] OK ~knapper/Gallery of Gordon Blankenship.htm (2,805b) @20220428
[2026-08-05 23:56:41] --- Progress: 8218/20440 (40%) | New: 3907 | Fail: 1628 | Throttled-deferred: 3 | Rate: 13/min | ETA 16.0h ---
[2026-08-05 23:58:45] --- Progress: 8239/20440 (40%) | New: 3922 | Fail: 1634 | Throttled-deferred: 3 | Rate: 13/min | ETA 15.9h ---
[2026-08-05 23:59:00] [8242/20440] OK ~knapper/images/401Conrad_small1.jpg (4,477b) @20210518
[2026-08-06 00:00:05] --- Progress: 8250/20440 (40%) | New: 3931 | Fail: 1636 | Throttled-deferred: 3 | Rate: 13/min | ETA 15.9h ---
[2026-08-06 00:02:12] --- Progress: 8267/20440 (40%) | New: 3944 | Fail: 1640 | Throttled-deferred: 3 | Rate: 13/min | ETA 15.9h ---
[2026-08-06 00:02:30] [8274/20440] OK ~knapper/images/poster2.jpg (13,312b) @20060211
[2026-08-06 00:04:28] --- Progress: 8289/20440 (40%) | New: 3962 | Fail: 1644 | Throttled-deferred: 3 | Rate: 13/min | ETA 15.9h ---
[2026-08-06 00:06:02] --- Progress: 8300/20440 (40%) | New: 3969 | Fail: 1648 | Throttled-deferred: 3 | Rate: 13/min | ETA 15.9h ---
[2026-08-06 00:06:42] [8308/20440] OK ~knapper/Lithic Industries at Dover.jpg (437,310b) @20211028
[2026-08-06 00:08:05] --- Progress: 8319/20440 (40%) | New: 3982 | Fail: 1654 | Throttled-deferred: 3 | Rate: 13/min | ETA 15.9h ---
[2026-08-06 00:10:08] --- Progress: 8331/20440 (40%) | New: 3988 | Fail: 1660 | Throttled-deferred: 3 | Rate: 13/min | ETA 15.9h ---
[2026-08-06 00:12:12] --- Progress: 8345/20440 (40%) | New: 3994 | Fail: 1668 | Throttled-deferred: 3 | Rate: 13/min | ETA 15.9h ---
[2026-08-06 00:12:46] --- Progress: 8350/20440 (40%) | New: 3996 | Fail: 1671 | Throttled-deferred: 3 | Rate: 13/min | ETA 15.9h ---
[2026-08-06 00:13:21] [8355/20440] OK ~kringen/index.html (474b) @20020606
[2026-08-06 00:14:46] --- Progress: 8371/20440 (40%) | New: 4013 | Fail: 1675 | Throttled-deferred: 3 | Rate: 13/min | ETA 15.9h ---
[2026-08-06 00:16:03] [8384/20440] OK ~ksh/algae/invisible.xbm (96b) @20010908
[2026-08-06 00:16:58] --- Progress: 8389/20440 (41%) | New: 4028 | Fail: 1678 | Throttled-deferred: 3 | Rate: 13/min | ETA 15.9h ---
[2026-08-06 00:17:52] --- Progress: 8400/20440 (41%) | New: 4035 | Fail: 1682 | Throttled-deferred: 3 | Rate: 13/min | ETA 15.9h ---
[2026-08-06 00:19:39] [8416/20440] OK ~ktlange/badge_medal_usmc.gif (8,761b) @20231015
[2026-08-06 00:19:56] --- Progress: 8418/20440 (41%) | New: 4052 | Fail: 1683 | Throttled-deferred: 3 | Rate: 13/min | ETA 15.9h ---
[2026-08-06 00:22:03] --- Progress: 8441/20440 (41%) | New: 4071 | Fail: 1687 | Throttled-deferred: 3 | Rate: 13/min | ETA 15.9h ---
[2026-08-06 00:22:29] [8445/20440] OK ~ktlange/flowers09b.jpg (43,408b) @20200128
[2026-08-06 00:22:52] --- Progress: 8450/20440 (41%) | New: 4079 | Fail: 1688 | Throttled-deferred: 3 | Rate: 13/min | ETA 15.9h ---
[2026-08-06 00:24:58] --- Progress: 8467/20440 (41%) | New: 4093 | Fail: 1691 | Throttled-deferred: 3 | Rate: 13/min | ETA 15.8h ---
[2026-08-06 00:26:13] [8477/20440] OK ~ktlange/MCCapturedIraqiEPWs3-91.jpg (26,008b) @20211028
[2026-08-06 00:27:15] --- Progress: 8485/20440 (41%) | New: 4108 | Fail: 1694 | Throttled-deferred: 3 | Rate: 13/min | ETA 15.8h ---
[2026-08-06 00:28:35] --- Progress: 8500/20440 (41%) | New: 4118 | Fail: 1699 | Throttled-deferred: 3 | Rate: 13/min | ETA 15.8h ---
[2026-08-06 00:29:36] [8509/20440] OK ~ktlange/reunion2.html (16,668b) @20190804
[2026-08-06 00:30:35] --- Progress: 8520/20440 (41%) | New: 4134 | Fail: 1703 | Throttled-deferred: 3 | Rate: 13/min | ETA 15.8h ---
[2026-08-06 00:32:39] [8539/20440] OK ~ktlange/thnMCpowcamp.jpg (2,557b) @20191221
[2026-08-06 00:32:39] --- Progress: 8539/20440 (41%) | New: 4150 | Fail: 1706 | Throttled-deferred: 3 | Rate: 13/min | ETA 15.8h ---
[2026-08-06 00:33:57] --- Progress: 8550/20440 (41%) | New: 4157 | Fail: 1710 | Throttled-deferred: 3 | Rate: 13/min | ETA 15.8h ---
[2026-08-06 00:36:05] [8570/20440] OK ~kyuss/greatgrandpa/bruno_erdmann_photo_montage_teens_or_20s_8_descrip (37,936b) @20200128
[2026-08-06 00:36:05] --- Progress: 8570/20440 (41%) | New: 4175 | Fail: 1712 | Throttled-deferred: 3 | Rate: 13/min | ETA 15.8h ---
[2026-08-06 00:38:12] --- Progress: 8589/20440 (42%) | New: 4190 | Fail: 1716 | Throttled-deferred: 3 | Rate: 13/min | ETA 15.8h ---
[2026-08-06 00:39:28] --- Progress: 8600/20440 (42%) | New: 4197 | Fail: 1720 | Throttled-deferred: 3 | Rate: 13/min | ETA 15.8h ---
[2026-08-06 00:40:07] [8606/20440] OK ~kyuss/greatgrandpa/inline/old_postcard_3_front_1920.gif (4,209b) @20231015
[2026-08-06 00:41:30] --- Progress: 8621/20440 (42%) | New: 4213 | Fail: 1725 | Throttled-deferred: 3 | Rate: 13/min | ETA 15.7h ---
[2026-08-06 00:42:42] [8635/20440] OK ~kyuss/greatgrandpa/old_letter_to_great_grandma_page_6_1929.jpg (46,455b) @20200128
[2026-08-06 00:43:35] --- Progress: 8640/20440 (42%) | New: 4230 | Fail: 1727 | Throttled-deferred: 3 | Rate: 13/min | ETA 15.7h ---
[2026-08-06 00:44:20] --- Progress: 8650/20440 (42%) | New: 4238 | Fail: 1729 | Throttled-deferred: 3 | Rate: 13/min | ETA 15.7h ---
[2026-08-06 00:46:21] [8668/20440] OK ~largesse/gifs/powerful-womanlight.gif (20,498b) @20040707
[2026-08-06 00:46:21] --- Progress: 8668/20440 (42%) | New: 4250 | Fail: 1735 | Throttled-deferred: 3 | Rate: 12/min | ETA 15.7h ---
[2026-08-06 00:48:26] --- Progress: 8687/20440 (42%) | New: 4265 | Fail: 1739 | Throttled-deferred: 3 | Rate: 12/min | ETA 15.7h ---
[2026-08-06 00:49:55] [8700/20440] OK ~largesse/organizations.gif (919b) @20040327
[2026-08-06 00:49:55] --- Progress: 8700/20440 (42%) | New: 4275 | Fail: 1742 | Throttled-deferred: 3 | Rate: 12/min | ETA 15.7h ---
[2026-08-06 00:51:56] --- Progress: 8717/20440 (42%) | New: 4288 | Fail: 1746 | Throttled-deferred: 3 | Rate: 12/min | ETA 15.7h ---
[2026-08-06 00:53:47] [8733/20440] OK ~lhowell/index.html (479b) @20191221
[2026-08-06 00:53:56] --- Progress: 8735/20440 (42%) | New: 4302 | Fail: 1750 | Throttled-deferred: 3 | Rate: 12/min | ETA 15.7h ---
[2026-08-06 00:56:00] --- Progress: 8749/20440 (42%) | New: 4312 | Fail: 1754 | Throttled-deferred: 3 | Rate: 12/min | ETA 15.7h ---
[2026-08-06 00:56:06] --- Progress: 8750/20440 (42%) | New: 4313 | Fail: 1754 | Throttled-deferred: 3 | Rate: 12/min | ETA 15.7h ---
[2026-08-06 00:57:38] [8765/20440] OK ~lhowell/bcp1662/info/cal_1662/index.html (1,971b) @20231015
[2026-08-06 00:58:12] --- Progress: 8771/20440 (42%) | New: 4331 | Fail: 1757 | Throttled-deferred: 3 | Rate: 12/min | ETA 15.6h ---
[2026-08-06 01:00:13] --- Progress: 8791/20440 (43%) | New: 4347 | Fail: 1761 | Throttled-deferred: 3 | Rate: 12/min | ETA 15.6h ---
[2026-08-06 01:00:32] [8794/20440] OK ~lhowell/bcp1662/notes/development/index.html (2,862b) @20211028
[2026-08-06 01:01:07] --- Progress: 8800/20440 (43%) | New: 4356 | Fail: 1761 | Throttled-deferred: 3 | Rate: 12/min | ETA 15.6h ---
[2026-08-06 01:03:15] --- Progress: 8823/20440 (43%) | New: 4373 | Fail: 1767 | Throttled-deferred: 3 | Rate: 12/min | ETA 15.6h ---
[2026-08-06 01:03:23] [8825/20440] OK ~lisanne/amlux.htm (12,899b) @20010902
[2026-08-06 01:05:17] --- Progress: 8844/20440 (43%) | New: 4389 | Fail: 1772 | Throttled-deferred: 3 | Rate: 12/min | ETA 15.6h ---
[2026-08-06 01:06:03] --- Progress: 8850/20440 (43%) | New: 4394 | Fail: 1773 | Throttled-deferred: 3 | Rate: 12/min | ETA 15.6h ---
[2026-08-06 01:07:00] [8859/20440] OK ~lisanne/images/bl/i02.gif (242b) @20191221
[2026-08-06 01:08:07] --- Progress: 8870/20440 (43%) | New: 4410 | Fail: 1777 | Throttled-deferred: 3 | Rate: 12/min | ETA 15.6h ---
[2026-08-06 01:09:37] [8886/20440] OK ~lisanne/images/lib7.gif (410b) @20031220
[2026-08-06 01:10:17] --- Progress: 8891/20440 (43%) | New: 4429 | Fail: 1779 | Throttled-deferred: 3 | Rate: 12/min | ETA 15.5h ---
[2026-08-06 01:10:55] --- Progress: 8900/20440 (43%) | New: 4436 | Fail: 1781 | Throttled-deferred: 3 | Rate: 12/min | ETA 15.5h ---
[2026-08-06 01:13:00] --- Progress: 8912/20440 (43%) | New: 4443 | Fail: 1786 | Throttled-deferred: 3 | Rate: 12/min | ETA 15.5h ---
[2026-08-06 01:13:32] [8919/20440] OK ~lisanne/ney/ozmap.jpg (6,462b) @20030528
[2026-08-06 01:15:05] --- Progress: 8932/20440 (43%) | New: 4462 | Fail: 1787 | Throttled-deferred: 3 | Rate: 12/min | ETA 15.5h ---
[2026-08-06 01:16:46] [8948/20440] OK ~lynnjohn/appaloosa12019sh.html (1,679b) @20021217
[2026-08-06 01:16:54] --- Progress: 8950/20440 (43%) | New: 4477 | Fail: 1790 | Throttled-deferred: 3 | Rate: 12/min | ETA 15.5h ---
[2026-08-06 01:18:56] --- Progress: 8964/20440 (43%) | New: 4485 | Fail: 1796 | Throttled-deferred: 3 | Rate: 12/min | ETA 15.5h ---
[2026-08-06 01:20:59] --- Progress: 8979/20440 (43%) | New: 4496 | Fail: 1800 | Throttled-deferred: 3 | Rate: 12/min | ETA 15.5h ---
[2026-08-06 01:21:13] [8983/20440] OK ~manor/gallery2.htm (3,708b) @20020605
[2026-08-06 01:23:05] --- Progress: 8999/20440 (44%) | New: 4512 | Fail: 1804 | Throttled-deferred: 3 | Rate: 12/min | ETA 15.5h ---
[2026-08-06 01:23:06] --- Progress: 9000/20440 (44%) | New: 4513 | Fail: 1804 | Throttled-deferred: 3 | Rate: 12/min | ETA 15.5h ---
[2026-08-06 01:24:18] [9013/20440] OK ~marmonk/gallery2.htm (3,352b) @20010831
[2026-08-06 01:25:08] --- Progress: 9021/20440 (44%) | New: 4533 | Fail: 1805 | Throttled-deferred: 3 | Rate: 12/min | ETA 15.5h ---
[2026-08-06 01:27:13] --- Progress: 9039/20440 (44%) | New: 4547 | Fail: 1809 | Throttled-deferred: 3 | Rate: 12/min | ETA 15.4h ---
[2026-08-06 01:27:36] [9043/20440] OK ~mcalpin/alive/product/8964.htm (10,430b) @20231015
[2026-08-06 01:28:20] --- Progress: 9050/20440 (44%) | New: 4556 | Fail: 1811 | Throttled-deferred: 3 | Rate: 12/min | ETA 15.4h ---
[2026-08-06 01:30:23] --- Progress: 9068/20440 (44%) | New: 4570 | Fail: 1815 | Throttled-deferred: 3 | Rate: 12/min | ETA 15.4h ---
[2026-08-06 01:30:52] [9073/20440] OK ~mcalpin/images/main_17.gif (69b) @20031221
[2026-08-06 01:32:26] --- Progress: 9088/20440 (44%) | New: 4586 | Fail: 1819 | Throttled-deferred: 3 | Rate: 12/min | ETA 15.4h ---
[2026-08-06 01:34:04] --- Progress: 9100/20440 (44%) | New: 4593 | Fail: 1824 | Throttled-deferred: 3 | Rate: 12/min | ETA 15.4h ---
[2026-08-06 01:34:44] [9110/20440] OK ~mcalpin/ph/bn/birdnature.htm (22,578b) @20231015
[2026-08-06 01:36:09] --- Progress: 9121/20440 (44%) | New: 4611 | Fail: 1827 | Throttled-deferred: 3 | Rate: 12/min | ETA 15.4h ---
[2026-08-06 01:37:52] [9138/20440] OK ~mcalpin/pump/index.html (17,319b) @20231015
[2026-08-06 01:38:26] --- Progress: 9142/20440 (44%) | New: 4629 | Fail: 1830 | Throttled-deferred: 3 | Rate: 12/min | ETA 15.4h ---
[2026-08-06 01:39:13] --- Progress: 9150/20440 (44%) | New: 4634 | Fail: 1833 | Throttled-deferred: 3 | Rate: 12/min | ETA 15.4h ---
[2026-08-06 01:41:14] --- Progress: 9163/20440 (44%) | New: 4643 | Fail: 1837 | Throttled-deferred: 3 | Rate: 12/min | ETA 15.4h ---
[2026-08-06 01:41:40] [9172/20440] OK ~mcalpin/store/cushion.html (74,320b) @20040711
[2026-08-06 01:43:35] --- Progress: 9185/20440 (44%) | New: 4661 | Fail: 1841 | Throttled-deferred: 3 | Rate: 12/min | ETA 15.3h ---
[2026-08-06 01:45:14] --- Progress: 9200/20440 (45%) | New: 4671 | Fail: 1846 | Throttled-deferred: 3 | Rate: 12/min | ETA 15.3h ---
[2026-08-06 01:45:30] [9205/20440] OK ~mcalpin/store/seedgrowing.html (62,348b) @20041120
[2026-08-06 01:47:17] --- Progress: 9221/20440 (45%) | New: 4689 | Fail: 1849 | Throttled-deferred: 3 | Rate: 12/min | ETA 15.3h ---
[2026-08-06 01:48:42] [9236/20440] OK ~mcalpin/store/yard/Artificial Rock Waterfalls.htm (17,422b) @20211028
[2026-08-06 01:49:35] --- Progress: 9244/20440 (45%) | New: 4707 | Fail: 1854 | Throttled-deferred: 3 | Rate: 12/min | ETA 15.3h ---
[2026-08-06 01:50:14] --- Progress: 9250/20440 (45%) | New: 4711 | Fail: 1856 | Throttled-deferred: 3 | Rate: 12/min | ETA 15.3h ---
[2026-08-06 01:52:16] [9268/20440] OK ~mcalpin/store/yard/Spreaders, Spayers & Applicators.htm (10,485b) @20050130
[2026-08-06 01:52:16] --- Progress: 9268/20440 (45%) | New: 4725 | Fail: 1860 | Throttled-deferred: 3 | Rate: 12/min | ETA 15.3h ---
[2026-08-06 01:54:20] --- Progress: 9288/20440 (45%) | New: 4742 | Fail: 1863 | Throttled-deferred: 3 | Rate: 12/min | ETA 15.2h ---
[2026-08-06 01:55:23] [9298/20440] OK ~megatron/CarsWeLove/skyline/skyline.html (1,006b) @20210518
[2026-08-06 01:55:38] --- Progress: 9300/20440 (45%) | New: 4751 | Fail: 1866 | Throttled-deferred: 3 | Rate: 12/min | ETA 15.2h ---
[2026-08-06 01:57:50] --- Progress: 9320/20440 (45%) | New: 4767 | Fail: 1870 | Throttled-deferred: 3 | Rate: 12/min | ETA 15.2h ---
[2026-08-06 01:59:06] [9332/20440] OK ~mighetto/cycle.gif (17,827b) @20211028
[2026-08-06 01:59:52] --- Progress: 9338/20440 (45%) | New: 4781 | Fail: 1874 | Throttled-deferred: 3 | Rate: 12/min | ETA 15.2h ---
[2026-08-06 02:01:32] --- Progress: 9350/20440 (45%) | New: 4790 | Fail: 1877 | Throttled-deferred: 3 | Rate: 12/min | ETA 15.2h ---
[2026-08-06 02:03:04] [9364/20440] OK ~mighetto/hm35.class (11,714b) @20220428
[2026-08-06 02:03:43] --- Progress: 9365/20440 (45%) | New: 4801 | Fail: 1881 | Throttled-deferred: 3 | Rate: 12/min | ETA 15.2h ---
[2026-08-06 02:05:45] --- Progress: 9386/20440 (45%) | New: 4819 | Fail: 1884 | Throttled-deferred: 3 | Rate: 12/min | ETA 15.2h ---
[2026-08-06 02:06:38] [9394/20440] OK ~mighetto/lslunch.htm (6,860b) @20200128
[2026-08-06 02:07:16] --- Progress: 9400/20440 (45%) | New: 4829 | Fail: 1888 | Throttled-deferred: 3 | Rate: 12/min | ETA 15.2h ---
[2026-08-06 02:09:27] --- Progress: 9422/20440 (46%) | New: 4847 | Fail: 1892 | Throttled-deferred: 3 | Rate: 12/min | ETA 15.1h ---
[2026-08-06 02:09:47] [9425/20440] OK ~mighetto/macXplane.jpg (26,742b) @20200128
[2026-08-06 02:11:30] --- Progress: 9441/20440 (46%) | New: 4864 | Fail: 1894 | Throttled-deferred: 3 | Rate: 12/min | ETA 15.1h ---
[2026-08-06 02:12:23] --- Progress: 9450/20440 (46%) | New: 4872 | Fail: 1895 | Throttled-deferred: 3 | Rate: 12/min | ETA 15.1h ---
[2026-08-06 02:12:38] [9453/20440] OK ~mighetto/p08.htm (45,906b) @20220428
[2026-08-06 02:14:24] --- Progress: 9470/20440 (46%) | New: 4891 | Fail: 1896 | Throttled-deferred: 3 | Rate: 12/min | ETA 15.1h ---
[2026-08-06 02:15:40] [9481/20440] OK ~mighetto/speed.gif (6,349b) @20050430
[2026-08-06 02:16:30] --- Progress: 9491/20440 (46%) | New: 4907 | Fail: 1901 | Throttled-deferred: 3 | Rate: 12/min | ETA 15.1h ---
[2026-08-06 02:17:38] --- Progress: 9500/20440 (46%) | New: 4915 | Fail: 1902 | Throttled-deferred: 3 | Rate: 12/min | ETA 15.1h ---
[2026-08-06 02:19:56] --- Progress: 9513/20440 (46%) | New: 4921 | Fail: 1909 | Throttled-deferred: 3 | Rate: 12/min | ETA 15.1h ---
[2026-08-06 02:20:50] [9520/20440] OK ~mirader/lz/zepfest/jim/index.html (3,301b) @20220428
[2026-08-06 02:22:00] --- Progress: 9529/20440 (46%) | New: 4930 | Fail: 1916 | Throttled-deferred: 3 | Rate: 12/min | ETA 15.1h ---
[2026-08-06 02:24:03] --- Progress: 9548/20440 (46%) | New: 4944 | Fail: 1921 | Throttled-deferred: 3 | Rate: 12/min | ETA 15.0h ---
[2026-08-06 02:24:26] --- Progress: 9550/20440 (46%) | New: 4946 | Fail: 1921 | Throttled-deferred: 3 | Rate: 12/min | ETA 15.0h ---
[2026-08-06 02:24:44] [9554/20440] OK ~mirader/lz/zepfest/sue/STUFF1.JPG (41,670b) @20020708
[2026-08-06 02:26:29] --- Progress: 9568/20440 (46%) | New: 4962 | Fail: 1923 | Throttled-deferred: 3 | Rate: 12/min | ETA 15.0h ---
[2026-08-06 02:28:40] --- Progress: 9585/20440 (46%) | New: 4974 | Fail: 1928 | Throttled-deferred: 3 | Rate: 12/min | ETA 15.0h ---
[2026-08-06 02:28:56] [9588/20440] OK ~miyaguch/grady/howtonorm2.jpg (16,807b) @20200128
[2026-08-06 02:30:59] --- Progress: 9600/20440 (46%) | New: 4981 | Fail: 1936 | Throttled-deferred: 3 | Rate: 12/min | ETA 15.0h ---
[2026-08-06 02:33:02] --- Progress: 9619/20440 (47%) | New: 4995 | Fail: 1941 | Throttled-deferred: 3 | Rate: 12/min | ETA 15.0h ---
[2026-08-06 02:34:03] [9627/20440] OK ~miyaguch/ls36/ls36p31.gif (4,292b) @20190804
[2026-08-06 02:35:11] --- Progress: 9634/20440 (47%) | New: 5005 | Fail: 1946 | Throttled-deferred: 3 | Rate: 12/min | ETA 15.0h ---
[2026-08-06 02:37:23] --- Progress: 9650/20440 (47%) | New: 5014 | Fail: 1953 | Throttled-deferred: 3 | Rate: 12/min | ETA 15.0h ---
[2026-08-06 02:39:25] --- Progress: 9663/20440 (47%) | New: 5020 | Fail: 1960 | Throttled-deferred: 3 | Rate: 12/min | ETA 15.0h ---
[2026-08-06 02:40:41] [9673/20440] OK ~miyaguch/megadata/gradynorm.html (11,806b) @20020131
[2026-08-06 02:41:29] --- Progress: 9680/20440 (47%) | New: 5030 | Fail: 1967 | Throttled-deferred: 3 | Rate: 12/min | ETA 15.0h ---
[2026-08-06 02:43:29] --- Progress: 9693/20440 (47%) | New: 5037 | Fail: 1973 | Throttled-deferred: 3 | Rate: 12/min | ETA 15.0h ---
[2026-08-06 02:44:17] --- Progress: 9700/20440 (47%) | New: 5040 | Fail: 1977 | Throttled-deferred: 3 | Rate: 12/min | ETA 15.0h ---
[2026-08-06 02:45:41] [9712/20440] OK ~miyaguch/tfg/tfgnorm4.html (6,939b) @20211028
[2026-08-06 02:46:26] --- Progress: 9715/20440 (47%) | New: 5052 | Fail: 1980 | Throttled-deferred: 3 | Rate: 12/min | ETA 15.0h ---
[2026-08-06 02:48:27] --- Progress: 9731/20440 (47%) | New: 5060 | Fail: 1988 | Throttled-deferred: 3 | Rate: 12/min | ETA 15.0h ---
[2026-08-06 02:50:24] --- Progress: 9750/20440 (47%) | New: 5073 | Fail: 1994 | Throttled-deferred: 3 | Rate: 12/min | ETA 14.9h ---
[2026-08-06 02:50:47] [9752/20440] OK ~mk/vienna.html (652b) @20211028
[2026-08-06 02:52:41] --- Progress: 9763/20440 (47%) | New: 5079 | Fail: 2001 | Throttled-deferred: 3 | Rate: 12/min | ETA 14.9h ---
[2026-08-06 02:54:59] --- Progress: 9784/20440 (47%) | New: 5096 | Fail: 2005 | Throttled-deferred: 3 | Rate: 12/min | ETA 14.9h ---
[2026-08-06 02:55:25] [9791/20440] OK ~mpompey/index.html (1,007b) @20020529
[2026-08-06 02:56:28] --- Progress: 9800/20440 (47%) | New: 5109 | Fail: 2008 | Throttled-deferred: 3 | Rate: 12/min | ETA 14.9h ---
[2026-08-06 02:58:30] --- Progress: 9820/20440 (48%) | New: 5123 | Fail: 2014 | Throttled-deferred: 3 | Rate: 12/min | ETA 14.9h ---
[2026-08-06 02:58:47] [9823/20440] OK ~mvargas/gallery/pages/acmbbq04.htm (1,101b) @20020722
[2026-08-06 03:00:36] --- Progress: 9836/20440 (48%) | New: 5132 | Fail: 2021 | Throttled-deferred: 3 | Rate: 12/min | ETA 14.9h ---
[2026-08-06 03:01:53] --- Progress: 9850/20440 (48%) | New: 5144 | Fail: 2023 | Throttled-deferred: 3 | Rate: 12/min | ETA 14.9h ---
[2026-08-06 03:03:01] [9861/20440] OK ~mvargas/gallery2/pages/young_mikedavekiss.htm (1,267b) @20020719
[2026-08-06 03:03:56] --- Progress: 9869/20440 (48%) | New: 5157 | Fail: 2029 | Throttled-deferred: 3 | Rate: 12/min | ETA 14.8h ---
[2026-08-06 03:06:21] --- Progress: 9889/20440 (48%) | New: 5172 | Fail: 2034 | Throttled-deferred: 3 | Rate: 12/min | ETA 14.8h ---
[2026-08-06 03:06:53] [9895/20440] OK ~mwirkk/castle/vlad/vladhist.html (83,531b) @20231015
[2026-08-06 03:07:26] --- Progress: 9900/20440 (48%) | New: 5178 | Fail: 2039 | Throttled-deferred: 3 | Rate: 12/min | ETA 14.8h ---
[2026-08-06 03:09:32] --- Progress: 9917/20440 (48%) | New: 5191 | Fail: 2043 | Throttled-deferred: 3 | Rate: 12/min | ETA 14.8h ---
[2026-08-06 03:10:50] [9929/20440] OK ~mwirkk/sitemap.html (844b) @20231015
[2026-08-06 03:11:37] --- Progress: 9938/20440 (48%) | New: 5209 | Fail: 2046 | Throttled-deferred: 3 | Rate: 12/min | ETA 14.8h ---
[2026-08-06 03:13:12] --- Progress: 9950/20440 (48%) | New: 5216 | Fail: 2051 | Throttled-deferred: 3 | Rate: 12/min | ETA 14.8h ---
[2026-08-06 03:15:16] --- Progress: 9963/20440 (48%) | New: 5222 | Fail: 2058 | Throttled-deferred: 3 | Rate: 12/min | ETA 14.8h ---
[2026-08-06 03:15:35] [9967/20440] OK ~ncpa/minutes011004.html (120,541b) @20231015
[2026-08-06 03:17:21] --- Progress: 9980/20440 (48%) | New: 5234 | Fail: 2063 | Throttled-deferred: 3 | Rate: 12/min | ETA 14.8h ---
[2026-08-06 03:19:25] --- Progress: 9997/20440 (48%) | New: 5245 | Fail: 2069 | Throttled-deferred: 3 | Rate: 12/min | ETA 14.7h ---
[2026-08-06 03:19:49] --- Progress: 10000/20440 (48%) | New: 5246 | Fail: 2071 | Throttled-deferred: 3 | Rate: 12/min | ETA 14.7h ---
[2026-08-06 03:20:04] [10004/20440] OK ~nekocon/art/Chibineko-mm.html (7,770b) @20010918
[2026-08-06 03:21:52] --- Progress: 10016/20440 (49%) | New: 5254 | Fail: 2079 | Throttled-deferred: 3 | Rate: 12/min | ETA 14.7h ---
[2026-08-06 03:24:01] --- Progress: 10035/20440 (49%) | New: 5266 | Fail: 2086 | Throttled-deferred: 3 | Rate: 12/min | ETA 14.7h ---
[2026-08-06 03:25:49] [10050/20440] OK ~nickz/07170953.rep (1,644b) @20211028
[2026-08-06 03:25:49] --- Progress: 10050/20440 (49%) | New: 5275 | Fail: 2092 | Throttled-deferred: 3 | Rate: 12/min | ETA 14.7h ---
[2026-08-06 03:27:51] --- Progress: 10066/20440 (49%) | New: 5285 | Fail: 2098 | Throttled-deferred: 3 | Rate: 12/min | ETA 14.7h ---
[2026-08-06 03:29:54] --- Progress: 10084/20440 (49%) | New: 5297 | Fail: 2104 | Throttled-deferred: 3 | Rate: 12/min | ETA 14.7h ---
[2026-08-06 03:30:25] [10087/20440] OK ~nickz/dismal.html (21,266b) @20011117
[2026-08-06 03:31:28] --- Progress: 10100/20440 (49%) | New: 5310 | Fail: 2107 | Throttled-deferred: 3 | Rate: 12/min | ETA 14.7h ---
[2026-08-06 03:33:29] --- Progress: 10113/20440 (49%) | New: 5318 | Fail: 2112 | Throttled-deferred: 3 | Rate: 12/min | ETA 14.7h ---
[2026-08-06 03:35:30] --- Progress: 10127/20440 (49%) | New: 5323 | Fail: 2121 | Throttled-deferred: 3 | Rate: 12/min | ETA 14.6h ---
[2026-08-06 03:35:38] [10130/20440] OK ~nickz/ir/img/RB073820.JPG (5,107b) @20211028
[2026-08-06 03:37:28] --- Progress: 10150/20440 (49%) | New: 5343 | Fail: 2124 | Throttled-deferred: 3 | Rate: 12/min | ETA 14.6h ---
[2026-08-06 03:38:30] [10159/20440] OK ~nickz/music.html (8,288b) @20231015
[2026-08-06 03:39:30] --- Progress: 10169/20440 (49%) | New: 5359 | Fail: 2127 | Throttled-deferred: 3 | Rate: 12/min | ETA 14.6h ---
[2026-08-06 03:41:26] [10186/20440] OK ~nickz/okie04/img/PA152495.JPG (63,516b) @20191221
[2026-08-06 03:41:34] --- Progress: 10187/20440 (49%) | New: 5376 | Fail: 2128 | Throttled-deferred: 3 | Rate: 12/min | ETA 14.6h ---
[2026-08-06 03:43:36] --- Progress: 10199/20440 (49%) | New: 5382 | Fail: 2134 | Throttled-deferred: 3 | Rate: 12/min | ETA 14.6h ---
[2026-08-06 03:43:36] --- Progress: 10200/20440 (49%) | New: 5383 | Fail: 2134 | Throttled-deferred: 3 | Rate: 12/min | ETA 14.6h ---
[2026-08-06 03:45:46] --- Progress: 10214/20440 (49%) | New: 5393 | Fail: 2138 | Throttled-deferred: 3 | Rate: 12/min | ETA 14.6h ---
[2026-08-06 03:46:41] [10224/20440] OK ~nickz/okie04/img/PA222617.JPG (48,350b) @20231015
[2026-08-06 03:48:12] --- Progress: 10233/20440 (50%) | New: 5408 | Fail: 2142 | Throttled-deferred: 3 | Rate: 12/min | ETA 14.6h ---
[2026-08-06 03:49:53] --- Progress: 10250/20440 (50%) | New: 5419 | Fail: 2148 | Throttled-deferred: 3 | Rate: 12/min | ETA 14.5h ---
[2026-08-06 03:51:25] [10258/20440] OK ~nickz/okie04/img/PA282725.JPG (54,278b) @20211028
[2026-08-06 03:52:02] --- Progress: 10263/20440 (50%) | New: 5428 | Fail: 2152 | Throttled-deferred: 3 | Rate: 12/min | ETA 14.5h ---
[2026-08-06 03:54:07] --- Progress: 10280/20440 (50%) | New: 5442 | Fail: 2155 | Throttled-deferred: 3 | Rate: 12/min | ETA 14.5h ---
[2026-08-06 03:56:09] --- Progress: 10292/20440 (50%) | New: 5449 | Fail: 2160 | Throttled-deferred: 3 | Rate: 12/min | ETA 14.5h ---
[2026-08-06 03:56:25] [10295/20440] OK ~nickz/podilato/1985-86/b1986/b1986.html (4,119b) @20200128
[2026-08-06 03:56:47] --- Progress: 10300/20440 (50%) | New: 5454 | Fail: 2163 | Throttled-deferred: 3 | Rate: 12/min | ETA 14.5h ---
[2026-08-06 03:58:50] --- Progress: 10314/20440 (50%) | New: 5463 | Fail: 2168 | Throttled-deferred: 3 | Rate: 12/min | ETA 14.5h ---
[2026-08-06 04:00:17] [10329/20440] OK ~nickz/podilato/tsc82/tsc_bike.jpg (76,256b) @20040602
[2026-08-06 04:01:06] --- Progress: 10333/20440 (50%) | New: 5478 | Fail: 2172 | Throttled-deferred: 3 | Rate: 12/min | ETA 14.5h ---
[2026-08-06 04:03:12] --- Progress: 10350/20440 (50%) | New: 5488 | Fail: 2179 | Throttled-deferred: 3 | Rate: 12/min | ETA 14.5h ---
[2026-08-06 04:05:29] --- Progress: 10366/20440 (50%) | New: 5499 | Fail: 2184 | Throttled-deferred: 3 | Rate: 12/min | ETA 14.5h ---
[2026-08-06 04:05:45] [10368/20440] OK ~nickz/uv/img/RB073814.JPG (4,815b) @20120918
[2026-08-06 04:07:40] --- Progress: 10384/20440 (50%) | New: 5512 | Fail: 2189 | Throttled-deferred: 3 | Rate: 12/min | ETA 14.4h ---
[2026-08-06 04:09:21] --- Progress: 10400/20440 (50%) | New: 5523 | Fail: 2194 | Throttled-deferred: 3 | Rate: 12/min | ETA 14.4h ---
[2026-08-06 04:09:50] [10402/20440] OK ~nickz/uv/Spectra5-tungsten-uvfilter1.jpg (1,696b) @20210518
[2026-08-06 04:11:31] --- Progress: 10416/20440 (50%) | New: 5537 | Fail: 2196 | Throttled-deferred: 3 | Rate: 12/min | ETA 14.4h ---
[2026-08-06 04:14:03] --- Progress: 10432/20440 (51%) | New: 5546 | Fail: 2203 | Throttled-deferred: 3 | Rate: 12/min | ETA 14.4h ---
[2026-08-06 04:14:19] [10437/20440] OK ~noanswer/elo_archives/006.html (16,560b) @20041127
[2026-08-06 04:15:29] --- Progress: 10450/20440 (51%) | New: 5562 | Fail: 2205 | Throttled-deferred: 3 | Rate: 12/min | ETA 14.4h ---
[2026-08-06 04:17:08] [10464/20440] OK ~noir/directors/dmytryk/index.shtml (3,219b) @20191221
[2026-08-06 04:17:32] --- Progress: 10470/20440 (51%) | New: 5580 | Fail: 2207 | Throttled-deferred: 3 | Rate: 12/min | ETA 14.4h ---
[2026-08-06 04:19:36] --- Progress: 10490/20440 (51%) | New: 5596 | Fail: 2211 | Throttled-deferred: 3 | Rate: 12/min | ETA 14.3h ---
[2026-08-06 04:20:50] [10497/20440] OK ~noir/ftitles/clashb/sum1.shtml (1,053b) @20191221
[2026-08-06 04:21:13] --- Progress: 10500/20440 (51%) | New: 5602 | Fail: 2215 | Throttled-deferred: 3 | Rate: 12/min | ETA 14.3h ---
[2026-08-06 04:23:17] --- Progress: 10521/20440 (51%) | New: 5619 | Fail: 2219 | Throttled-deferred: 3 | Rate: 12/min | ETA 14.3h ---
[2026-08-06 04:24:19] [10529/20440] OK ~noir/ftitles/doa/rev.shtml (3,513b) @20020803
[2026-08-06 04:25:18] --- Progress: 10539/20440 (51%) | New: 5634 | Fail: 2222 | Throttled-deferred: 3 | Rate: 12/min | ETA 14.3h ---
[2026-08-06 04:26:42] --- Progress: 10550/20440 (51%) | New: 5641 | Fail: 2226 | Throttled-deferred: 3 | Rate: 12/min | ETA 14.3h ---
[2026-08-06 04:27:45] [10560/20440] OK ~noir/ftitles/killers/killers11t.jpg (4,206b) @20231015
[2026-08-06 04:28:44] --- Progress: 10566/20440 (51%) | New: 5655 | Fail: 2228 | Throttled-deferred: 3 | Rate: 12/min | ETA 14.3h ---
[2026-08-06 04:30:49] --- Progress: 10588/20440 (51%) | New: 5671 | Fail: 2234 | Throttled-deferred: 3 | Rate: 12/min | ETA 14.2h ---
[2026-08-06 04:31:12] [10592/20440] OK ~noir/ftitles/laura/laura09.jpg (62,298b) @20041119
[2026-08-06 04:32:18] --- Progress: 10600/20440 (51%) | New: 5679 | Fail: 2238 | Throttled-deferred: 3 | Rate: 12/min | ETA 14.2h ---
[2026-08-06 04:34:21] --- Progress: 10613/20440 (51%) | New: 5685 | Fail: 2245 | Throttled-deferred: 3 | Rate: 12/min | ETA 14.2h ---
[2026-08-06 04:36:25] --- Progress: 10625/20440 (51%) | New: 5691 | Fail: 2251 | Throttled-deferred: 3 | Rate: 12/min | ETA 14.2h ---
[2026-08-06 04:37:58] [10639/20440] OK ~noir/ftitles/nakedcity/nc07.jpg (24,847b) @20210518
[2026-08-06 04:38:29] --- Progress: 10644/20440 (52%) | New: 5705 | Fail: 2256 | Throttled-deferred: 3 | Rate: 11/min | ETA 14.2h ---
[2026-08-06 04:39:06] --- Progress: 10650/20440 (52%) | New: 5710 | Fail: 2257 | Throttled-deferred: 3 | Rate: 11/min | ETA 14.2h ---
[2026-08-06 04:41:10] --- Progress: 10666/20440 (52%) | New: 5723 | Fail: 2260 | Throttled-deferred: 3 | Rate: 11/min | ETA 14.2h ---
[2026-08-06 04:41:48] [10671/20440] OK ~noir/ftitles/sweet/sweet02t.jpg (4,824b) @20210518
[2026-08-06 04:43:12] --- Progress: 10684/20440 (52%) | New: 5736 | Fail: 2265 | Throttled-deferred: 3 | Rate: 11/min | ETA 14.2h ---
[2026-08-06 04:45:13] --- Progress: 10697/20440 (52%) | New: 5745 | Fail: 2269 | Throttled-deferred: 3 | Rate: 11/min | ETA 14.2h ---
[2026-08-06 04:45:20] --- Progress: 10700/20440 (52%) | New: 5747 | Fail: 2270 | Throttled-deferred: 3 | Rate: 11/min | ETA 14.2h ---
[2026-08-06 04:45:37] [10704/20440] OK ~oakesn/familynews/xmas2001_left.html (5,915b) @20231015
[2026-08-06 04:47:26] --- Progress: 10722/20440 (52%) | New: 5765 | Fail: 2274 | Throttled-deferred: 3 | Rate: 11/min | ETA 14.1h ---
[2026-08-06 04:48:57] [10735/20440] OK ~ogre/about/letters.html (24,803b) @20231015
[2026-08-06 04:49:28] --- Progress: 10742/20440 (52%) | New: 5782 | Fail: 2277 | Throttled-deferred: 3 | Rate: 11/min | ETA 14.1h ---
[2026-08-06 04:50:45] --- Progress: 10750/20440 (52%) | New: 5787 | Fail: 2280 | Throttled-deferred: 3 | Rate: 11/min | ETA 14.1h ---
[2026-08-06 04:52:24] [10765/20440] OK ~ogre/articles/principles/20010101.html (38,970b) @20211028
[2026-08-06 04:52:48] --- Progress: 10772/20440 (52%) | New: 5806 | Fail: 2283 | Throttled-deferred: 3 | Rate: 11/min | ETA 14.1h ---
[2026-08-06 04:54:50] --- Progress: 10786/20440 (52%) | New: 5815 | Fail: 2288 | Throttled-deferred: 3 | Rate: 11/min | ETA 14.1h ---
[2026-08-06 04:56:52] --- Progress: 10799/20440 (52%) | New: 5823 | Fail: 2293 | Throttled-deferred: 3 | Rate: 11/min | ETA 14.1h ---
[2026-08-06 04:56:59] --- Progress: 10800/20440 (52%) | New: 5823 | Fail: 2294 | Throttled-deferred: 3 | Rate: 11/min | ETA 14.0h ---
[2026-08-06 04:57:08] [10802/20440] OK ~ogre/beginner/images/20020329h.gif (1,043b) @20210518
[2026-08-06 04:59:14] --- Progress: 10821/20440 (52%) | New: 5840 | Fail: 2298 | Throttled-deferred: 3 | Rate: 11/min | ETA 14.0h ---
[2026-08-06 05:00:44] [10835/20440] OK ~ogre/canada/links.html (271b) @20231015
[2026-08-06 05:01:16] --- Progress: 10840/20440 (53%) | New: 5854 | Fail: 2303 | Throttled-deferred: 3 | Rate: 11/min | ETA 14.0h ---
[2026-08-06 05:02:24] --- Progress: 10850/20440 (53%) | New: 5861 | Fail: 2306 | Throttled-deferred: 3 | Rate: 11/min | ETA 14.0h ---
[2026-08-06 05:04:33] --- Progress: 10865/20440 (53%) | New: 5873 | Fail: 2309 | Throttled-deferred: 3 | Rate: 11/min | ETA 14.0h ---
[2026-08-06 05:04:38] [10870/20440] OK ~ogre/help/index.html (17,157b) @20191221
[2026-08-06 05:06:38] --- Progress: 10887/20440 (53%) | New: 5887 | Fail: 2317 | Throttled-deferred: 3 | Rate: 11/min | ETA 14.0h ---
[2026-08-06 05:07:59] --- Progress: 10900/20440 (53%) | New: 5896 | Fail: 2321 | Throttled-deferred: 3 | Rate: 11/min | ETA 13.9h ---
[2026-08-06 05:08:32] [10905/20440] OK ~ogre/print/bass/20011103.html (14,576b) @20040109
[2026-08-06 05:10:04] --- Progress: 10918/20440 (53%) | New: 5910 | Fail: 2325 | Throttled-deferred: 3 | Rate: 11/min | ETA 13.9h ---
[2026-08-06 05:12:05] --- Progress: 10936/20440 (53%) | New: 5923 | Fail: 2330 | Throttled-deferred: 3 | Rate: 11/min | ETA 13.9h ---
[2026-08-06 05:12:11] [10938/20440] OK ~omaha/2_months_old.jpg (51,620b) @20210518
[2026-08-06 05:13:22] --- Progress: 10950/20440 (53%) | New: 5933 | Fail: 2334 | Throttled-deferred: 3 | Rate: 11/min | ETA 13.9h ---
[2026-08-06 05:15:29] --- Progress: 10967/20440 (53%) | New: 5946 | Fail: 2338 | Throttled-deferred: 3 | Rate: 11/min | ETA 13.9h ---
[2026-08-06 05:16:17] [10973/20440] OK ~oolon/index.html (7,274b) @20211028
[2026-08-06 05:17:34] --- Progress: 10987/20440 (53%) | New: 5961 | Fail: 2343 | Throttled-deferred: 3 | Rate: 11/min | ETA 13.8h ---
[2026-08-06 05:18:51] --- Progress: 11000/20440 (53%) | New: 5971 | Fail: 2346 | Throttled-deferred: 3 | Rate: 11/min | ETA 13.8h ---
[2026-08-06 05:19:26] [11006/20440] OK ~ouija/rqwelcome.htm (3,604b) @20231015
[2026-08-06 05:21:01] --- Progress: 11015/20440 (53%) | New: 5980 | Fail: 2352 | Throttled-deferred: 3 | Rate: 11/min | ETA 13.8h ---
[2026-08-06 05:23:03] --- Progress: 11031/20440 (53%) | New: 5989 | Fail: 2359 | Throttled-deferred: 3 | Rate: 11/min | ETA 13.8h ---
[2026-08-06 05:24:01] [11042/20440] OK ~p0lez1/beitman/1941_BEITMAN.r04 (855,148b) @20231015
[2026-08-06 05:24:36] --- Progress: 11050/20440 (54%) | New: 6006 | Fail: 2361 | Throttled-deferred: 3 | Rate: 11/min | ETA 13.8h ---
[2026-08-06 05:26:41] --- Progress: 11066/20440 (54%) | New: 6015 | Fail: 2368 | Throttled-deferred: 3 | Rate: 11/min | ETA 13.8h ---
[2026-08-06 05:28:35] [11080/20440] OK ~p0lez1/beitman/1953_BEITMAN.r03 (746,459b) @20020729
[2026-08-06 05:28:44] --- Progress: 11083/20440 (54%) | New: 6027 | Fail: 2373 | Throttled-deferred: 3 | Rate: 11/min | ETA 13.7h ---
[2026-08-06 05:30:47] --- Progress: 11097/20440 (54%) | New: 6038 | Fail: 2376 | Throttled-deferred: 3 | Rate: 11/min | ETA 13.7h ---
[2026-08-06 05:30:55] --- Progress: 11100/20440 (54%) | New: 6039 | Fail: 2378 | Throttled-deferred: 3 | Rate: 11/min | ETA 13.7h ---
[2026-08-06 05:32:49] [11114/20440] OK ~parents/childcare.html (1,809b) @20200128
[2026-08-06 05:32:58] --- Progress: 11116/20440 (54%) | New: 6052 | Fail: 2381 | Throttled-deferred: 3 | Rate: 11/min | ETA 13.7h ---
[2026-08-06 05:34:59] --- Progress: 11130/20440 (54%) | New: 6062 | Fail: 2385 | Throttled-deferred: 3 | Rate: 11/min | ETA 13.7h ---
[2026-08-06 05:37:25] --- Progress: 11147/20440 (54%) | New: 6069 | Fail: 2395 | Throttled-deferred: 3 | Rate: 11/min | ETA 13.7h ---
[2026-08-06 05:37:39] --- Progress: 11150/20440 (54%) | New: 6071 | Fail: 2396 | Throttled-deferred: 3 | Rate: 11/min | ETA 13.7h ---
[2026-08-06 05:38:42] [11157/20440] OK ~pbender/bball/ft/ft.html (771b) @20210518
[2026-08-06 05:39:39] --- Progress: 11161/20440 (54%) | New: 6076 | Fail: 2402 | Throttled-deferred: 3 | Rate: 11/min | ETA 13.7h ---
[2026-08-06 05:41:46] --- Progress: 11177/20440 (54%) | New: 6083 | Fail: 2411 | Throttled-deferred: 3 | Rate: 11/min | ETA 13.7h ---
[2026-08-06 05:43:48] --- Progress: 11192/20440 (54%) | New: 6092 | Fail: 2417 | Throttled-deferred: 3 | Rate: 11/min | ETA 13.7h ---
[2026-08-06 05:44:37] --- Progress: 11200/20440 (54%) | New: 6097 | Fail: 2420 | Throttled-deferred: 3 | Rate: 11/min | ETA 13.6h ---
[2026-08-06 05:44:50] [11204/20440] OK ~pbender/misc/awards96.txt (8,853b) @20230712
[2026-08-06 05:46:39] --- Progress: 11222/20440 (54%) | New: 6115 | Fail: 2424 | Throttled-deferred: 3 | Rate: 11/min | ETA 13.6h ---
[2026-08-06 05:47:47] [11232/20440] OK ~pbender/misc/salaries96.txt (25,945b) @20200128
[2026-08-06 05:48:48] --- Progress: 11239/20440 (54%) | New: 6132 | Fail: 2424 | Throttled-deferred: 3 | Rate: 11/min | ETA 13.6h ---
[2026-08-06 05:50:20] --- Progress: 11250/20440 (55%) | New: 6140 | Fail: 2427 | Throttled-deferred: 3 | Rate: 11/min | ETA 13.6h ---
[2026-08-06 05:52:35] --- Progress: 11268/20440 (55%) | New: 6149 | Fail: 2436 | Throttled-deferred: 3 | Rate: 11/min | ETA 13.6h ---
[2026-08-06 05:52:39] [11270/20440] OK ~pbender/nba-daily/draft00.txt (5,713b) @20210518
[2026-08-06 05:54:44] --- Progress: 11291/20440 (55%) | New: 6167 | Fail: 2441 | Throttled-deferred: 3 | Rate: 11/min | ETA 13.5h ---
[2026-08-06 05:55:51] --- Progress: 11300/20440 (55%) | New: 6173 | Fail: 2444 | Throttled-deferred: 3 | Rate: 11/min | ETA 13.5h ---
[2026-08-06 05:55:59] [11302/20440] OK ~pbender/nba-daily/final/playoff-final08-09.txt (1,453b) @20231015
[2026-08-06 05:57:55] --- Progress: 11320/20440 (55%) | New: 6190 | Fail: 2447 | Throttled-deferred: 3 | Rate: 11/min | ETA 13.5h ---
[2026-08-06 05:58:42] [11331/20440] OK ~pbender/nba-daily/final/pre-stand97-98.txt (12,720b) @20230712
[2026-08-06 05:59:58] --- Progress: 11342/20440 (55%) | New: 6211 | Fail: 2448 | Throttled-deferred: 3 | Rate: 11/min | ETA 13.5h ---
[2026-08-06 06:00:38] --- Progress: 11350/20440 (55%) | New: 6217 | Fail: 2450 | Throttled-deferred: 3 | Rate: 11/min | ETA 13.5h ---
[2026-08-06 06:01:23] [11359/20440] OK ~pbender/nba-daily/final/stand-final97-98.txt (12,777b) @20231015
[2026-08-06 06:02:40] --- Progress: 11368/20440 (55%) | New: 6233 | Fail: 2452 | Throttled-deferred: 3 | Rate: 11/min | ETA 13.4h ---
[2026-08-06 06:04:35] [11388/20440] OK ~pbender/pictures/california/bodega.gif (95,900b) @20210518
[2026-08-06 06:04:43] --- Progress: 11389/20440 (55%) | New: 6251 | Fail: 2455 | Throttled-deferred: 3 | Rate: 11/min | ETA 13.4h ---
[2026-08-06 06:05:46] --- Progress: 11400/20440 (55%) | New: 6261 | Fail: 2456 | Throttled-deferred: 3 | Rate: 11/min | ETA 13.4h ---
[2026-08-06 06:07:08] [11415/20440] OK ~pbender/pictures/europe/glacier.html (791b) @20231015
[2026-08-06 06:07:54] --- Progress: 11421/20440 (55%) | New: 6281 | Fail: 2457 | Throttled-deferred: 3 | Rate: 11/min | ETA 13.4h ---
[2026-08-06 06:09:58] --- Progress: 11440/20440 (55%) | New: 6295 | Fail: 2462 | Throttled-deferred: 3 | Rate: 11/min | ETA 13.3h ---
[2026-08-06 06:10:44] [11447/20440] OK ~pbender/pictures/montana/swift.html (796b) @20220428
[2026-08-06 06:11:00] --- Progress: 11450/20440 (56%) | New: 6303 | Fail: 2464 | Throttled-deferred: 3 | Rate: 11/min | ETA 13.3h ---
[2026-08-06 06:13:03] --- Progress: 11469/20440 (56%) | New: 6319 | Fail: 2467 | Throttled-deferred: 3 | Rate: 11/min | ETA 13.3h ---
[2026-08-06 06:14:04] [11477/20440] OK ~pbender/pictures/utah/observation.html (724b) @20050522
[2026-08-06 06:15:13] --- Progress: 11488/20440 (56%) | New: 6334 | Fail: 2471 | Throttled-deferred: 3 | Rate: 11/min | ETA 13.3h ---
[2026-08-06 06:16:01] --- Progress: 11500/20440 (56%) | New: 6345 | Fail: 2472 | Throttled-deferred: 3 | Rate: 11/min | ETA 13.3h ---
[2026-08-06 06:16:23] [11505/20440] OK ~pbender/playoffs/playoffs.html (1,226b) @20030221
[2026-08-06 06:18:02] --- Progress: 11516/20440 (56%) | New: 6356 | Fail: 2477 | Throttled-deferred: 3 | Rate: 11/min | ETA 13.2h ---
[2026-08-06 06:20:06] --- Progress: 11536/20440 (56%) | New: 6373 | Fail: 2480 | Throttled-deferred: 3 | Rate: 11/min | ETA 13.2h ---
[2026-08-06 06:20:14] [11538/20440] OK ~pc22/CC/Bboard/Messages/1525.html (2,758b) @20020318
[2026-08-06 06:21:31] --- Progress: 11550/20440 (56%) | New: 6385 | Fail: 2482 | Throttled-deferred: 3 | Rate: 11/min | ETA 13.2h ---
[2026-08-06 06:23:33] --- Progress: 11562/20440 (56%) | New: 6390 | Fail: 2489 | Throttled-deferred: 3 | Rate: 11/min | ETA 13.2h ---
[2026-08-06 06:24:36] [11573/20440] OK ~pc22/Pinehaven/index.html (1,658b) @20020603
[2026-08-06 06:25:36] --- Progress: 11581/20440 (56%) | New: 6406 | Fail: 2492 | Throttled-deferred: 3 | Rate: 11/min | ETA 13.2h ---
[2026-08-06 06:27:46] --- Progress: 11599/20440 (56%) | New: 6420 | Fail: 2496 | Throttled-deferred: 3 | Rate: 11/min | ETA 13.2h ---
[2026-08-06 06:27:46] --- Progress: 11600/20440 (56%) | New: 6420 | Fail: 2497 | Throttled-deferred: 3 | Rate: 11/min | ETA 13.1h ---
[2026-08-06 06:28:48] [11607/20440] OK ~physmith/Antiqblx/index.html (5,234b) @20231015
[2026-08-06 06:29:50] --- Progress: 11620/20440 (56%) | New: 6436 | Fail: 2501 | Throttled-deferred: 3 | Rate: 11/min | ETA 13.1h ---
[2026-08-06 06:31:58] --- Progress: 11635/20440 (56%) | New: 6446 | Fail: 2506 | Throttled-deferred: 3 | Rate: 11/min | ETA 13.1h ---
[2026-08-06 06:32:23] [11640/20440] OK ~physmith/apple.GIF (821b) @20190804
[2026-08-06 06:33:46] --- Progress: 11650/20440 (56%) | New: 6456 | Fail: 2511 | Throttled-deferred: 3 | Rate: 11/min | ETA 13.1h ---
[2026-08-06 06:35:48] --- Progress: 11662/20440 (57%) | New: 6460 | Fail: 2519 | Throttled-deferred: 3 | Rate: 11/min | ETA 13.1h ---
[2026-08-06 06:37:56] --- Progress: 11677/20440 (57%) | New: 6467 | Fail: 2527 | Throttled-deferred: 3 | Rate: 11/min | ETA 13.1h ---
[2026-08-06 06:39:02] [11688/20440] OK ~physmith/Elegant/elegant.html (4,592b) @20190804
[2026-08-06 06:40:05] --- Progress: 11695/20440 (57%) | New: 6480 | Fail: 2532 | Throttled-deferred: 3 | Rate: 11/min | ETA 13.1h ---
[2026-08-06 06:40:21] --- Progress: 11700/20440 (57%) | New: 6483 | Fail: 2534 | Throttled-deferred: 3 | Rate: 11/min | ETA 13.0h ---
[2026-08-06 06:42:28] --- Progress: 11718/20440 (57%) | New: 6496 | Fail: 2539 | Throttled-deferred: 3 | Rate: 11/min | ETA 13.0h ---
[2026-08-06 06:43:13] [11725/20440] OK ~physmith/NW_WA.links.html (4,104b) @20231015
[2026-08-06 06:44:30] --- Progress: 11738/20440 (57%) | New: 6510 | Fail: 2545 | Throttled-deferred: 3 | Rate: 11/min | ETA 13.0h ---
[2026-08-06 06:46:09] --- Progress: 11750/20440 (57%) | New: 6520 | Fail: 2547 | Throttled-deferred: 3 | Rate: 11/min | ETA 13.0h ---
[2026-08-06 06:46:33] [11757/20440] OK ~physmith/pnksquig.gif (10,598b) @20041023
[2026-08-06 06:48:19] --- Progress: 11768/20440 (57%) | New: 6535 | Fail: 2550 | Throttled-deferred: 3 | Rate: 11/min | ETA 13.0h ---
[2026-08-06 06:50:21] --- Progress: 11790/20440 (57%) | New: 6549 | Fail: 2558 | Throttled-deferred: 3 | Rate: 11/min | ETA 12.9h ---
[2026-08-06 06:50:38] [11791/20440] OK ~physmith/Tame_Bk.html (1,474b) @20010831
[2026-08-06 06:51:27] --- Progress: 11800/20440 (57%) | New: 6555 | Fail: 2562 | Throttled-deferred: 3 | Rate: 11/min | ETA 12.9h ---
[2026-08-06 06:53:29] --- Progress: 11816/20440 (57%) | New: 6567 | Fail: 2566 | Throttled-deferred: 3 | Rate: 11/min | ETA 12.9h ---
[2026-08-06 06:54:36] [11827/20440] OK ~praxis/Loadlin+Win95-98-ME-Italian.html (3,395b) @20011117
[2026-08-06 06:55:30] --- Progress: 11833/20440 (57%) | New: 6580 | Fail: 2570 | Throttled-deferred: 3 | Rate: 11/min | ETA 12.9h ---
[2026-08-06 06:57:36] --- Progress: 11847/20440 (57%) | New: 6587 | Fail: 2577 | Throttled-deferred: 3 | Rate: 11/min | ETA 12.9h ---
[2026-08-06 06:57:44] --- Progress: 11850/20440 (57%) | New: 6587 | Fail: 2580 | Throttled-deferred: 3 | Rate: 11/min | ETA 12.9h ---
[2026-08-06 06:59:54] --- Progress: 11863/20440 (58%) | New: 6592 | Fail: 2588 | Throttled-deferred: 3 | Rate: 11/min | ETA 12.9h ---
[2026-08-06 07:01:32] [11878/20440] OK ~pristine/dlm.html (13,332b) @20050109
[2026-08-06 07:01:58] --- Progress: 11883/20440 (58%) | New: 6602 | Fail: 2598 | Throttled-deferred: 3 | Rate: 11/min | ETA 12.8h ---
[2026-08-06 07:04:04] --- Progress: 11898/20440 (58%) | New: 6608 | Fail: 2607 | Throttled-deferred: 3 | Rate: 11/min | ETA 12.8h ---
[2026-08-06 07:04:27] --- Progress: 11900/20440 (58%) | New: 6608 | Fail: 2609 | Throttled-deferred: 3 | Rate: 11/min | ETA 12.8h ---
[2026-08-06 07:06:29] --- Progress: 11917/20440 (58%) | New: 6619 | Fail: 2615 | Throttled-deferred: 3 | Rate: 11/min | ETA 12.8h ---
[2026-08-06 07:07:20] [11924/20440] OK ~pristine/images/arashi.gif (309b) @20210518
[2026-08-06 07:08:38] --- Progress: 11937/20440 (58%) | New: 6634 | Fail: 2620 | Throttled-deferred: 3 | Rate: 11/min | ETA 12.8h ---
[2026-08-06 07:09:54] --- Progress: 11950/20440 (58%) | New: 6645 | Fail: 2622 | Throttled-deferred: 3 | Rate: 11/min | ETA 12.8h ---
[2026-08-06 07:10:07] [11955/20440] OK ~pristine/images/bookit.gif (1,656b) @20041121
[2026-08-06 07:11:58] --- Progress: 11971/20440 (58%) | New: 6665 | Fail: 2623 | Throttled-deferred: 3 | Rate: 11/min | ETA 12.7h ---
[2026-08-06 07:13:31] [11985/20440] OK ~pristine/images/coreldraw.gif (376b) @20210518
[2026-08-06 07:14:07] --- Progress: 11989/20440 (58%) | New: 6678 | Fail: 2628 | Throttled-deferred: 3 | Rate: 11/min | ETA 12.7h ---
[2026-08-06 07:15:04] --- Progress: 12000/20440 (58%) | New: 6687 | Fail: 2630 | Throttled-deferred: 3 | Rate: 11/min | ETA 12.7h ---
[2026-08-06 07:16:13] [12015/20440] OK ~pristine/images/emailverifier.gif (1,550b) @20050112
[2026-08-06 07:17:07] --- Progress: 12023/20440 (58%) | New: 6707 | Fail: 2633 | Throttled-deferred: 3 | Rate: 11/min | ETA 12.7h ---
[2026-08-06 07:19:01] [12046/20440] OK ~pristine/images/freddifish2.gif (438b) @20041119
[2026-08-06 07:19:07] --- Progress: 12047/20440 (58%) | New: 6726 | Fail: 2638 | Throttled-deferred: 3 | Rate: 11/min | ETA 12.6h ---
[2026-08-06 07:19:23] --- Progress: 12050/20440 (58%) | New: 6729 | Fail: 2638 | Throttled-deferred: 3 | Rate: 11/min | ETA 12.6h ---
[2026-08-06 07:21:27] --- Progress: 12073/20440 (59%) | New: 6748 | Fail: 2642 | Throttled-deferred: 3 | Rate: 11/min | ETA 12.6h ---
[2026-08-06 07:21:29] [12075/20440] OK ~pristine/images/grapple.gif (267b) @20040717
[2026-08-06 07:23:28] --- Progress: 12094/20440 (59%) | New: 6766 | Fail: 2645 | Throttled-deferred: 3 | Rate: 11/min | ETA 12.5h ---
[2026-08-06 07:23:53] --- Progress: 12100/20440 (59%) | New: 6772 | Fail: 2645 | Throttled-deferred: 3 | Rate: 11/min | ETA 12.5h ---
[2026-08-06 07:24:24] [12103/20440] OK ~pristine/images/imovie.gif (426b) @20211028
[2026-08-06 07:25:57] --- Progress: 12121/20440 (59%) | New: 6791 | Fail: 2647 | Throttled-deferred: 3 | Rate: 11/min | ETA 12.5h ---
[2026-08-06 07:27:22] [12133/20440] OK ~pristine/images/letterworld.gif (232b) @20041119
[2026-08-06 07:28:07] --- Progress: 12138/20440 (59%) | New: 6803 | Fail: 2652 | Throttled-deferred: 3 | Rate: 11/min | ETA 12.5h ---
[2026-08-06 07:29:08] --- Progress: 12150/20440 (59%) | New: 6813 | Fail: 2654 | Throttled-deferred: 3 | Rate: 11/min | ETA 12.5h ---
[2026-08-06 07:30:57] [12166/20440] OK ~pristine/images/meshwork.gif (235b) @20220428
[2026-08-06 07:31:11] --- Progress: 12167/20440 (59%) | New: 6826 | Fail: 2658 | Throttled-deferred: 3 | Rate: 11/min | ETA 12.4h ---
[2026-08-06 07:33:13] --- Progress: 12184/20440 (59%) | New: 6836 | Fail: 2665 | Throttled-deferred: 3 | Rate: 11/min | ETA 12.4h ---
[2026-08-06 07:34:40] --- Progress: 12200/20440 (59%) | New: 6849 | Fail: 2668 | Throttled-deferred: 3 | Rate: 11/min | ETA 12.4h ---
[2026-08-06 07:34:40] [12201/20440] OK ~pristine/images/mute.gif (1,143b) @20050530
[2026-08-06 07:36:42] --- Progress: 12216/20440 (59%) | New: 6863 | Fail: 2670 | Throttled-deferred: 3 | Rate: 11/min | ETA 12.4h ---
[2026-08-06 07:38:07] [12233/20440] OK ~pristine/images/paperport.gif (271b) @20030427
[2026-08-06 07:38:51] --- Progress: 12237/20440 (59%) | New: 6879 | Fail: 2675 | Throttled-deferred: 3 | Rate: 11/min | ETA 12.4h ---
[2026-08-06 07:40:13] --- Progress: 12250/20440 (59%) | New: 6888 | Fail: 2679 | Throttled-deferred: 3 | Rate: 11/min | ETA 12.3h ---
[2026-08-06 07:42:12] [12268/20440] OK ~pristine/images/qpict.gif (1,357b) @20220428
[2026-08-06 07:42:13] --- Progress: 12270/20440 (60%) | New: 6902 | Fail: 2685 | Throttled-deferred: 3 | Rate: 11/min | ETA 12.3h ---
[2026-08-06 07:44:15] --- Progress: 12288/20440 (60%) | New: 6918 | Fail: 2687 | Throttled-deferred: 3 | Rate: 11/min | ETA 12.3h ---
[2026-08-06 07:44:39] [12296/20440] OK ~pristine/images/simpleimage.gif (1,519b) @20231015
[2026-08-06 07:45:17] --- Progress: 12300/20440 (60%) | New: 6929 | Fail: 2688 | Throttled-deferred: 3 | Rate: 11/min | ETA 12.3h ---
[2026-08-06 07:47:18] --- Progress: 12318/20440 (60%) | New: 6943 | Fail: 2692 | Throttled-deferred: 3 | Rate: 11/min | ETA 12.2h ---
[2026-08-06 07:47:42] [12326/20440] OK ~pristine/images/sys753.gif (248b) @20231015
[2026-08-06 07:49:21] --- Progress: 12336/20440 (60%) | New: 6955 | Fail: 2698 | Throttled-deferred: 3 | Rate: 11/min | ETA 12.2h ---
[2026-08-06 07:51:00] --- Progress: 12350/20440 (60%) | New: 6963 | Fail: 2704 | Throttled-deferred: 3 | Rate: 11/min | ETA 12.2h ---
[2026-08-06 07:53:04] --- Progress: 12366/20440 (60%) | New: 6973 | Fail: 2710 | Throttled-deferred: 3 | Rate: 11/min | ETA 12.2h ---
[2026-08-06 07:53:26] [12368/20440] OK ~pristine/images/virtdrum.gif (398b) @20200128
[2026-08-06 07:55:06] --- Progress: 12384/20440 (60%) | New: 6987 | Fail: 2714 | Throttled-deferred: 3 | Rate: 11/min | ETA 12.2h ---
[2026-08-06 07:57:08] --- Progress: 12400/20440 (60%) | New: 6999 | Fail: 2718 | Throttled-deferred: 3 | Rate: 11/min | ETA 12.2h ---
[2026-08-06 07:57:16] [12401/20440] OK ~pristine/irclem.html (27,783b) @20210518
[2026-08-06 07:59:13] --- Progress: 12413/20440 (60%) | New: 7003 | Fail: 2727 | Throttled-deferred: 3 | Rate: 11/min | ETA 12.1h ---
[2026-08-06 08:01:22] --- Progress: 12427/20440 (60%) | New: 7006 | Fail: 2738 | Throttled-deferred: 3 | Rate: 11/min | ETA 12.1h ---
[2026-08-06 08:03:35] --- Progress: 12441/20440 (60%) | New: 7010 | Fail: 2748 | Throttled-deferred: 3 | Rate: 11/min | ETA 12.1h ---
[2026-08-06 08:05:26] --- Progress: 12450/20440 (60%) | New: 7015 | Fail: 2752 | Throttled-deferred: 3 | Rate: 11/min | ETA 12.1h ---
[2026-08-06 08:07:44] --- Progress: 12465/20440 (60%) | New: 7018 | Fail: 2764 | Throttled-deferred: 3 | Rate: 11/min | ETA 12.1h ---
[2026-08-06 08:10:02] --- Progress: 12477/20440 (61%) | New: 7018 | Fail: 2776 | Throttled-deferred: 3 | Rate: 11/min | ETA 12.1h ---
[2026-08-06 08:11:27] [12490/20440] OK ~q256/FootBall/FFL2003/lookatme.html (1,535b) @20021215
[2026-08-06 08:12:05] --- Progress: 12493/20440 (61%) | New: 7027 | Fail: 2783 | Throttled-deferred: 3 | Rate: 11/min | ETA 12.1h ---
[2026-08-06 08:13:06] --- Progress: 12500/20440 (61%) | New: 7032 | Fail: 2785 | Throttled-deferred: 3 | Rate: 11/min | ETA 12.1h ---
[2026-08-06 08:14:39] [12520/20440] OK ~ralphj/blueegg.html (2,083b) @20231015
[2026-08-06 08:15:25] --- Progress: 12523/20440 (61%) | New: 7051 | Fail: 2789 | Throttled-deferred: 3 | Rate: 11/min | ETA 12.0h ---
[2026-08-06 08:17:27] --- Progress: 12540/20440 (61%) | New: 7062 | Fail: 2795 | Throttled-deferred: 3 | Rate: 11/min | ETA 12.0h ---
[2026-08-06 08:18:59] --- Progress: 12550/20440 (61%) | New: 7067 | Fail: 2800 | Throttled-deferred: 3 | Rate: 11/min | ETA 12.0h ---
[2026-08-06 08:19:46] [12559/20440] OK ~ralphj/germanart.html (2,470b) @20040116
[2026-08-06 08:21:32] --- Progress: 12569/20440 (61%) | New: 7083 | Fail: 2803 | Throttled-deferred: 3 | Rate: 11/min | ETA 12.0h ---
[2026-08-06 08:23:46] --- Progress: 12586/20440 (61%) | New: 7095 | Fail: 2808 | Throttled-deferred: 3 | Rate: 11/min | ETA 12.0h ---
[2026-08-06 08:24:37] [12595/20440] OK ~ralphj/maincabinet.html (7,756b) @20210518
[2026-08-06 08:25:14] --- Progress: 12600/20440 (61%) | New: 7102 | Fail: 2815 | Throttled-deferred: 3 | Rate: 11/min | ETA 12.0h ---
[2026-08-06 08:27:18] --- Progress: 12617/20440 (61%) | New: 7114 | Fail: 2820 | Throttled-deferred: 3 | Rate: 11/min | ETA 11.9h ---
[2026-08-06 08:29:13] [12633/20440] OK ~ralphj/warrior.jpg (40,638b) @20050209
[2026-08-06 08:29:42] --- Progress: 12634/20440 (61%) | New: 7125 | Fail: 2826 | Throttled-deferred: 3 | Rate: 11/min | ETA 11.9h ---
[2026-08-06 08:31:08] --- Progress: 12650/20440 (61%) | New: 7137 | Fail: 2830 | Throttled-deferred: 3 | Rate: 11/min | ETA 11.9h ---
[2026-08-06 08:32:33] [12664/20440] OK ~ralphj/xml-40.jpg (54,239b) @20231015
[2026-08-06 08:33:10] --- Progress: 12668/20440 (61%) | New: 7151 | Fail: 2834 | Throttled-deferred: 3 | Rate: 11/min | ETA 11.9h ---
[2026-08-06 08:35:14] --- Progress: 12685/20440 (62%) | New: 7162 | Fail: 2840 | Throttled-deferred: 3 | Rate: 11/min | ETA 11.8h ---
[2026-08-06 08:36:49] --- Progress: 12700/20440 (62%) | New: 7174 | Fail: 2843 | Throttled-deferred: 3 | Rate: 11/min | ETA 11.8h ---
[2026-08-06 08:36:52] [12701/20440] OK ~ralphj/xn5b.jpg (33,764b) @20190804
[2026-08-06 08:38:59] --- Progress: 12716/20440 (62%) | New: 7188 | Fail: 2845 | Throttled-deferred: 3 | Rate: 11/min | ETA 11.8h ---
[2026-08-06 08:41:01] --- Progress: 12732/20440 (62%) | New: 7196 | Fail: 2853 | Throttled-deferred: 3 | Rate: 11/min | ETA 11.8h ---
[2026-08-06 08:41:09] [12736/20440] OK ~rarnold/arnold_named_as_consultant.htm (8,444b) @20031208
[2026-08-06 08:43:05] --- Progress: 12748/20440 (62%) | New: 7208 | Fail: 2857 | Throttled-deferred: 3 | Rate: 11/min | ETA 11.8h ---
[2026-08-06 08:43:13] --- Progress: 12750/20440 (62%) | New: 7210 | Fail: 2857 | Throttled-deferred: 3 | Rate: 11/min | ETA 11.8h ---
[2026-08-06 08:45:16] [12771/20440] OK ~rarnold/CDFEPetaComplaint.pdf (70,011b) @20061104
[2026-08-06 08:45:16] --- Progress: 12771/20440 (62%) | New: 7225 | Fail: 2863 | Throttled-deferred: 3 | Rate: 11/min | ETA 11.7h ---
[2026-08-06 08:47:26] --- Progress: 12787/20440 (62%) | New: 7238 | Fail: 2866 | Throttled-deferred: 3 | Rate: 11/min | ETA 11.7h ---
[2026-08-06 08:48:29] --- Progress: 12800/20440 (62%) | New: 7248 | Fail: 2869 | Throttled-deferred: 3 | Rate: 11/min | ETA 11.7h ---
[2026-08-06 08:48:55] [12802/20440] OK ~rarnold/cover.gif (2,687b) @20200128
[2026-08-06 08:50:35] --- Progress: 12813/20440 (62%) | New: 7256 | Fail: 2874 | Throttled-deferred: 3 | Rate: 11/min | ETA 11.7h ---
[2026-08-06 08:52:56] --- Progress: 12832/20440 (62%) | New: 7270 | Fail: 2879 | Throttled-deferred: 3 | Rate: 11/min | ETA 11.7h ---
[2026-08-06 08:54:05] [12841/20440] OK ~rarnold/elf.htm (19,318b) @20200128
[2026-08-06 08:54:58] --- Progress: 12846/20440 (62%) | New: 7276 | Fail: 2887 | Throttled-deferred: 3 | Rate: 11/min | ETA 11.6h ---
[2026-08-06 08:55:21] --- Progress: 12850/20440 (62%) | New: 7278 | Fail: 2889 | Throttled-deferred: 3 | Rate: 11/min | ETA 11.6h ---
[2026-08-06 08:57:32] --- Progress: 12865/20440 (62%) | New: 7290 | Fail: 2892 | Throttled-deferred: 3 | Rate: 11/min | ETA 11.6h ---
[2026-08-06 08:59:35] --- Progress: 12879/20440 (63%) | New: 7298 | Fail: 2898 | Throttled-deferred: 3 | Rate: 11/min | ETA 11.6h ---
[2026-08-06 08:59:43] [12881/20440] OK ~rarnold/gasmart_04.htm (5,654b) @20211028
[2026-08-06 09:01:41] --- Progress: 12899/20440 (63%) | New: 7315 | Fail: 2901 | Throttled-deferred: 4 | Rate: 11/min | ETA 11.6h ---
[2026-08-06 09:01:48] --- Progress: 12900/20440 (63%) | New: 7316 | Fail: 2901 | Throttled-deferred: 4 | Rate: 11/min | ETA 11.6h ---
[2026-08-06 09:02:50] [12909/20440] OK ~rarnold/Helen03.png (61,294b) @20190804
[2026-08-06 09:03:52] --- Progress: 12916/20440 (63%) | New: 7331 | Fail: 2902 | Throttled-deferred: 4 | Rate: 11/min | ETA 11.6h ---
[2026-08-06 09:05:40] [12937/20440] OK ~rarnold/London_telegraph.htm (20,306b) @20041120
[2026-08-06 09:05:57] --- Progress: 12939/20440 (63%) | New: 7352 | Fail: 2904 | Throttled-deferred: 4 | Rate: 11/min | ETA 11.5h ---
[2026-08-06 09:06:38] --- Progress: 12950/20440 (63%) | New: 7362 | Fail: 2905 | Throttled-deferred: 4 | Rate: 11/min | ETA 11.5h ---
[2026-08-06 09:07:52] [12963/20440] OK ~rarnold/NickNichols.jpg (35,309b) @20231015
[2026-08-06 09:08:43] --- Progress: 12973/20440 (63%) | New: 7385 | Fail: 2905 | Throttled-deferred: 4 | Rate: 11/min | ETA 11.5h ---
[2026-08-06 09:10:32] [12988/20440] OK ~rarnold/petagrantsnews.htm (4,092b) @20061104
[2026-08-06 09:10:49] --- Progress: 12989/20440 (63%) | New: 7401 | Fail: 2905 | Throttled-deferred: 4 | Rate: 11/min | ETA 11.5h ---
[2026-08-06 09:11:54] --- Progress: 13000/20440 (63%) | New: 7410 | Fail: 2907 | Throttled-deferred: 4 | Rate: 11/min | ETA 11.4h ---
[2026-08-06 09:13:57] --- Progress: 13013/20440 (63%) | New: 7421 | Fail: 2909 | Throttled-deferred: 4 | Rate: 11/min | ETA 11.4h ---
[2026-08-06 09:14:29] [13018/20440] OK ~rarnold/regulation.htm (14,185b) @20210518
[2026-08-06 09:16:02] --- Progress: 13030/20440 (63%) | New: 7435 | Fail: 2912 | Throttled-deferred: 4 | Rate: 11/min | ETA 11.4h ---
[2026-08-06 09:18:04] [13046/20440] OK ~rarnold/Slide1702.jpg (19,228b) @20211028
[2026-08-06 09:18:04] --- Progress: 13046/20440 (63%) | New: 7450 | Fail: 2913 | Throttled-deferred: 4 | Rate: 11/min | ETA 11.4h ---
[2026-08-06 09:18:22] --- Progress: 13050/20440 (63%) | New: 7454 | Fail: 2913 | Throttled-deferred: 4 | Rate: 11/min | ETA 11.4h ---
[2026-08-06 09:20:30] --- Progress: 13069/20440 (63%) | New: 7472 | Fail: 2914 | Throttled-deferred: 4 | Rate: 11/min | ETA 11.4h ---
[2026-08-06 09:20:51] [13073/20440] OK ~rarnold/torch_usfs.htm (7,341b) @20050226
[2026-08-06 09:22:31] --- Progress: 13088/20440 (64%) | New: 7489 | Fail: 2916 | Throttled-deferred: 4 | Rate: 11/min | ETA 11.3h ---
[2026-08-06 09:24:21] --- Progress: 13100/20440 (64%) | New: 7498 | Fail: 2919 | Throttled-deferred: 4 | Rate: 11/min | ETA 11.3h ---
[2026-08-06 09:24:41] [13103/20440] OK ~rayburn/woodsman/1hsls.jpg (12,831b) @20041125
[2026-08-06 09:26:29] --- Progress: 13120/20440 (64%) | New: 7516 | Fail: 2921 | Throttled-deferred: 7 | Rate: 11/min | ETA 11.3h ---
[2026-08-06 09:27:06] [13129/20440] OK ~rayburn/woodsman/2spt.html (274b) @20020724
[2026-08-06 09:28:40] --- Progress: 13147/20440 (64%) | New: 7543 | Fail: 2921 | Throttled-deferred: 7 | Rate: 11/min | ETA 11.2h ---
[2026-08-06 09:28:54] --- Progress: 13150/20440 (64%) | New: 7546 | Fail: 2921 | Throttled-deferred: 7 | Rate: 11/min | ETA 11.2h ---
[2026-08-06 09:29:11] [13154/20440] OK ~rayburn/woodsman/biblio.html (3,579b) @20050924
[2026-08-06 09:30:59] --- Progress: 13176/20440 (64%) | New: 7572 | Fail: 2921 | Throttled-deferred: 7 | Rate: 11/min | ETA 11.2h ---
[2026-08-06 09:31:12] [13179/20440] OK ~rayburn/woodsman/display/displaycase4b.html (1,921b) @20020321
[2026-08-06 09:32:56] --- Progress: 13200/20440 (64%) | New: 7596 | Fail: 2921 | Throttled-deferred: 7 | Rate: 11/min | ETA 11.2h ---
[2026-08-06 09:33:06] [13204/20440] OK ~rayburn/woodsman/forsale.html (10,034b) @20020114
[2026-08-06 09:34:59] --- Progress: 13225/20440 (64%) | New: 7620 | Fail: 2922 | Throttled-deferred: 7 | Rate: 11/min | ETA 11.1h ---
[2026-08-06 09:35:26] [13230/20440] OK ~rcgusa/bootl.html (1,091b) @20231015
[2026-08-06 09:37:06] --- Progress: 13248/20440 (64%) | New: 7643 | Fail: 2922 | Throttled-deferred: 7 | Rate: 11/min | ETA 11.1h ---
[2026-08-06 09:37:21] --- Progress: 13250/20440 (64%) | New: 7645 | Fail: 2922 | Throttled-deferred: 7 | Rate: 11/min | ETA 11.1h ---
[2026-08-06 09:38:11] [13255/20440] OK ~rcgusa/gif/thinbar.gif (1,066b) @20191221
[2026-08-06 09:39:36] --- Progress: 13268/20440 (64%) | New: 7661 | Fail: 2924 | Throttled-deferred: 7 | Rate: 11/min | ETA 11.1h ---
[2026-08-06 09:41:08] [13282/20440] OK ~recall/bleed/0115.htm (37,196b) @20231015
[2026-08-06 09:41:41] --- Progress: 13287/20440 (65%) | New: 7679 | Fail: 2925 | Throttled-deferred: 7 | Rate: 11/min | ETA 11.0h ---
[2026-08-06 09:43:02] --- Progress: 13300/20440 (65%) | New: 7690 | Fail: 2927 | Throttled-deferred: 7 | Rate: 11/min | ETA 11.0h ---
[2026-08-06 09:43:56] [13310/20440] OK ~recall/bleed/0201.htm (32,216b) @20200128
[2026-08-06 09:45:08] --- Progress: 13318/20440 (65%) | New: 7707 | Fail: 2928 | Throttled-deferred: 7 | Rate: 11/min | ETA 11.0h ---
[2026-08-06 09:47:17] --- Progress: 13336/20440 (65%) | New: 7724 | Fail: 2929 | Throttled-deferred: 7 | Rate: 11/min | ETA 11.0h ---
[2026-08-06 09:47:25] [13337/20440] OK ~recall/bleed/0307.htm (28,685b) @20231015
[2026-08-06 09:49:00] --- Progress: 13350/20440 (65%) | New: 7733 | Fail: 2934 | Throttled-deferred: 7 | Rate: 11/min | ETA 10.9h ---
[2026-08-06 09:50:57] [13368/20440] OK ~recall/bleed/0404.htm (28,139b) @20021119
[2026-08-06 09:51:06] --- Progress: 13369/20440 (65%) | New: 7751 | Fail: 2935 | Throttled-deferred: 7 | Rate: 11/min | ETA 10.9h ---
[2026-08-06 09:53:09] --- Progress: 13385/20440 (65%) | New: 7765 | Fail: 2937 | Throttled-deferred: 7 | Rate: 11/min | ETA 10.9h ---
[2026-08-06 09:54:03] [13396/20440] OK ~recall/bleed/0510.htm (39,849b) @20231015
[2026-08-06 09:54:22] --- Progress: 13400/20440 (65%) | New: 7779 | Fail: 2938 | Throttled-deferred: 7 | Rate: 11/min | ETA 10.9h ---
[2026-08-06 09:56:25] --- Progress: 13420/20440 (65%) | New: 7799 | Fail: 2938 | Throttled-deferred: 7 | Rate: 11/min | ETA 10.8h ---
[2026-08-06 09:56:34] [13421/20440] OK ~recall/bleed/0616.htm (28,579b) @20020930
[2026-08-06 09:58:26] --- Progress: 13440/20440 (65%) | New: 7817 | Fail: 2940 | Throttled-deferred: 7 | Rate: 11/min | ETA 10.8h ---
[2026-08-06 09:59:45] [13450/20440] OK ~recall/online.html (1,412b) @20010831
[2026-08-06 09:59:45] --- Progress: 13450/20440 (65%) | New: 7825 | Fail: 2942 | Throttled-deferred: 7 | Rate: 11/min | ETA 10.8h ---
[2026-08-06 10:01:54] --- Progress: 13473/20440 (65%) | New: 7847 | Fail: 2943 | Throttled-deferred: 7 | Rate: 11/min | ETA 10.8h ---
[2026-08-06 10:02:03] [13476/20440] OK ~redone/bettie2/BPV5N214.JPG (119,973b) @20200128
[2026-08-06 10:03:57] --- Progress: 13492/20440 (66%) | New: 7864 | Fail: 2945 | Throttled-deferred: 7 | Rate: 11/min | ETA 10.7h ---
[2026-08-06 10:04:41] --- Progress: 13500/20440 (66%) | New: 7872 | Fail: 2945 | Throttled-deferred: 7 | Rate: 11/min | ETA 10.7h ---
[2026-08-06 10:05:01] [13503/20440] OK ~redone/swrong/gigs.html (368b) @20210518
[2026-08-06 10:06:49] --- Progress: 13520/20440 (66%) | New: 7891 | Fail: 2946 | Throttled-deferred: 7 | Rate: 11/min | ETA 10.7h ---
[2026-08-06 10:08:06] [13531/20440] OK ~rkj/actor.htm (15,242b) @20211028
[2026-08-06 10:09:01] --- Progress: 13539/20440 (66%) | New: 7907 | Fail: 2949 | Throttled-deferred: 7 | Rate: 11/min | ETA 10.7h ---
[2026-08-06 10:09:40] --- Progress: 13550/20440 (66%) | New: 7918 | Fail: 2949 | Throttled-deferred: 7 | Rate: 11/min | ETA 10.7h ---
[2026-08-06 10:10:21] [13557/20440] OK ~rkj/drwho3.jpg (21,139b) @20211028
[2026-08-06 10:11:42] --- Progress: 13569/20440 (66%) | New: 7936 | Fail: 2950 | Throttled-deferred: 7 | Rate: 11/min | ETA 10.6h ---
[2026-08-06 10:13:01] [13584/20440] OK ~rkj/madcows1.jpg (71,883b) @20031206
[2026-08-06 10:13:43] --- Progress: 13590/20440 (66%) | New: 7955 | Fail: 2952 | Throttled-deferred: 7 | Rate: 11/min | ETA 10.6h ---
[2026-08-06 10:14:35] --- Progress: 13600/20440 (66%) | New: 7964 | Fail: 2953 | Throttled-deferred: 7 | Rate: 11/min | ETA 10.6h ---
[2026-08-06 10:15:47] [13611/20440] OK ~rkj/ryan.jpg (6,090b) @20031220
[2026-08-06 10:16:40] --- Progress: 13621/20440 (66%) | New: 7985 | Fail: 2953 | Throttled-deferred: 7 | Rate: 11/min | ETA 10.5h ---
[2026-08-06 10:18:33] [13638/20440] OK ~rkj/weekly/aa032999.htm (5,222b) @20220428
[2026-08-06 10:18:42] --- Progress: 13641/20440 (66%) | New: 8003 | Fail: 2955 | Throttled-deferred: 7 | Rate: 11/min | ETA 10.5h ---
[2026-08-06 10:19:46] --- Progress: 13650/20440 (66%) | New: 8011 | Fail: 2956 | Throttled-deferred: 7 | Rate: 11/min | ETA 10.5h ---
[2026-08-06 10:21:32] [13665/20440] OK ~rkj/weekly/aa072901a.htm (7,452b) @20210518
[2026-08-06 10:21:50] --- Progress: 13670/20440 (66%) | New: 8030 | Fail: 2957 | Throttled-deferred: 7 | Rate: 11/min | ETA 10.5h ---
[2026-08-06 10:23:38] [13690/20440] OK ~rkj/weekly/aa122900a.htm (4,498b) @20220428
[2026-08-06 10:23:54] --- Progress: 13694/20440 (66%) | New: 8054 | Fail: 2957 | Throttled-deferred: 7 | Rate: 11/min | ETA 10.4h ---
[2026-08-06 10:24:13] --- Progress: 13700/20440 (67%) | New: 8060 | Fail: 2957 | Throttled-deferred: 7 | Rate: 11/min | ETA 10.4h ---
[2026-08-06 10:26:20] [13716/20440] OK ~rmisaac/graphics/becherovka.gif (5,864b) @20191221
[2026-08-06 10:26:20] --- Progress: 13716/20440 (67%) | New: 8075 | Fail: 2958 | Throttled-deferred: 7 | Rate: 11/min | ETA 10.4h ---
[2026-08-06 10:28:26] --- Progress: 13733/20440 (67%) | New: 8090 | Fail: 2960 | Throttled-deferred: 7 | Rate: 11/min | ETA 10.4h ---
[2026-08-06 10:29:54] [13746/20440] OK ~rmisaac/graphics/sfbc.gif (4,798b) @20211028
[2026-08-06 10:30:06] --- Progress: 13750/20440 (67%) | New: 8104 | Fail: 2963 | Throttled-deferred: 7 | Rate: 11/min | ETA 10.4h ---
[2026-08-06 10:32:07] --- Progress: 13771/20440 (67%) | New: 8124 | Fail: 2964 | Throttled-deferred: 7 | Rate: 11/min | ETA 10.3h ---
[2026-08-06 10:32:10] [13772/20440] OK ~rmisaac/scans/e-b-mauer.jpg (44,996b) @20220428
[2026-08-06 10:34:09] --- Progress: 13787/20440 (67%) | New: 8139 | Fail: 2965 | Throttled-deferred: 7 | Rate: 11/min | ETA 10.3h ---
[2026-08-06 10:35:46] --- Progress: 13800/20440 (67%) | New: 8147 | Fail: 2970 | Throttled-deferred: 7 | Rate: 11/min | ETA 10.3h ---
[2026-08-06 10:36:11] [13803/20440] OK ~robertf/family/ginger.html (1,148b) @20231015
[2026-08-06 10:37:48] --- Progress: 13822/20440 (67%) | New: 8169 | Fail: 2970 | Throttled-deferred: 7 | Rate: 11/min | ETA 10.3h ---
[2026-08-06 10:38:42] [13829/20440] OK ~robertf/monorail/extrout2.html (4,924b) @20041120
[2026-08-06 10:39:53] --- Progress: 13840/20440 (67%) | New: 8183 | Fail: 2974 | Throttled-deferred: 7 | Rate: 11/min | ETA 10.2h ---
[2026-08-06 10:40:58] --- Progress: 13850/20440 (67%) | New: 8193 | Fail: 2974 | Throttled-deferred: 7 | Rate: 11/min | ETA 10.2h ---
[2026-08-06 10:42:05] [13857/20440] OK ~robertf/monorail/sysmap.html (2,764b) @20041121
[2026-08-06 10:43:14] --- Progress: 13865/20440 (67%) | New: 8208 | Fail: 2974 | Throttled-deferred: 7 | Rate: 11/min | ETA 10.2h ---
[2026-08-06 10:44:56] [13882/20440] OK ~robertf/romanel/hy-diesel.jpeg (30,866b) @20200128
[2026-08-06 10:45:21] --- Progress: 13883/20440 (67%) | New: 8226 | Fail: 2974 | Throttled-deferred: 7 | Rate: 11/min | ETA 10.2h ---
[2026-08-06 10:47:16] --- Progress: 13900/20440 (68%) | New: 8243 | Fail: 2974 | Throttled-deferred: 7 | Rate: 11/min | ETA 10.2h ---
[2026-08-06 10:48:11] [13907/20440] OK ~robertf/stuff/convales.html (972b) @20211028
[2026-08-06 10:49:23] --- Progress: 13920/20440 (68%) | New: 8262 | Fail: 2975 | Throttled-deferred: 7 | Rate: 11/min | ETA 10.1h ---
[2026-08-06 10:50:47] [13934/20440] OK ~robertf/stuff/natgeo.html (5,888b) @20231015
[2026-08-06 10:51:32] --- Progress: 13940/20440 (68%) | New: 8281 | Fail: 2976 | Throttled-deferred: 7 | Rate: 11/min | ETA 10.1h ---
[2026-08-06 10:52:10] --- Progress: 13950/20440 (68%) | New: 8291 | Fail: 2976 | Throttled-deferred: 7 | Rate: 11/min | ETA 10.1h ---
[2026-08-06 10:53:20] [13959/20440] OK ~robertf/stuff/sciam95.html (5,895b) @20231015
[2026-08-06 10:54:10] --- Progress: 13965/20440 (68%) | New: 8306 | Fail: 2976 | Throttled-deferred: 7 | Rate: 11/min | ETA 10.1h ---
[2026-08-06 10:56:11] --- Progress: 13984/20440 (68%) | New: 8323 | Fail: 2978 | Throttled-deferred: 7 | Rate: 11/min | ETA 10.0h ---
[2026-08-06 10:56:21] [13986/20440] OK ~robertf/transit/localbus.html (3,737b) @20220428
[2026-08-06 10:57:38] --- Progress: 14000/20440 (68%) | New: 8339 | Fail: 2978 | Throttled-deferred: 7 | Rate: 11/min | ETA 10.0h ---
[2026-08-06 10:59:18] [14013/20440] OK ~roger/files/crw-1.92.tar.bz2 (31,285b) @20040825
[2026-08-06 10:59:53] --- Progress: 14016/20440 (68%) | New: 8352 | Fail: 2981 | Throttled-deferred: 7 | Rate: 11/min | ETA 10.0h ---
[2026-08-06 11:02:00] --- Progress: 14034/20440 (68%) | New: 8369 | Fail: 2982 | Throttled-deferred: 7 | Rate: 11/min | ETA 10.0h ---
[2026-08-06 11:02:43] [14040/20440] OK ~roger/humor/ATT0006917.jpg (17,206b) @20041209
[2026-08-06 11:03:40] --- Progress: 14050/20440 (68%) | New: 8385 | Fail: 2982 | Throttled-deferred: 8 | Rate: 11/min | ETA 9.9h ---
[2026-08-06 11:04:55] [14065/20440] OK ~roger/photography/ohio_pymatuning/index.html (856b) @20050208
[2026-08-06 11:05:44] --- Progress: 14073/20440 (68%) | New: 8408 | Fail: 2982 | Throttled-deferred: 8 | Rate: 11/min | ETA 9.9h ---
[2026-08-06 11:07:23] [14090/20440] OK ~rowdenw/EEA/photo/spp/spp-Reptiles.html (2,235b) @20030522
[2026-08-06 11:07:50] --- Progress: 14093/20440 (68%) | New: 8427 | Fail: 2983 | Throttled-deferred: 8 | Rate: 11/min | ETA 9.9h ---
[2026-08-06 11:08:23] --- Progress: 14100/20440 (68%) | New: 8434 | Fail: 2983 | Throttled-deferred: 8 | Rate: 11/min | ETA 9.9h ---
[2026-08-06 11:10:19] [14116/20440] OK ~rwb/chess/dt/dt12.txt (2,523b) @20211028
[2026-08-06 11:10:31] --- Progress: 14118/20440 (69%) | New: 8452 | Fail: 2983 | Throttled-deferred: 8 | Rate: 11/min | ETA 9.8h ---
[2026-08-06 11:12:37] --- Progress: 14134/20440 (69%) | New: 8468 | Fail: 2983 | Throttled-deferred: 8 | Rate: 11/min | ETA 9.8h ---
[2026-08-06 11:13:18] [14141/20440] OK ~rwb/chess/p7.mates.bz2 (105,549b) @20040608
[2026-08-06 11:14:04] --- Progress: 14150/20440 (69%) | New: 8484 | Fail: 2983 | Throttled-deferred: 8 | Rate: 11/min | ETA 9.8h ---
[2026-08-06 11:15:22] [14166/20440] OK ~rwb/images/europe/33-kramnik2.jpg (67,560b) @20041119
[2026-08-06 11:16:05] --- Progress: 14177/20440 (69%) | New: 8511 | Fail: 2983 | Throttled-deferred: 8 | Rate: 11/min | ETA 9.7h ---
[2026-08-06 11:17:01] [14191/20440] OK ~rwb/images/europe/scotland.html (5,898b) @20041120
[2026-08-06 11:17:41] --- Progress: 14200/20440 (69%) | New: 8534 | Fail: 2983 | Throttled-deferred: 8 | Rate: 11/min | ETA 9.7h ---
[2026-08-06 11:19:00] [14216/20440] OK ~rwb/papers/ae23.tex (21,758b) @20050122
[2026-08-06 11:19:43] --- Progress: 14224/20440 (69%) | New: 8558 | Fail: 2983 | Throttled-deferred: 8 | Rate: 11/min | ETA 9.7h ---
[2026-08-06 11:21:37] [14241/20440] OK ~rwb/src/lno.c (886b) @20040716
[2026-08-06 11:21:54] --- Progress: 14242/20440 (69%) | New: 8576 | Fail: 2983 | Throttled-deferred: 8 | Rate: 11/min | ETA 9.6h ---
[2026-08-06 11:23:07] --- Progress: 14250/20440 (69%) | New: 8582 | Fail: 2985 | Throttled-deferred: 8 | Rate: 11/min | ETA 9.6h ---
[2026-08-06 11:25:13] --- Progress: 14264/20440 (69%) | New: 8593 | Fail: 2988 | Throttled-deferred: 8 | Rate: 11/min | ETA 9.6h ---
[2026-08-06 11:26:21] [14271/20440] OK ~samoyed/iwpa/0001/Pull2.html (12,499b) @20220428
[2026-08-06 11:27:17] --- Progress: 14278/20440 (69%) | New: 8606 | Fail: 2989 | Throttled-deferred: 8 | Rate: 11/min | ETA 9.6h ---
[2026-08-06 11:29:21] --- Progress: 14294/20440 (69%) | New: 8619 | Fail: 2992 | Throttled-deferred: 8 | Rate: 11/min | ETA 9.6h ---
[2026-08-06 11:29:56] [14300/20440] OK ~samoyed/iwpa/0001/Pull81.html (14,120b) @20050226
[2026-08-06 11:29:56] --- Progress: 14300/20440 (69%) | New: 8625 | Fail: 2992 | Throttled-deferred: 8 | Rate: 11/min | ETA 9.6h ---
[2026-08-06 11:32:01] --- Progress: 14312/20440 (70%) | New: 8631 | Fail: 2998 | Throttled-deferred: 8 | Rate: 11/min | ETA 9.6h ---
[2026-08-06 11:34:03] --- Progress: 14333/20440 (70%) | New: 8647 | Fail: 3003 | Throttled-deferred: 8 | Rate: 11/min | ETA 9.5h ---
[2026-08-06 11:34:36] [14336/20440] OK ~samoyed/iwpa/0102/Pull3.html (19,332b) @20040723
[2026-08-06 11:35:53] --- Progress: 14350/20440 (70%) | New: 8663 | Fail: 3004 | Throttled-deferred: 8 | Rate: 11/min | ETA 9.5h ---
[2026-08-06 11:38:00] --- Progress: 14365/20440 (70%) | New: 8674 | Fail: 3008 | Throttled-deferred: 8 | Rate: 11/min | ETA 9.5h ---
[2026-08-06 11:38:07] [14367/20440] OK ~samoyed/iwpa/0203/Pull10.html (10,313b) @20191221
[2026-08-06 11:40:06] --- Progress: 14381/20440 (70%) | New: 8685 | Fail: 3013 | Throttled-deferred: 8 | Rate: 11/min | ETA 9.5h ---
[2026-08-06 11:42:16] --- Progress: 14393/20440 (70%) | New: 8694 | Fail: 3016 | Throttled-deferred: 8 | Rate: 11/min | ETA 9.5h ---
[2026-08-06 11:43:23] --- Progress: 14400/20440 (70%) | New: 8698 | Fail: 3019 | Throttled-deferred: 8 | Rate: 11/min | ETA 9.4h ---
[2026-08-06 11:45:25] --- Progress: 14410/20440 (70%) | New: 8699 | Fail: 3028 | Throttled-deferred: 8 | Rate: 11/min | ETA 9.4h ---
[2026-08-06 11:45:43] [14413/20440] OK ~samoyed/iwpa/9596/pull100.htm (9,120b) @20190804
[2026-08-06 11:47:26] --- Progress: 14425/20440 (70%) | New: 8709 | Fail: 3033 | Throttled-deferred: 8 | Rate: 11/min | ETA 9.4h ---
[2026-08-06 11:49:28] --- Progress: 14436/20440 (70%) | New: 8713 | Fail: 3040 | Throttled-deferred: 8 | Rate: 11/min | ETA 9.4h ---
[2026-08-06 11:51:23] --- Progress: 14450/20440 (70%) | New: 8717 | Fail: 3050 | Throttled-deferred: 8 | Rate: 11/min | ETA 9.4h ---
[2026-08-06 11:53:03] [14462/20440] OK ~samoyed/iwpa/9899/Pull19.html (12,351b) @20050429
[2026-08-06 11:53:24] --- Progress: 14466/20440 (70%) | New: 8729 | Fail: 3054 | Throttled-deferred: 8 | Rate: 11/min | ETA 9.4h ---
[2026-08-06 11:55:18] [14487/20440] OK ~samoyed/iwpa/9899/Pull41.html (13,578b) @20050505
[2026-08-06 11:55:39] --- Progress: 14488/20440 (70%) | New: 8751 | Fail: 3054 | Throttled-deferred: 8 | Rate: 11/min | ETA 9.3h ---
[2026-08-06 11:56:36] --- Progress: 14500/20440 (70%) | New: 8763 | Fail: 3054 | Throttled-deferred: 8 | Rate: 11/min | ETA 9.3h ---
[2026-08-06 11:57:38] [14512/20440] OK ~samoyed/iwpa/9900/tcomet.jpg (3,073b) @20041119
[2026-08-06 11:58:45] --- Progress: 14527/20440 (71%) | New: 8790 | Fail: 3054 | Throttled-deferred: 8 | Rate: 11/min | ETA 9.3h ---
[2026-08-06 11:59:25] [14537/20440] OK ~samoyed/iwpa/obituaries.htm (8,878b) @20020331
[2026-08-06 12:00:42] --- Progress: 14550/20440 (71%) | New: 8813 | Fail: 3054 | Throttled-deferred: 8 | Rate: 11/min | ETA 9.2h ---
[2026-08-06 12:01:33] [14562/20440] OK ~sams/masr/cody3.jpg (12,139b) @20050427
[2026-08-06 12:03:04] --- Progress: 14578/20440 (71%) | New: 8841 | Fail: 3054 | Throttled-deferred: 8 | Rate: 11/min | ETA 9.2h ---
[2026-08-06 12:03:49] [14587/20440] OK ~sams/scws/b_fund_shirt.jpg (23,456b) @20050113
[2026-08-06 12:04:56] --- Progress: 14600/20440 (71%) | New: 8863 | Fail: 3054 | Throttled-deferred: 8 | Rate: 11/min | ETA 9.1h ---
[2026-08-06 12:05:59] [14612/20440] OK ~sams/scws/funmatch/fun2221.jpg (16,302b) @20060225
[2026-08-06 12:07:01] --- Progress: 14624/20440 (71%) | New: 8887 | Fail: 3054 | Throttled-deferred: 8 | Rate: 11/min | ETA 9.1h ---
[2026-08-06 12:07:57] [14637/20440] OK ~sams/scws/images/break2.jpg (45,296b) @20060214
[2026-08-06 12:09:04] --- Progress: 14650/20440 (71%) | New: 8913 | Fail: 3054 | Throttled-deferred: 8 | Rate: 11/min | ETA 9.1h ---
[2026-08-06 12:09:54] [14662/20440] OK ~sams/scws/images/Kodi_080401.jpg (17,572b) @20050114
[2026-08-06 12:11:10] --- Progress: 14678/20440 (71%) | New: 8941 | Fail: 3054 | Throttled-deferred: 8 | Rate: 11/min | ETA 9.0h ---
[2026-08-06 12:11:49] [14687/20440] OK ~sams/scws/images/trail.jpg (30,184b) @20050113
[2026-08-06 12:12:45] --- Progress: 14700/20440 (71%) | New: 8963 | Fail: 3054 | Throttled-deferred: 8 | Rate: 11/min | ETA 9.0h ---
[2026-08-06 12:13:47] [14712/20440] OK ~sams/scws/newsletter_2003-0809.htm (15,193b) @20050111
[2026-08-06 12:14:57] --- Progress: 14724/20440 (72%) | New: 8987 | Fail: 3054 | Throttled-deferred: 9 | Rate: 11/min | ETA 8.9h ---
[2026-08-06 12:15:54] [14737/20440] OK ~sams/scws/picnic02/pn024062.jpg (19,848b) @20060225
[2026-08-06 12:16:58] --- Progress: 14750/20440 (72%) | New: 9013 | Fail: 3054 | Throttled-deferred: 10 | Rate: 11/min | ETA 8.9h ---
[2026-08-06 12:18:03] [14762/20440] OK ~sams/scws/snow2004.htm (993b) @20050126
[2026-08-06 12:18:58] --- Progress: 14773/20440 (72%) | New: 9036 | Fail: 3054 | Throttled-deferred: 11 | Rate: 11/min | ETA 8.9h ---
[2026-08-06 12:19:59] [14787/20440] OK ~savoy/emailist.htm (2,870b) @20010902
[2026-08-06 12:21:02] --- Progress: 14799/20440 (72%) | New: 9062 | Fail: 3054 | Throttled-deferred: 11 | Rate: 11/min | ETA 8.8h ---
[2026-08-06 12:21:03] --- Progress: 14800/20440 (72%) | New: 9063 | Fail: 3054 | Throttled-deferred: 11 | Rate: 11/min | ETA 8.8h ---
[2026-08-06 12:21:57] [14812/20440] OK ~savoy/v1n3_a4.htm (3,163b) @20020323
[2026-08-06 12:23:10] --- Progress: 14827/20440 (72%) | New: 9090 | Fail: 3054 | Throttled-deferred: 11 | Rate: 11/min | ETA 8.8h ---
[2026-08-06 12:24:04] [14837/20440] OK ~scottlu/wince/640x240 full screen.gif (11,341b) @20030427
[2026-08-06 12:25:21] --- Progress: 14849/20440 (72%) | New: 9111 | Fail: 3055 | Throttled-deferred: 11 | Rate: 11/min | ETA 8.7h ---
[2026-08-06 12:25:21] --- Progress: 14850/20440 (72%) | New: 9112 | Fail: 3055 | Throttled-deferred: 11 | Rate: 11/min | ETA 8.7h ---
[2026-08-06 12:26:24] [14863/20440] OK ~scs/C-faq/faq.html (6,147b) @20010831
[2026-08-06 12:27:22] --- Progress: 14874/20440 (72%) | New: 9136 | Fail: 3055 | Throttled-deferred: 11 | Rate: 11/min | ETA 8.7h ---
[2026-08-06 12:28:17] [14888/20440] OK ~scs/C-faq/q10.23.html (1,492b) @20020719
[2026-08-06 12:29:18] --- Progress: 14900/20440 (72%) | New: 9162 | Fail: 3055 | Throttled-deferred: 11 | Rate: 11/min | ETA 8.7h ---
[2026-08-06 12:30:22] [14913/20440] OK ~scs/C-faq/q6.1.html (1,783b) @20020223
[2026-08-06 12:31:19] --- Progress: 14926/20440 (73%) | New: 9188 | Fail: 3055 | Throttled-deferred: 11 | Rate: 11/min | ETA 8.6h ---
[2026-08-06 12:32:08] [14938/20440] OK ~scs/C-faq/s16.html (1,490b) @20020510
[2026-08-06 12:33:02] --- Progress: 14950/20440 (73%) | New: 9212 | Fail: 3055 | Throttled-deferred: 11 | Rate: 11/min | ETA 8.6h ---
[2026-08-06 12:34:11] [14963/20440] OK ~scs/cclass/int/top.html (1,725b) @20020530
[2026-08-06 12:35:04] --- Progress: 14974/20440 (73%) | New: 9236 | Fail: 3055 | Throttled-deferred: 11 | Rate: 11/min | ETA 8.5h ---
[2026-08-06 12:36:16] [14988/20440] OK ~scs/cclass/notes/sx4.html (1,300b) @20040826
[2026-08-06 12:37:05] --- Progress: 14997/20440 (73%) | New: 9259 | Fail: 3055 | Throttled-deferred: 11 | Rate: 11/min | ETA 8.5h ---
[2026-08-06 12:37:18] --- Progress: 15000/20440 (73%) | New: 9262 | Fail: 3055 | Throttled-deferred: 11 | Rate: 11/min | ETA 8.5h ---
[2026-08-06 12:38:15] [15013/20440] OK ~scs/readings/precvsooe.960725.html (21,076b) @20041119
[2026-08-06 12:39:24] --- Progress: 15026/20440 (73%) | New: 9288 | Fail: 3055 | Throttled-deferred: 11 | Rate: 11/min | ETA 8.4h ---
[2026-08-06 12:40:23] [15038/20440] OK ~seldon/either.cpp (2,245b) @20030427
[2026-08-06 12:41:18] --- Progress: 15050/20440 (73%) | New: 9312 | Fail: 3055 | Throttled-deferred: 11 | Rate: 11/min | ETA 8.4h ---
[2026-08-06 12:42:14] [15063/20440] OK ~sfox/PEF/gary.htm (516b) @20010728
[2026-08-06 12:43:20] --- Progress: 15077/20440 (73%) | New: 9339 | Fail: 3055 | Throttled-deferred: 11 | Rate: 11/min | ETA 8.4h ---
[2026-08-06 12:44:08] [15088/20440] OK ~sfox/SJF/HIKE/98CutThroat.htm (2,209b) @20050301
[2026-08-06 12:45:06] --- Progress: 15100/20440 (73%) | New: 9362 | Fail: 3055 | Throttled-deferred: 11 | Rate: 11/min | ETA 8.3h ---
[2026-08-06 12:46:12] [15113/20440] OK ~sfox/SJF/HIKE/JPG/02KendallLakeKristen.jpg (29,059b) @20040206
[2026-08-06 12:47:09] --- Progress: 15126/20440 (74%) | New: 9388 | Fail: 3055 | Throttled-deferred: 11 | Rate: 11/min | ETA 8.3h ---
[2026-08-06 12:47:52] [15138/20440] OK ~sfox/TRAILS/us2.htm (7,463b) @20020929
[2026-08-06 12:48:39] --- Progress: 15150/20440 (74%) | New: 9412 | Fail: 3055 | Throttled-deferred: 11 | Rate: 11/min | ETA 8.2h ---
[2026-08-06 12:49:56] [15165/20440] OK ~sjw/govus.htm (2,023b) @20020604
[2026-08-06 12:50:42] --- Progress: 15174/20440 (74%) | New: 9434 | Fail: 3057 | Throttled-deferred: 11 | Rate: 11/min | ETA 8.2h ---
[2026-08-06 12:52:26] [15191/20440] OK ~slack/screenshot.html (460b) @20210518
[2026-08-06 12:52:50] --- Progress: 15196/20440 (74%) | New: 9455 | Fail: 3058 | Throttled-deferred: 11 | Rate: 11/min | ETA 8.2h ---
[2026-08-06 12:52:59] --- Progress: 15200/20440 (74%) | New: 9459 | Fail: 3058 | Throttled-deferred: 11 | Rate: 11/min | ETA 8.2h ---
[2026-08-06 12:54:56] [15217/20440] OK ~smallnet/Archive/index1.html (3,348b) @20200128
[2026-08-06 12:55:01] --- Progress: 15219/20440 (74%) | New: 9475 | Fail: 3061 | Throttled-deferred: 11 | Rate: 11/min | ETA 8.1h ---
[2026-08-06 12:57:04] --- Progress: 15241/20440 (74%) | New: 9496 | Fail: 3062 | Throttled-deferred: 11 | Rate: 11/min | ETA 8.1h ---
[2026-08-06 12:57:41] [15245/20440] OK ~smallnet/Archive/post294.html (19,970b) @20191221
[2026-08-06 12:57:59] --- Progress: 15250/20440 (74%) | New: 9505 | Fail: 3062 | Throttled-deferred: 11 | Rate: 11/min | ETA 8.1h ---
[2026-08-06 12:59:51] [15270/20440] OK ~smallnet/Archive/post327.html (13,362b) @20220428
[2026-08-06 13:00:11] --- Progress: 15272/20440 (74%) | New: 9527 | Fail: 3062 | Throttled-deferred: 11 | Rate: 11/min | ETA 8.1h ---
[2026-08-06 13:02:16] --- Progress: 15290/20440 (74%) | New: 9544 | Fail: 3063 | Throttled-deferred: 11 | Rate: 11/min | ETA 8.0h ---
[2026-08-06 13:02:59] [15297/20440] OK ~smallnet/Archive/post358.html (19,444b) @20191221
[2026-08-06 13:03:21] --- Progress: 15300/20440 (74%) | New: 9553 | Fail: 3064 | Throttled-deferred: 11 | Rate: 11/min | ETA 8.0h ---
[2026-08-06 13:05:29] --- Progress: 15321/20440 (74%) | New: 9574 | Fail: 3064 | Throttled-deferred: 11 | Rate: 11/min | ETA 8.0h ---
[2026-08-06 13:05:29] [15322/20440] OK ~smallnet/Archive/post388.html (17,144b) @20210518
[2026-08-06 13:07:37] --- Progress: 15344/20440 (75%) | New: 9597 | Fail: 3064 | Throttled-deferred: 11 | Rate: 11/min | ETA 7.9h ---
[2026-08-06 13:07:41] [15347/20440] OK ~smallnet/Archive/post411.html (24,865b) @20020730
[2026-08-06 13:08:25] --- Progress: 15350/20440 (75%) | New: 9603 | Fail: 3064 | Throttled-deferred: 11 | Rate: 11/min | ETA 7.9h ---
[2026-08-06 13:10:27] --- Progress: 15371/20440 (75%) | New: 9624 | Fail: 3064 | Throttled-deferred: 11 | Rate: 11/min | ETA 7.9h ---
[2026-08-06 13:10:31] [15372/20440] OK ~smallnet/Archive/post436.html (18,451b) @20211028
[2026-08-06 13:12:31] --- Progress: 15391/20440 (75%) | New: 9644 | Fail: 3064 | Throttled-deferred: 11 | Rate: 11/min | ETA 7.9h ---
[2026-08-06 13:13:29] [15397/20440] OK ~smallnet/Articles/index.html (1,121b) @20190804
[2026-08-06 13:13:38] --- Progress: 15400/20440 (75%) | New: 9653 | Fail: 3064 | Throttled-deferred: 11 | Rate: 11/min | ETA 7.9h ---
[2026-08-06 13:15:42] --- Progress: 15419/20440 (75%) | New: 9672 | Fail: 3064 | Throttled-deferred: 11 | Rate: 11/min | ETA 7.8h ---
[2026-08-06 13:16:10] [15423/20440] OK ~snoline/index.html (6,956b) @20230712
[2026-08-06 13:17:46] --- Progress: 15435/20440 (75%) | New: 9686 | Fail: 3066 | Throttled-deferred: 11 | Rate: 11/min | ETA 7.8h ---
[2026-08-06 13:19:22] [15450/20440] OK ~sonata/images/bwheitn.jpg (3,569b) @20041213
[2026-08-06 13:19:23] --- Progress: 15450/20440 (75%) | New: 9700 | Fail: 3067 | Throttled-deferred: 11 | Rate: 11/min | ETA 7.8h ---
[2026-08-06 13:21:24] --- Progress: 15473/20440 (75%) | New: 9723 | Fail: 3067 | Throttled-deferred: 11 | Rate: 11/min | ETA 7.8h ---
[2026-08-06 13:21:37] [15475/20440] OK ~sonata/images/lngtn.jpg (5,437b) @20220428
[2026-08-06 13:23:33] --- Progress: 15490/20440 (75%) | New: 9739 | Fail: 3068 | Throttled-deferred: 11 | Rate: 11/min | ETA 7.7h ---
[2026-08-06 13:24:52] --- Progress: 15500/20440 (75%) | New: 9748 | Fail: 3069 | Throttled-deferred: 11 | Rate: 11/min | ETA 7.7h ---
[2026-08-06 13:25:13] [15502/20440] OK ~spban/bread.html (4,258b) @20200128
[2026-08-06 13:27:06] --- Progress: 15517/20440 (75%) | New: 9761 | Fail: 3073 | Throttled-deferred: 11 | Rate: 11/min | ETA 7.7h ---
[2026-08-06 13:28:22] [15532/20440] OK ~sst/SEVENSEASPT.HTML (1,437b) @20220428
[2026-08-06 13:29:06] --- Progress: 15539/20440 (76%) | New: 9781 | Fail: 3075 | Throttled-deferred: 11 | Rate: 11/min | ETA 7.7h ---
[2026-08-06 13:30:20] --- Progress: 15550/20440 (76%) | New: 9789 | Fail: 3078 | Throttled-deferred: 11 | Rate: 11/min | ETA 7.6h ---
[2026-08-06 13:31:31] [15563/20440] OK ~starship/product_13.html (15,158b) @20020802
[2026-08-06 13:32:25] --- Progress: 15570/20440 (76%) | New: 9807 | Fail: 3080 | Throttled-deferred: 11 | Rate: 11/min | ETA 7.6h ---
[2026-08-06 13:34:27] --- Progress: 15587/20440 (76%) | New: 9819 | Fail: 3085 | Throttled-deferred: 11 | Rate: 11/min | ETA 7.6h ---
[2026-08-06 13:34:46] [15594/20440] OK ~steelsil/catalog9.html (2,580b) @20011117
[2026-08-06 13:35:46] --- Progress: 15600/20440 (76%) | New: 9831 | Fail: 3086 | Throttled-deferred: 11 | Rate: 11/min | ETA 7.6h ---
[2026-08-06 13:37:50] --- Progress: 15615/20440 (76%) | New: 9843 | Fail: 3089 | Throttled-deferred: 11 | Rate: 11/min | ETA 7.5h ---
[2026-08-06 13:39:02] [15625/20440] OK ~stevemc/SlugTales/1986-05-st.htm (20,495b) @20020610
[2026-08-06 13:39:57] --- Progress: 15633/20440 (76%) | New: 9856 | Fail: 3094 | Throttled-deferred: 11 | Rate: 11/min | ETA 7.5h ---
[2026-08-06 13:41:47] --- Progress: 15650/20440 (76%) | New: 9872 | Fail: 3095 | Throttled-deferred: 11 | Rate: 11/min | ETA 7.5h ---
[2026-08-06 13:42:26] [15655/20440] OK ~strange/fiction/fiction.html (2,743b) @20190804
[2026-08-06 13:43:52] --- Progress: 15666/20440 (76%) | New: 9882 | Fail: 3101 | Throttled-deferred: 11 | Rate: 11/min | ETA 7.5h ---
[2026-08-06 13:46:13] [15685/20440] OK ~strange/litter/feblitter04.html (9,656b) @20210518
[2026-08-06 13:46:13] --- Progress: 15685/20440 (76%) | New: 9900 | Fail: 3102 | Throttled-deferred: 11 | Rate: 11/min | ETA 7.4h ---
[2026-08-06 13:47:53] --- Progress: 15700/20440 (76%) | New: 9913 | Fail: 3104 | Throttled-deferred: 11 | Rate: 11/min | ETA 7.4h ---
[2026-08-06 13:49:40] [15715/20440] OK ~strange/litter/septlitter02.html (14,095b) @20231015
[2026-08-06 13:49:56] --- Progress: 15719/20440 (76%) | New: 9928 | Fail: 3108 | Throttled-deferred: 11 | Rate: 11/min | ETA 7.4h ---
[2026-08-06 13:51:45] [15741/20440] OK ~strange/readlist.html (10,958b) @20041119
[2026-08-06 13:51:58] --- Progress: 15743/20440 (77%) | New: 9952 | Fail: 3108 | Throttled-deferred: 11 | Rate: 11/min | ETA 7.4h ---
[2026-08-06 13:52:41] --- Progress: 15750/20440 (77%) | New: 9959 | Fail: 3108 | Throttled-deferred: 11 | Rate: 11/min | ETA 7.3h ---
[2026-08-06 13:53:55] [15766/20440] OK ~sunset/euuc/Map3Y.GIF (25,978b) @20020710
[2026-08-06 13:54:45] --- Progress: 15771/20440 (77%) | New: 9980 | Fail: 3108 | Throttled-deferred: 11 | Rate: 11/min | ETA 7.3h ---
[2026-08-06 13:56:48] --- Progress: 15789/20440 (77%) | New: 9996 | Fail: 3110 | Throttled-deferred: 11 | Rate: 11/min | ETA 7.3h ---
[2026-08-06 13:57:09] [15794/20440] OK ~surfer/motorsports/_derived/Repair.htm_cmp_auto110_vbtn.gif (1,560b) @20231015
[2026-08-06 13:57:51] --- Progress: 15800/20440 (77%) | New: 10005 | Fail: 3112 | Throttled-deferred: 11 | Rate: 11/min | ETA 7.3h ---
[2026-08-06 13:59:54] --- Progress: 15816/20440 (77%) | New: 10018 | Fail: 3115 | Throttled-deferred: 11 | Rate: 11/min | ETA 7.2h ---
[2026-08-06 14:01:13] [15827/20440] OK ~tegan/aqua/bios/dolphin.html (4,148b) @20011118
[2026-08-06 14:02:00] --- Progress: 15835/20440 (77%) | New: 10032 | Fail: 3120 | Throttled-deferred: 11 | Rate: 11/min | ETA 7.2h ---
[2026-08-06 14:04:02] --- Progress: 15850/20440 (77%) | New: 10043 | Fail: 3124 | Throttled-deferred: 11 | Rate: 11/min | ETA 7.2h ---
[2026-08-06 14:04:45] [15858/20440] OK ~tegan/aqua/gal/index.html (7,284b) @20210518
[2026-08-06 14:06:17] --- Progress: 15871/20440 (77%) | New: 10062 | Fail: 3126 | Throttled-deferred: 11 | Rate: 11/min | ETA 7.2h ---
[2026-08-06 14:07:28] [15885/20440] OK ~tegan/aqua/opinion/index.html (10,617b) @20020727
[2026-08-06 14:08:19] --- Progress: 15893/20440 (77%) | New: 10083 | Fail: 3127 | Throttled-deferred: 11 | Rate: 11/min | ETA 7.1h ---
[2026-08-06 14:08:55] --- Progress: 15900/20440 (77%) | New: 10090 | Fail: 3127 | Throttled-deferred: 11 | Rate: 11/min | ETA 7.1h ---
[2026-08-06 14:10:04] [15911/20440] OK ~tegan/aqua/pics/misc/25.jpg (9,070b) @20211028
[2026-08-06 14:11:01] --- Progress: 15918/20440 (77%) | New: 10105 | Fail: 3130 | Throttled-deferred: 11 | Rate: 11/min | ETA 7.1h ---
[2026-08-06 14:13:05] --- Progress: 15931/20440 (77%) | New: 10113 | Fail: 3135 | Throttled-deferred: 11 | Rate: 11/min | ETA 7.1h ---
[2026-08-06 14:14:11] [15945/20440] OK ~tegan/blog/20021027-20021102.html (48,896b) @20191221
[2026-08-06 14:14:49] --- Progress: 15950/20440 (78%) | New: 10130 | Fail: 3137 | Throttled-deferred: 11 | Rate: 11/min | ETA 7.0h ---
[2026-08-06 14:16:55] --- Progress: 15972/20440 (78%) | New: 10149 | Fail: 3140 | Throttled-deferred: 11 | Rate: 11/min | ETA 7.0h ---
[2026-08-06 14:17:03] [15973/20440] OK ~tegan/blog/20030615-20030621.html (35,539b) @20211028
[2026-08-06 14:19:08] --- Progress: 15991/20440 (78%) | New: 10166 | Fail: 3142 | Throttled-deferred: 11 | Rate: 11/min | ETA 7.0h ---
[2026-08-06 14:19:56] --- Progress: 16000/20440 (78%) | New: 10174 | Fail: 3143 | Throttled-deferred: 11 | Rate: 11/min | ETA 7.0h ---
[2026-08-06 14:20:03] [16001/20440] OK ~tegan/blog/20040215-20040221.html (31,877b) @20200128
[2026-08-06 14:22:00] --- Progress: 16015/20440 (78%) | New: 10186 | Fail: 3146 | Throttled-deferred: 11 | Rate: 11/min | ETA 7.0h ---
[2026-08-06 14:23:32] [16031/20440] OK ~tegan/blog/20050109-20050115.html (48,741b) @20220428
[2026-08-06 14:24:24] --- Progress: 16033/20440 (78%) | New: 10202 | Fail: 3148 | Throttled-deferred: 11 | Rate: 11/min | ETA 6.9h ---
[2026-08-06 14:26:31] --- Progress: 16050/20440 (78%) | New: 10214 | Fail: 3153 | Throttled-deferred: 11 | Rate: 11/min | ETA 6.9h ---
[2026-08-06 14:28:05] [16063/20440] OK ~tegan/blog/20051113-20051119.html (51,393b) @20231015
[2026-08-06 14:28:36] --- Progress: 16068/20440 (78%) | New: 10229 | Fail: 3156 | Throttled-deferred: 11 | Rate: 11/min | ETA 6.9h ---
[2026-08-06 14:30:49] --- Progress: 16086/20440 (78%) | New: 10243 | Fail: 3160 | Throttled-deferred: 11 | Rate: 11/min | ETA 6.8h ---
[2026-08-06 14:31:43] [16095/20440] OK ~tegan/blog/rapidreviews_alpha_KLMNO.html (41,895b) @20200128
[2026-08-06 14:32:15] --- Progress: 16100/20440 (78%) | New: 10255 | Fail: 3162 | Throttled-deferred: 11 | Rate: 11/min | ETA 6.8h ---
[2026-08-06 14:34:18] --- Progress: 16119/20440 (78%) | New: 10267 | Fail: 3169 | Throttled-deferred: 11 | Rate: 11/min | ETA 6.8h ---
[2026-08-06 14:35:24] [16129/20440] OK ~tegan/xena/gallery.html (8,513b) @20010904
[2026-08-06 14:36:26] --- Progress: 16137/20440 (78%) | New: 10282 | Fail: 3172 | Throttled-deferred: 11 | Rate: 11/min | ETA 6.8h ---
[2026-08-06 14:38:08] --- Progress: 16150/20440 (79%) | New: 10291 | Fail: 3176 | Throttled-deferred: 11 | Rate: 11/min | ETA 6.8h ---
[2026-08-06 14:39:01] [16159/20440] OK ~tegan/xena/pics/guide1x.jpg (9,065b) @20210518
[2026-08-06 14:40:14] --- Progress: 16171/20440 (79%) | New: 10311 | Fail: 3177 | Throttled-deferred: 11 | Rate: 11/min | ETA 6.7h ---
[2026-08-06 14:42:16] --- Progress: 16188/20440 (79%) | New: 10322 | Fail: 3183 | Throttled-deferred: 11 | Rate: 11/min | ETA 6.7h ---
[2026-08-06 14:42:30] [16192/20440] OK ~tegan/xena/pics/joxr2ax.jpg (9,538b) @20050112
[2026-08-06 14:43:32] --- Progress: 16200/20440 (79%) | New: 10332 | Fail: 3185 | Throttled-deferred: 11 | Rate: 11/min | ETA 6.7h ---
[2026-08-06 14:45:28] [16219/20440] OK ~tegan/xena/pics/orph3px.jpg (9,333b) @20050112
[2026-08-06 14:45:38] --- Progress: 16220/20440 (79%) | New: 10351 | Fail: 3186 | Throttled-deferred: 11 | Rate: 11/min | ETA 6.6h ---
[2026-08-06 14:47:45] --- Progress: 16238/20440 (79%) | New: 10366 | Fail: 3189 | Throttled-deferred: 11 | Rate: 11/min | ETA 6.6h ---
[2026-08-06 14:49:41] --- Progress: 16250/20440 (79%) | New: 10373 | Fail: 3194 | Throttled-deferred: 11 | Rate: 11/min | ETA 6.6h ---
[2026-08-06 14:49:50] [16252/20440] OK ~tegan/xena/xena3.html (9,598b) @20191221
[2026-08-06 14:51:47] --- Progress: 16266/20440 (79%) | New: 10385 | Fail: 3198 | Throttled-deferred: 11 | Rate: 11/min | ETA 6.6h ---
[2026-08-06 14:53:59] --- Progress: 16284/20440 (79%) | New: 10398 | Fail: 3203 | Throttled-deferred: 11 | Rate: 11/min | ETA 6.6h ---
[2026-08-06 14:54:08] [16286/20440] OK ~telical/gems.html (19,863b) @20220428
[2026-08-06 14:55:39] --- Progress: 16300/20440 (79%) | New: 10411 | Fail: 3206 | Throttled-deferred: 11 | Rate: 11/min | ETA 6.5h ---
[2026-08-06 14:57:33] [16316/20440] OK ~telical/para.html (224b) @20231015
[2026-08-06 14:57:41] --- Progress: 16318/20440 (79%) | New: 10427 | Fail: 3208 | Throttled-deferred: 11 | Rate: 11/min | ETA 6.5h ---
[2026-08-06 14:59:51] --- Progress: 16341/20440 (79%) | New: 10449 | Fail: 3209 | Throttled-deferred: 11 | Rate: 11/min | ETA 6.5h ---
[2026-08-06 14:59:52] [16342/20440] OK ~telical/virtdec.html (7,027b) @20020318
[2026-08-06 15:00:40] --- Progress: 16350/20440 (79%) | New: 10456 | Fail: 3211 | Throttled-deferred: 11 | Rate: 11/min | ETA 6.5h ---
[2026-08-06 15:02:46] --- Progress: 16366/20440 (80%) | New: 10469 | Fail: 3214 | Throttled-deferred: 11 | Rate: 11/min | ETA 6.4h ---
[2026-08-06 15:03:49] [16374/20440] OK ~tiktok/events.html (26,143b) @20211028
[2026-08-06 15:04:53] --- Progress: 16382/20440 (80%) | New: 10481 | Fail: 3218 | Throttled-deferred: 11 | Rate: 11/min | ETA 6.4h ---
[2026-08-06 15:06:12] --- Progress: 16400/20440 (80%) | New: 10496 | Fail: 3221 | Throttled-deferred: 11 | Rate: 11/min | ETA 6.4h ---
[2026-08-06 15:06:40] [16404/20440] OK ~tiktok/pics/14glinda.jpg (6,863b) @20231015
[2026-08-06 15:08:15] --- Progress: 16418/20440 (80%) | New: 10511 | Fail: 3224 | Throttled-deferred: 11 | Rate: 11/min | ETA 6.4h ---
[2026-08-06 15:10:23] --- Progress: 16431/20440 (80%) | New: 10518 | Fail: 3230 | Throttled-deferred: 11 | Rate: 11/min | ETA 6.3h ---
[2026-08-06 15:12:03] [16442/20440] OK ~tiktok/pics/bbcoz.jpg (7,244b) @20210518
[2026-08-06 15:12:36] --- Progress: 16446/20440 (80%) | New: 10528 | Fail: 3235 | Throttled-deferred: 11 | Rate: 11/min | ETA 6.3h ---
[2026-08-06 15:13:06] --- Progress: 16450/20440 (80%) | New: 10531 | Fail: 3236 | Throttled-deferred: 11 | Rate: 11/min | ETA 6.3h ---
[2026-08-06 15:15:11] --- Progress: 16471/20440 (80%) | New: 10549 | Fail: 3239 | Throttled-deferred: 11 | Rate: 11/min | ETA 6.3h ---
[2026-08-06 15:15:18] [16472/20440] OK ~tiktok/pics/MAP1.JPG (122,690b) @20200128
[2026-08-06 15:17:12] --- Progress: 16492/20440 (80%) | New: 10568 | Fail: 3241 | Throttled-deferred: 11 | Rate: 11/min | ETA 6.2h ---
[2026-08-06 15:18:42] --- Progress: 16500/20440 (80%) | New: 10572 | Fail: 3245 | Throttled-deferred: 11 | Rate: 11/min | ETA 6.2h ---
[2026-08-06 15:19:04] [16505/20440] OK ~tiktok/pics/zenofoz.jpg (15,243b) @20031006
[2026-08-06 15:20:46] --- Progress: 16519/20440 (80%) | New: 10584 | Fail: 3252 | Throttled-deferred: 11 | Rate: 11/min | ETA 6.2h ---
[2026-08-06 15:22:49] --- Progress: 16534/20440 (80%) | New: 10593 | Fail: 3258 | Throttled-deferred: 11 | Rate: 11/min | ETA 6.2h ---
[2026-08-06 15:24:16] [16546/20440] OK ~tlw/Webfiles/AboutUs.htm (7,889b) @20020115
[2026-08-06 15:24:53] --- Progress: 16549/20440 (80%) | New: 10603 | Fail: 3263 | Throttled-deferred: 11 | Rate: 11/min | ETA 6.2h ---
[2026-08-06 15:25:02] --- Progress: 16550/20440 (80%) | New: 10604 | Fail: 3263 | Throttled-deferred: 11 | Rate: 11/min | ETA 6.2h ---
[2026-08-06 15:27:06] --- Progress: 16565/20440 (81%) | New: 10615 | Fail: 3267 | Throttled-deferred: 11 | Rate: 11/min | ETA 6.1h ---
[2026-08-06 15:28:24] [16576/20440] OK ~toates/malick/days/days02t.jpg (7,211b) @20191221
[2026-08-06 15:29:12] --- Progress: 16584/20440 (81%) | New: 10631 | Fail: 3270 | Throttled-deferred: 11 | Rate: 11/min | ETA 6.1h ---
[2026-08-06 15:31:07] --- Progress: 16600/20440 (81%) | New: 10645 | Fail: 3272 | Throttled-deferred: 12 | Rate: 11/min | ETA 6.1h ---
[2026-08-06 15:31:31] [16605/20440] OK ~toates/malick/tm08t.jpg (2,827b) @20210518
[2026-08-06 15:33:15] --- Progress: 16620/20440 (81%) | New: 10663 | Fail: 3274 | Throttled-deferred: 12 | Rate: 11/min | ETA 6.1h ---
[2026-08-06 15:34:55] [16634/20440] OK ~toates/malick/trl/interviews/index.html (2,729b) @20200128
[2026-08-06 15:35:21] --- Progress: 16637/20440 (81%) | New: 10677 | Fail: 3277 | Throttled-deferred: 12 | Rate: 11/min | ETA 6.0h ---
[2026-08-06 15:36:48] --- Progress: 16650/20440 (81%) | New: 10684 | Fail: 3283 | Throttled-deferred: 12 | Rate: 11/min | ETA 6.0h ---
[2026-08-06 15:38:55] --- Progress: 16667/20440 (81%) | New: 10697 | Fail: 3287 | Throttled-deferred: 12 | Rate: 11/min | ETA 6.0h ---
[2026-08-06 15:39:28] [16672/20440] OK ~tracyr/hounds/accompl_haley.html (959b) @20211028
[2026-08-06 15:41:01] --- Progress: 16685/20440 (81%) | New: 10709 | Fail: 3293 | Throttled-deferred: 12 | Rate: 11/min | ETA 6.0h ---
[2026-08-06 15:42:17] --- Progress: 16700/20440 (81%) | New: 10723 | Fail: 3294 | Throttled-deferred: 12 | Rate: 11/min | ETA 5.9h ---
[2026-08-06 15:42:35] [16703/20440] OK ~turing/remailer/FAQ/faq.4.html (25,116b) @20220428
[2026-08-06 15:44:24] --- Progress: 16717/20440 (81%) | New: 10733 | Fail: 3301 | Throttled-deferred: 12 | Rate: 11/min | ETA 5.9h ---
[2026-08-06 15:46:28] --- Progress: 16732/20440 (81%) | New: 10743 | Fail: 3306 | Throttled-deferred: 12 | Rate: 10/min | ETA 5.9h ---
[2026-08-06 15:47:08] [16740/20440] OK ~turnip/lwtc/skills/hw3/hw3-embeddingfonts1.gif (9,784b) @20060502
[2026-08-06 15:48:34] --- Progress: 16750/20440 (81%) | New: 10758 | Fail: 3309 | Throttled-deferred: 12 | Rate: 10/min | ETA 5.9h ---
[2026-08-06 15:50:42] [16768/20440] OK ~two/117.htm (27,143b) @20020205
[2026-08-06 15:50:42] --- Progress: 16768/20440 (82%) | New: 10775 | Fail: 3310 | Throttled-deferred: 12 | Rate: 10/min | ETA 5.8h ---
[2026-08-06 15:52:43] --- Progress: 16783/20440 (82%) | New: 10784 | Fail: 3316 | Throttled-deferred: 12 | Rate: 10/min | ETA 5.8h ---
[2026-08-06 15:54:40] --- Progress: 16800/20440 (82%) | New: 10796 | Fail: 3321 | Throttled-deferred: 12 | Rate: 10/min | ETA 5.8h ---
[2026-08-06 15:55:37] [16806/20440] OK ~two/157.htm (22,994b) @20020331
[2026-08-06 15:56:52] --- Progress: 16816/20440 (82%) | New: 10808 | Fail: 3325 | Throttled-deferred: 12 | Rate: 10/min | ETA 5.8h ---
[2026-08-06 15:59:05] --- Progress: 16831/20440 (82%) | New: 10818 | Fail: 3330 | Throttled-deferred: 12 | Rate: 10/min | ETA 5.7h ---
[2026-08-06 15:59:40] [16839/20440] OK ~two/220.htm (28,465b) @20020730
[2026-08-06 16:00:48] --- Progress: 16850/20440 (82%) | New: 10834 | Fail: 3333 | Throttled-deferred: 12 | Rate: 10/min | ETA 5.7h ---
[2026-08-06 16:02:55] --- Progress: 16868/20440 (82%) | New: 10849 | Fail: 3336 | Throttled-deferred: 12 | Rate: 10/min | ETA 5.7h ---
[2026-08-06 16:03:10] [16871/20440] OK ~two/60.htm (13,561b) @20210518
[2026-08-06 16:04:58] --- Progress: 16888/20440 (82%) | New: 10863 | Fail: 3342 | Throttled-deferred: 12 | Rate: 10/min | ETA 5.7h ---
[2026-08-06 16:06:34] --- Progress: 16900/20440 (82%) | New: 10871 | Fail: 3346 | Throttled-deferred: 12 | Rate: 10/min | ETA 5.6h ---
[2026-08-06 16:07:18] [16904/20440] OK ~two/images91_120/18-060b.jpg (3,687b) @20231015
[2026-08-06 16:08:38] --- Progress: 16917/20440 (82%) | New: 10886 | Fail: 3348 | Throttled-deferred: 12 | Rate: 10/min | ETA 5.6h ---
[2026-08-06 16:10:11] [16933/20440] OK ~two/images91_120/48-050b.jpg (5,324b) @20031216
[2026-08-06 16:10:38] --- Progress: 16936/20440 (82%) | New: 10902 | Fail: 3351 | Throttled-deferred: 12 | Rate: 10/min | ETA 5.6h ---
[2026-08-06 16:11:51] --- Progress: 16950/20440 (82%) | New: 10915 | Fail: 3352 | Throttled-deferred: 12 | Rate: 10/min | ETA 5.6h ---
[2026-08-06 16:13:52] [16964/20440] OK ~user/hitgraph.gif (3,925b) @20030428
[2026-08-06 16:13:52] --- Progress: 16964/20440 (82%) | New: 10925 | Fail: 3356 | Throttled-deferred: 12 | Rate: 10/min | ETA 5.5h ---
[2026-08-06 16:15:54] --- Progress: 16978/20440 (83%) | New: 10935 | Fail: 3360 | Throttled-deferred: 12 | Rate: 10/min | ETA 5.5h ---
[2026-08-06 16:18:04] --- Progress: 16992/20440 (83%) | New: 10944 | Fail: 3365 | Throttled-deferred: 12 | Rate: 10/min | ETA 5.5h ---
[2026-08-06 16:19:00] [17000/20440] OK ~user/zpubs.html (9,757b) @20231015
[2026-08-06 16:19:00] --- Progress: 17000/20440 (83%) | New: 10950 | Fail: 3367 | Throttled-deferred: 12 | Rate: 10/min | ETA 5.5h ---
[2026-08-06 16:21:31] --- Progress: 17015/20440 (83%) | New: 10961 | Fail: 3371 | Throttled-deferred: 12 | Rate: 10/min | ETA 5.5h ---
[2026-08-06 16:22:52] [17031/20440] OK ~vecna/alaska_ship_06.jpg (52,459b) @20211028
[2026-08-06 16:23:37] --- Progress: 17035/20440 (83%) | New: 10979 | Fail: 3373 | Throttled-deferred: 12 | Rate: 10/min | ETA 5.4h ---
[2026-08-06 16:25:14] --- Progress: 17050/20440 (83%) | New: 10990 | Fail: 3377 | Throttled-deferred: 12 | Rate: 10/min | ETA 5.4h ---
[2026-08-06 16:26:02] [17062/20440] OK ~vecna/Aq_unlim.html (16,290b) @20041117
[2026-08-06 16:27:28] --- Progress: 17075/20440 (83%) | New: 11012 | Fail: 3380 | Throttled-deferred: 12 | Rate: 10/min | ETA 5.4h ---
[2026-08-06 16:28:54] [17088/20440] OK ~vecna/britcom.htm (1,590b) @20210518
[2026-08-06 16:29:48] --- Progress: 17093/20440 (83%) | New: 11029 | Fail: 3381 | Throttled-deferred: 12 | Rate: 10/min | ETA 5.3h ---
[2026-08-06 16:30:27] --- Progress: 17100/20440 (83%) | New: 11035 | Fail: 3382 | Throttled-deferred: 12 | Rate: 10/min | ETA 5.3h ---
[2026-08-06 16:32:31] --- Progress: 17117/20440 (83%) | New: 11049 | Fail: 3385 | Throttled-deferred: 12 | Rate: 10/min | ETA 5.3h ---
[2026-08-06 16:32:32] [17118/20440] OK ~vecna/damien01.html (142,783b) @20190804
[2026-08-06 16:34:39] --- Progress: 17139/20440 (83%) | New: 11070 | Fail: 3386 | Throttled-deferred: 12 | Rate: 10/min | ETA 5.3h ---
[2026-08-06 16:35:47] [17148/20440] OK ~vecna/Fallen.htm (100,832b) @20010902
[2026-08-06 16:36:05] --- Progress: 17150/20440 (83%) | New: 11077 | Fail: 3390 | Throttled-deferred: 12 | Rate: 10/min | ETA 5.3h ---
[2026-08-06 16:38:16] --- Progress: 17164/20440 (83%) | New: 11089 | Fail: 3392 | Throttled-deferred: 12 | Rate: 10/min | ETA 5.2h ---
[2026-08-06 16:39:36] [17178/20440] OK ~vecna/garg02.htm (75,993b) @20231015
[2026-08-06 16:40:29] --- Progress: 17184/20440 (84%) | New: 11106 | Fail: 3395 | Throttled-deferred: 12 | Rate: 10/min | ETA 5.2h ---
[2026-08-06 16:41:58] --- Progress: 17200/20440 (84%) | New: 11121 | Fail: 3396 | Throttled-deferred: 12 | Rate: 10/min | ETA 5.2h ---
[2026-08-06 16:42:43] [17204/20440] OK ~vecna/garglogo12.GIF (3,431b) @20191221
[2026-08-06 16:44:02] --- Progress: 17216/20440 (84%) | New: 11137 | Fail: 3396 | Throttled-deferred: 12 | Rate: 10/min | ETA 5.2h ---
[2026-08-06 16:45:51] [17229/20440] OK ~vecna/garglogo49.GIF (3,475b) @20210518
[2026-08-06 16:46:15] --- Progress: 17234/20440 (84%) | New: 11155 | Fail: 3396 | Throttled-deferred: 12 | Rate: 10/min | ETA 5.1h ---
[2026-08-06 16:48:27] --- Progress: 17250/20440 (84%) | New: 11167 | Fail: 3400 | Throttled-deferred: 12 | Rate: 10/min | ETA 5.1h ---
[2026-08-06 16:49:31] [17260/20440] OK ~vecna/GWR_LOGO3.JPG (8,810b) @20041117
[2026-08-06 16:50:29] --- Progress: 17266/20440 (84%) | New: 11181 | Fail: 3402 | Throttled-deferred: 12 | Rate: 10/min | ETA 5.1h ---
[2026-08-06 16:52:30] --- Progress: 17280/20440 (84%) | New: 11193 | Fail: 3404 | Throttled-deferred: 12 | Rate: 10/min | ETA 5.1h ---
[2026-08-06 16:53:26] [17289/20440] OK ~vecna/header_rambllings.GIF (2,007b) @20210518
[2026-08-06 16:54:13] --- Progress: 17300/20440 (84%) | New: 11211 | Fail: 3406 | Throttled-deferred: 12 | Rate: 10/min | ETA 5.0h ---
[2026-08-06 16:55:33] [17315/20440] OK ~vecna/incineratrix.html (106,159b) @20211028
[2026-08-06 16:56:16] --- Progress: 17322/20440 (84%) | New: 11231 | Fail: 3408 | Throttled-deferred: 12 | Rate: 10/min | ETA 5.0h ---
[2026-08-06 16:58:17] --- Progress: 17339/20440 (84%) | New: 11246 | Fail: 3410 | Throttled-deferred: 12 | Rate: 10/min | ETA 5.0h ---
[2026-08-06 16:58:49] [17345/20440] OK ~vecna/Jericho7.jpg (59,408b) @20200128
[2026-08-06 16:59:53] --- Progress: 17350/20440 (84%) | New: 11252 | Fail: 3415 | Throttled-deferred: 12 | Rate: 10/min | ETA 4.9h ---
[2026-08-06 17:01:58] --- Progress: 17371/20440 (84%) | New: 11270 | Fail: 3418 | Throttled-deferred: 12 | Rate: 10/min | ETA 4.9h ---
[2026-08-06 17:02:33] [17376/20440] OK ~vecna/moves.htm (15,345b) @20231015
[2026-08-06 17:04:02] --- Progress: 17388/20440 (85%) | New: 11286 | Fail: 3419 | Throttled-deferred: 12 | Rate: 10/min | ETA 4.9h ---
[2026-08-06 17:05:11] --- Progress: 17400/20440 (85%) | New: 11297 | Fail: 3420 | Throttled-deferred: 12 | Rate: 10/min | ETA 4.9h ---
[2026-08-06 17:05:45] [17404/20440] OK ~vecna/pass_2.jpg (42,391b) @20200128
[2026-08-06 17:07:11] --- Progress: 17414/20440 (85%) | New: 11305 | Fail: 3426 | Throttled-deferred: 12 | Rate: 10/min | ETA 4.8h ---
[2026-08-06 17:09:11] --- Progress: 17435/20440 (85%) | New: 11323 | Fail: 3429 | Throttled-deferred: 12 | Rate: 10/min | ETA 4.8h ---
[2026-08-06 17:09:18] [17437/20440] OK ~vecna/scooby.htm (38,675b) @20050515
[2026-08-06 17:10:55] --- Progress: 17450/20440 (85%) | New: 11335 | Fail: 3432 | Throttled-deferred: 12 | Rate: 10/min | ETA 4.8h ---
[2026-08-06 17:12:31] [17467/20440] OK ~vecna/shield_original_fiction.GIF (3,512b) @20211028
[2026-08-06 17:12:57] --- Progress: 17474/20440 (85%) | New: 11356 | Fail: 3435 | Throttled-deferred: 12 | Rate: 10/min | ETA 4.8h ---
[2026-08-06 17:15:00] --- Progress: 17491/20440 (85%) | New: 11369 | Fail: 3439 | Throttled-deferred: 12 | Rate: 10/min | ETA 4.7h ---
[2026-08-06 17:15:49] [17500/20440] OK ~vecna/title_gargoyles2b.GIF (48,677b) @20231015
[2026-08-06 17:15:49] --- Progress: 17500/20440 (85%) | New: 11375 | Fail: 3442 | Throttled-deferred: 12 | Rate: 10/min | ETA 4.7h ---
[2026-08-06 17:17:49] --- Progress: 17515/20440 (85%) | New: 11389 | Fail: 3443 | Throttled-deferred: 12 | Rate: 10/min | ETA 4.7h ---
[2026-08-06 17:19:07] [17526/20440] OK ~vecna/tremayne.jpg (21,148b) @20191221
[2026-08-06 17:19:53] --- Progress: 17532/20440 (85%) | New: 11406 | Fail: 3443 | Throttled-deferred: 12 | Rate: 10/min | ETA 4.7h ---
[2026-08-06 17:21:56] --- Progress: 17550/20440 (85%) | New: 11422 | Fail: 3445 | Throttled-deferred: 12 | Rate: 10/min | ETA 4.6h ---
[2026-08-06 17:22:42] [17554/20440] OK ~verne/h1.gif (83,581b) @20211028
[2026-08-06 17:24:03] --- Progress: 17566/20440 (85%) | New: 11435 | Fail: 3448 | Throttled-deferred: 12 | Rate: 10/min | ETA 4.6h ---
[2026-08-06 17:25:25] [17582/20440] OK ~vikram/cartoons/archive/14.htm (245b) @20030529
[2026-08-06 17:26:11] --- Progress: 17588/20440 (86%) | New: 11456 | Fail: 3449 | Throttled-deferred: 12 | Rate: 10/min | ETA 4.6h ---
[2026-08-06 17:27:28] --- Progress: 17600/20440 (86%) | New: 11466 | Fail: 3451 | Throttled-deferred: 12 | Rate: 10/min | ETA 4.6h ---
[2026-08-06 17:28:33] [17611/20440] OK ~vikram/webtoons/archive/astro.htm (292b) @20020915
[2026-08-06 17:29:31] --- Progress: 17621/20440 (86%) | New: 11485 | Fail: 3453 | Throttled-deferred: 12 | Rate: 10/min | ETA 4.5h ---
[2026-08-06 17:31:23] [17639/20440] OK ~wakemup/knowtv.htm (902b) @20231015
[2026-08-06 17:31:34] --- Progress: 17641/20440 (86%) | New: 11501 | Fail: 3457 | Throttled-deferred: 12 | Rate: 10/min | ETA 4.5h ---
[2026-08-06 17:32:25] --- Progress: 17650/20440 (86%) | New: 11510 | Fail: 3457 | Throttled-deferred: 12 | Rate: 10/min | ETA 4.5h ---
[2026-08-06 17:34:02] [17666/20440] OK ~wakemup/port/tWEEDie/DrZfhRT.GIF (5,772b) @20231015
[2026-08-06 17:34:28] --- Progress: 17667/20440 (86%) | New: 11525 | Fail: 3459 | Throttled-deferred: 12 | Rate: 10/min | ETA 4.5h ---
[2026-08-06 17:36:31] --- Progress: 17685/20440 (86%) | New: 11540 | Fail: 3462 | Throttled-deferred: 12 | Rate: 10/min | ETA 4.4h ---
[2026-08-06 17:37:36] [17696/20440] OK ~wallama/baby.jpg (9,832b) @20231015
[2026-08-06 17:38:01] --- Progress: 17700/20440 (86%) | New: 11554 | Fail: 3463 | Throttled-deferred: 12 | Rate: 10/min | ETA 4.4h ---
[2026-08-06 17:40:02] --- Progress: 17721/20440 (86%) | New: 11573 | Fail: 3465 | Throttled-deferred: 12 | Rate: 10/min | ETA 4.4h ---
[2026-08-06 17:40:14] [17723/20440] OK ~wallama/funny.htm (7,734b) @20210518
[2026-08-06 17:42:09] --- Progress: 17743/20440 (86%) | New: 11594 | Fail: 3466 | Throttled-deferred: 12 | Rate: 10/min | ETA 4.3h ---
[2026-08-06 17:42:42] [17749/20440] OK ~wallama/images/fun1sml.jpg (2,307b) @20030817
[2026-08-06 17:42:54] --- Progress: 17750/20440 (86%) | New: 11601 | Fail: 3466 | Throttled-deferred: 12 | Rate: 10/min | ETA 4.3h ---
[2026-08-06 17:44:56] --- Progress: 17772/20440 (86%) | New: 11618 | Fail: 3471 | Throttled-deferred: 12 | Rate: 10/min | ETA 4.3h ---
[2026-08-06 17:46:13] [17782/20440] OK ~wallama/images/index-2x1.gif (1,282b) @20200128
[2026-08-06 17:47:01] --- Progress: 17789/20440 (87%) | New: 11631 | Fail: 3475 | Throttled-deferred: 12 | Rate: 10/min | ETA 4.3h ---
[2026-08-06 17:48:24] --- Progress: 17800/20440 (87%) | New: 11641 | Fail: 3476 | Throttled-deferred: 12 | Rate: 10/min | ETA 4.2h ---
[2026-08-06 17:49:35] [17811/20440] OK ~wallama/images/jenna3sml.jpg (2,153b) @20211028
[2026-08-06 17:50:26] --- Progress: 17816/20440 (87%) | New: 11655 | Fail: 3478 | Throttled-deferred: 12 | Rate: 10/min | ETA 4.2h ---
[2026-08-06 17:53:14] --- Progress: 17836/20440 (87%) | New: 11667 | Fail: 3486 | Throttled-deferred: 12 | Rate: 10/min | ETA 4.2h ---
[2026-08-06 17:54:25] [17846/20440] OK ~wallama/images/sparkylrg.jpg (22,992b) @20190804
[2026-08-06 17:54:48] --- Progress: 17850/20440 (87%) | New: 11679 | Fail: 3488 | Throttled-deferred: 12 | Rate: 10/min | ETA 4.2h ---
[2026-08-06 17:56:54] --- Progress: 17869/20440 (87%) | New: 11696 | Fail: 3490 | Throttled-deferred: 12 | Rate: 10/min | ETA 4.1h ---
[2026-08-06 17:57:22] [17874/20440] OK ~wallama/llama&goat.html (347b) @20220428
[2026-08-06 17:59:00] --- Progress: 17890/20440 (87%) | New: 11716 | Fail: 3491 | Throttled-deferred: 12 | Rate: 10/min | ETA 4.1h ---
[2026-08-06 17:59:51] --- Progress: 17900/20440 (87%) | New: 11724 | Fail: 3493 | Throttled-deferred: 12 | Rate: 10/min | ETA 4.1h ---
[2026-08-06 17:59:52] [17901/20440] OK ~wallama/pedrolrg.html (346b) @20220428
[2026-08-06 18:01:54] --- Progress: 17917/20440 (87%) | New: 11738 | Fail: 3496 | Throttled-deferred: 12 | Rate: 10/min | ETA 4.1h ---
[2026-08-06 18:04:07] --- Progress: 17932/20440 (87%) | New: 11749 | Fail: 3500 | Throttled-deferred: 12 | Rate: 10/min | ETA 4.0h ---
[2026-08-06 18:04:10] [17933/20440] OK ~wallama/therapy1.html (329b) @20191221
[2026-08-06 18:06:01] --- Progress: 17950/20440 (87%) | New: 11761 | Fail: 3506 | Throttled-deferred: 12 | Rate: 10/min | ETA 4.0h ---
[2026-08-06 18:08:05] --- Progress: 17966/20440 (87%) | New: 11773 | Fail: 3510 | Throttled-deferred: 12 | Rate: 10/min | ETA 4.0h ---
[2026-08-06 18:08:13] [17968/20440] OK ~warlock/politics/waco_lies.html (1,991b) @20191221
[2026-08-06 18:10:09] --- Progress: 17986/20440 (87%) | New: 11790 | Fail: 3513 | Throttled-deferred: 12 | Rate: 10/min | ETA 4.0h ---
[2026-08-06 18:11:22] [17997/20440] OK ~wayneld/joe5.html (1,650b) @20231015
[2026-08-06 18:11:58] --- Progress: 18000/20440 (88%) | New: 11802 | Fail: 3515 | Throttled-deferred: 12 | Rate: 10/min | ETA 3.9h ---
[2026-08-06 18:14:05] --- Progress: 18019/20440 (88%) | New: 11819 | Fail: 3517 | Throttled-deferred: 12 | Rate: 10/min | ETA 3.9h ---
[2026-08-06 18:14:53] [18025/20440] OK ~wayneld/toni/80_3.jpg (40,312b) @20210518
[2026-08-06 18:16:11] --- Progress: 18033/20440 (88%) | New: 11830 | Fail: 3520 | Throttled-deferred: 12 | Rate: 10/min | ETA 3.9h ---
[2026-08-06 18:18:08] --- Progress: 18050/20440 (88%) | New: 11843 | Fail: 3524 | Throttled-deferred: 12 | Rate: 10/min | ETA 3.9h ---
[2026-08-06 18:19:32] [18060/20440] OK ~webguy/china99/710/thumb/9dragon2.jpg (5,483b) @20210518
[2026-08-06 18:20:12] --- Progress: 18065/20440 (88%) | New: 11854 | Fail: 3528 | Throttled-deferred: 12 | Rate: 10/min | ETA 3.8h ---
[2026-08-06 18:22:19] --- Progress: 18084/20440 (88%) | New: 11866 | Fail: 3535 | Throttled-deferred: 12 | Rate: 10/min | ETA 3.8h ---
[2026-08-06 18:23:03] [18093/20440] OK ~webguy/hk96/images/bigbudda.jpg (95,974b) @20231015
[2026-08-06 18:23:51] --- Progress: 18100/20440 (88%) | New: 11881 | Fail: 3536 | Throttled-deferred: 12 | Rate: 10/min | ETA 3.8h ---
[2026-08-06 18:25:52] --- Progress: 18118/20440 (88%) | New: 11895 | Fail: 3540 | Throttled-deferred: 12 | Rate: 10/min | ETA 3.7h ---
[2026-08-06 18:26:10] [18123/20440] OK ~webguy/mirror/klingon/gifs/textmenu.gif (1,114b) @20070222
[2026-08-06 18:27:53] --- Progress: 18144/20440 (88%) | New: 11920 | Fail: 3541 | Throttled-deferred: 12 | Rate: 10/min | ETA 3.7h ---
[2026-08-06 18:28:13] [18149/20440] OK ~webguy/service/images/f325-front.jpg (21,572b) @20070103
[2026-08-06 18:28:23] --- Progress: 18150/20440 (88%) | New: 11926 | Fail: 3541 | Throttled-deferred: 12 | Rate: 10/min | ETA 3.7h ---
[2026-08-06 18:30:24] --- Progress: 18165/20440 (88%) | New: 11937 | Fail: 3545 | Throttled-deferred: 12 | Rate: 10/min | ETA 3.7h ---
[2026-08-06 18:31:57] [18180/20440] OK ~webguy/whatsnew/1999new.html (2,923b) @20210518
[2026-08-06 18:32:47] --- Progress: 18187/20440 (88%) | New: 11957 | Fail: 3547 | Throttled-deferred: 12 | Rate: 10/min | ETA 3.6h ---
[2026-08-06 18:34:37] --- Progress: 18200/20440 (89%) | New: 11966 | Fail: 3551 | Throttled-deferred: 12 | Rate: 10/min | ETA 3.6h ---
[2026-08-06 18:36:47] [18213/20440] OK ~webguy/writings/upssucks.html (2,740b) @20200128
[2026-08-06 18:36:48] --- Progress: 18213/20440 (89%) | New: 11975 | Fail: 3555 | Throttled-deferred: 12 | Rate: 10/min | ETA 3.6h ---
[2026-08-06 18:38:49] --- Progress: 18227/20440 (89%) | New: 11984 | Fail: 3560 | Throttled-deferred: 12 | Rate: 10/min | ETA 3.6h ---
[2026-08-06 18:40:51] --- Progress: 18239/20440 (89%) | New: 11988 | Fail: 3568 | Throttled-deferred: 12 | Rate: 10/min | ETA 3.6h ---
[2026-08-06 18:42:11] --- Progress: 18250/20440 (89%) | New: 11994 | Fail: 3573 | Throttled-deferred: 12 | Rate: 10/min | ETA 3.5h ---
[2026-08-06 18:43:43] [18258/20440] OK ~weidai/scan-mirror/csm.html (481b) @20200128
[2026-08-06 18:44:15] --- Progress: 18261/20440 (89%) | New: 12003 | Fail: 3575 | Throttled-deferred: 12 | Rate: 10/min | ETA 3.5h ---
[2026-08-06 18:46:21] --- Progress: 18282/20440 (89%) | New: 12021 | Fail: 3578 | Throttled-deferred: 12 | Rate: 10/min | ETA 3.5h ---
[2026-08-06 18:47:18] [18289/20440] OK ~wesn/waflyfishers/date2.html (13,304b) @20011226
[2026-08-06 18:48:24] --- Progress: 18299/20440 (89%) | New: 12033 | Fail: 3583 | Throttled-deferred: 12 | Rate: 10/min | ETA 3.5h ---
[2026-08-06 18:48:28] --- Progress: 18300/20440 (89%) | New: 12034 | Fail: 3583 | Throttled-deferred: 12 | Rate: 10/min | ETA 3.5h ---
[2026-08-06 18:50:33] --- Progress: 18315/20440 (89%) | New: 12045 | Fail: 3587 | Throttled-deferred: 12 | Rate: 10/min | ETA 3.4h ---
[2026-08-06 18:51:19] [18322/20440] OK ~wesn/waflyfishers/msg02631.html (3,869b) @20211028
[2026-08-06 18:52:35] --- Progress: 18334/20440 (89%) | New: 12061 | Fail: 3590 | Throttled-deferred: 12 | Rate: 10/min | ETA 3.4h ---
[2026-08-06 18:54:35] --- Progress: 18347/20440 (89%) | New: 12071 | Fail: 3593 | Throttled-deferred: 12 | Rate: 10/min | ETA 3.4h ---
[2026-08-06 18:54:47] --- Progress: 18350/20440 (89%) | New: 12073 | Fail: 3594 | Throttled-deferred: 12 | Rate: 10/min | ETA 3.4h ---
[2026-08-06 18:54:58] [18352/20440] OK ~wesn/waflyfishers/msg04761.html (4,730b) @20220428
[2026-08-06 18:56:50] --- Progress: 18365/20440 (89%) | New: 12087 | Fail: 3595 | Throttled-deferred: 12 | Rate: 10/min | ETA 3.4h ---
[2026-08-06 18:58:10] [18381/20440] OK ~wesn/waflyfishers/msg07361.html (13,460b) @20020128
[2026-08-06 18:58:52] --- Progress: 18389/20440 (89%) | New: 12106 | Fail: 3600 | Throttled-deferred: 12 | Rate: 10/min | ETA 3.3h ---
[2026-08-06 19:00:34] --- Progress: 18400/20440 (90%) | New: 12111 | Fail: 3606 | Throttled-deferred: 12 | Rate: 10/min | ETA 3.3h ---
[2026-08-06 19:02:37] --- Progress: 18416/20440 (90%) | New: 12122 | Fail: 3611 | Throttled-deferred: 12 | Rate: 10/min | ETA 3.3h ---
[2026-08-06 19:02:58] [18419/20440] OK ~wesn/waflyfishers/msg07656.html (4,023b) @20011225
[2026-08-06 19:04:42] --- Progress: 18436/20440 (90%) | New: 12140 | Fail: 3613 | Throttled-deferred: 12 | Rate: 10/min | ETA 3.2h ---
[2026-08-06 19:06:48] --- Progress: 18449/20440 (90%) | New: 12144 | Fail: 3622 | Throttled-deferred: 12 | Rate: 10/min | ETA 3.2h ---
[2026-08-06 19:06:52] --- Progress: 18450/20440 (90%) | New: 12145 | Fail: 3622 | Throttled-deferred: 12 | Rate: 10/min | ETA 3.2h ---
[2026-08-06 19:08:44] [18462/20440] OK ~wesn/waflyfishers/msg07717.html (4,607b) @20220428
[2026-08-06 19:08:55] --- Progress: 18463/20440 (90%) | New: 12151 | Fail: 3629 | Throttled-deferred: 12 | Rate: 10/min | ETA 3.2h ---
[2026-08-06 19:10:59] --- Progress: 18477/20440 (90%) | New: 12158 | Fail: 3636 | Throttled-deferred: 12 | Rate: 10/min | ETA 3.2h ---
[2026-08-06 19:13:12] --- Progress: 18494/20440 (90%) | New: 12169 | Fail: 3642 | Throttled-deferred: 12 | Rate: 10/min | ETA 3.2h ---
[2026-08-06 19:13:56] --- Progress: 18500/20440 (90%) | New: 12171 | Fail: 3646 | Throttled-deferred: 12 | Rate: 10/min | ETA 3.1h ---
[2026-08-06 19:14:05] [18504/20440] OK ~wheelock/HomeCam/index.html (1,563b) @20231015
[2026-08-06 19:16:01] --- Progress: 18521/20440 (90%) | New: 12188 | Fail: 3650 | Throttled-deferred: 12 | Rate: 10/min | ETA 3.1h ---
[2026-08-06 19:17:22] [18535/20440] OK ~whitby/coho.html (7,070b) @20060331
[2026-08-06 19:18:16] --- Progress: 18540/20440 (90%) | New: 12205 | Fail: 3652 | Throttled-deferred: 12 | Rate: 10/min | ETA 3.1h ---
[2026-08-06 19:19:41] --- Progress: 18550/20440 (90%) | New: 12210 | Fail: 3657 | Throttled-deferred: 12 | Rate: 10/min | ETA 3.1h ---
[2026-08-06 19:21:14] [18566/20440] OK ~whitby/paris.html (6,313b) @20231015
[2026-08-06 19:21:55] --- Progress: 18572/20440 (90%) | New: 12231 | Fail: 3658 | Throttled-deferred: 12 | Rate: 10/min | ETA 3.0h ---
[2026-08-06 19:23:19] [18592/20440] OK ~whtrose/gallery.html (2,841b) @20020201
[2026-08-06 19:23:59] --- Progress: 18596/20440 (90%) | New: 12253 | Fail: 3660 | Throttled-deferred: 12 | Rate: 10/min | ETA 3.0h ---
[2026-08-06 19:24:21] --- Progress: 18600/20440 (90%) | New: 12256 | Fail: 3661 | Throttled-deferred: 12 | Rate: 10/min | ETA 3.0h ---
[2026-08-06 19:26:22] --- Progress: 18620/20440 (91%) | New: 12274 | Fail: 3663 | Throttled-deferred: 12 | Rate: 10/min | ETA 3.0h ---
[2026-08-06 19:26:48] [18621/20440] OK ~wix/amazon/index.html (3,081b) @20210518
[2026-08-06 19:28:24] --- Progress: 18638/20440 (91%) | New: 12290 | Fail: 3665 | Throttled-deferred: 12 | Rate: 10/min | ETA 2.9h ---
[2026-08-06 19:30:27] --- Progress: 18649/20440 (91%) | New: 12297 | Fail: 3669 | Throttled-deferred: 12 | Rate: 10/min | ETA 2.9h ---
[2026-08-06 19:30:34] --- Progress: 18650/20440 (91%) | New: 12297 | Fail: 3670 | Throttled-deferred: 12 | Rate: 10/min | ETA 2.9h ---
[2026-08-06 19:30:51] [18653/20440] OK ~wix/weaver.htm (757b) @20211028
[2026-08-06 19:32:54] --- Progress: 18667/20440 (91%) | New: 12312 | Fail: 3672 | Throttled-deferred: 12 | Rate: 10/min | ETA 2.9h ---
[2026-08-06 19:34:59] --- Progress: 18679/20440 (91%) | New: 12316 | Fail: 3680 | Throttled-deferred: 12 | Rate: 10/min | ETA 2.9h ---
[2026-08-06 19:35:33] archive.org throttled 12 URL(s) — backing off 60s before pass 2. These are NOT recorded as failures.
[2026-08-06 19:36:33] --- pass 2/6: 12 URL(s), 3 worker(s) ---
[2026-08-06 19:36:57] [18691/20440] OK ~rayburn/woodsman/2chs30.jpg (2,647b) @20041125
[2026-08-06 19:37:09] --- Progress: 18693/20440 (91%) | New: 12327 | Fail: 3683 | Throttled-deferred: 0 | Rate: 10/min | ETA 2.8h ---
[2026-08-06 19:37:27] 
=== PHASE 3: Generating Index ===
[2026-08-06 19:37:30] WordPress PDF extraction: found 178 PDF(s)
[2026-08-06 19:38:16]   PDF OK: sha.pdf
[2026-08-06 19:38:51]   PDF OK: 0764575716.pdf
[2026-08-06 19:42:45]   PDF OK: Gitmofloorstatement061405.pdf
[2026-08-06 19:55:47]   PDF OK: ih98-tempest.pdf
[2026-08-06 19:55:47]   PDF OK: whitehouse.pdf
[2026-08-06 20:00:27]   PDF OK: juno-man.pdf
[2026-08-06 20:03:42]   PDF OK: muse120.pdf
[2026-08-06 20:03:49]   PDF OK: 55091d33e9c4060d798ba255a28b94cf.pdf
[2026-08-06 20:04:11]   PDF OK: Granville_Phillips_MKS_Gauge_Configuration_Guide_2014.pdf
[2026-08-06 20:04:20]   PDFs: 9 downloaded, 39 cached, 130 failed
[2026-08-06 20:04:20]   Missing PDFs list: /Users/esaruoho/work/merlib-mirror/sites/amasci.com/_missing_pdfs.txt
[2026-08-06 20:04:21] Generating index...
[2026-08-06 20:04:21] Index: 23270 files
[2026-08-06 20:04:21]   .txt: 8107
[2026-08-06 20:04:21]   .html: 6142
[2026-08-06 20:04:21]   .jpg: 2920
[2026-08-06 20:04:21]   .htm: 2180
[2026-08-06 20:04:21]   .gif: 2120
[2026-08-06 20:04:21]   .md: 825
[2026-08-06 20:04:21]   .shtml: 126
[2026-08-06 20:04:21]   .jpeg: 108
[2026-08-06 20:04:21]   .pdf: 93
[2026-08-06 20:04:21]   .zip: 70
[2026-08-06 20:04:21]   .png: 50
[2026-08-06 20:04:21]   .save: 24
[2026-08-06 20:04:21]   .doc: 21
[2026-08-06 20:04:21]   .exe: 20
[2026-08-06 20:04:21]   .xml: 19
[2026-08-06 20:04:21] 
============================================================
[2026-08-06 20:04:21] MIRROR COMPLETE
[2026-08-06 20:04:21] Total URLs: 20440
[2026-08-06 20:04:21] Downloaded: 14881
[2026-08-06 20:04:21] Failed: 3683
[2026-08-06 20:04:21] Files: 23270
[2026-08-06 20:04:21] ============================================================
[2026-08-06 20:04:21] 
Next step: fe-ingest.sh /Users/esaruoho/work/merlib-mirror/sites/amasci.com
[2026-08-06 20:14:11] ============================================================
[2026-08-06 20:14:11] WAYBACK MIRROR: amasci.com
[2026-08-06 20:14:11] Output: /Users/esaruoho/work/merlib-mirror/sites/amasci.com
[2026-08-06 20:14:11] Delay: 1.0s
[2026-08-06 20:14:11] ============================================================
[2026-08-06 20:14:11] Resuming: phase=downloading, 14881 already done
[2026-08-06 20:14:11] 
=== PHASE 2: Downloading ===
[2026-08-06 20:14:11] Collapsed 52 host-variant duplicate(s) to one fetch each
[2026-08-06 20:14:11] Skipping 1,742 unmirrorable URL(s) (server-side / WordPress plumbing) — not fetched, not counted as failures
[2026-08-06 20:14:11] Downloading 3,765 of 20,440 with 6 worker(s) (delay 1.0s each)
[2026-08-06 20:14:11] --- pass 1/6: 3,765 URL(s), 6 worker(s) ---
[2026-08-06 20:16:02] --- Progress: 14950/20440 (73%) | New: 9 | Fail: 8 | Throttled-deferred: 0 | Rate: 8052/min | ETA 0.0h ---
[2026-08-06 20:17:22] [14969/20440] OK ~bloo/indexdot/css/propindex/colorbg.htm (3,457b) @20020923
[2026-08-06 20:18:22] --- Progress: 14983/20440 (73%) | New: 39 | Fail: 11 | Throttled-deferred: 0 | Rate: 3582/min | ETA 0.0h ---
[2026-08-06 20:18:33] [14994/20440] OK ~bloo/indexdot/history/xhtml.htm (10,212b) @20040722
[2026-08-06 20:19:24] --- Progress: 15000/20440 (73%) | New: 56 | Fail: 11 | Throttled-deferred: 0 | Rate: 2870/min | ETA 0.0h ---
[2026-08-06 20:20:50] [15024/20440] OK ~bloo/mailmall/readme.html (3,057b) @20020729
[2026-08-06 20:21:28] --- Progress: 15026/20440 (73%) | New: 77 | Fail: 16 | Throttled-deferred: 0 | Rate: 2059/min | ETA 0.0h ---
[2026-08-06 20:23:33] --- Progress: 15048/20440 (73%) | New: 94 | Fail: 21 | Throttled-deferred: 0 | Rate: 1607/min | ETA 0.1h ---
[2026-08-06 20:23:34] --- Progress: 15050/20440 (73%) | New: 96 | Fail: 21 | Throttled-deferred: 0 | Rate: 1603/min | ETA 0.1h ---
[2026-08-06 20:23:42] [15054/20440] OK ~bpentium/beatles/apologize/webactetates.jpg (29,779b) @20050114
[2026-08-06 20:25:36] --- Progress: 15076/20440 (73%) | New: 122 | Fail: 21 | Throttled-deferred: 0 | Rate: 1321/min | ETA 0.1h ---
[2026-08-06 20:25:37] [15079/20440] OK ~bpentium/beatles/hbowl.html (6,413b) @20210518
[2026-08-06 20:26:58] --- Progress: 15100/20440 (73%) | New: 146 | Fail: 21 | Throttled-deferred: 0 | Rate: 1182/min | ETA 0.1h ---
[2026-08-06 20:27:40] [15104/20440] OK ~bpentium/beatles/snoozbar.gif (11,733b) @20210518
[2026-08-06 20:29:01] --- Progress: 15124/20440 (73%) | New: 170 | Fail: 21 | Throttled-deferred: 0 | Rate: 1019/min | ETA 0.1h ---
[2026-08-06 20:29:46] [15129/20440] OK ~bpentium/home/dunning2.jpg (15,791b) @20210518
[2026-08-06 20:31:04] --- Progress: 15143/20440 (74%) | New: 188 | Fail: 22 | Throttled-deferred: 0 | Rate: 896/min | ETA 0.1h ---
[2026-08-06 20:32:05] --- Progress: 15150/20440 (74%) | New: 193 | Fail: 24 | Throttled-deferred: 0 | Rate: 846/min | ETA 0.1h ---
[2026-08-06 20:32:59] [15160/20440] OK ~bpentium/ratfink.html (3,260b) @20020326
[2026-08-06 20:34:09] --- Progress: 15174/20440 (74%) | New: 212 | Fail: 29 | Throttled-deferred: 0 | Rate: 760/min | ETA 0.1h ---
[2026-08-06 20:35:47] [15190/20440] OK ~bradkir/bible/home/subjects/marriagesex/marriage.html (3,616b) @20200128
[2026-08-06 20:36:12] --- Progress: 15196/20440 (74%) | New: 231 | Fail: 32 | Throttled-deferred: 0 | Rate: 690/min | ETA 0.1h ---
[2026-08-06 20:36:20] --- Progress: 15200/20440 (74%) | New: 235 | Fail: 32 | Throttled-deferred: 0 | Rate: 686/min | ETA 0.1h ---
[2026-08-06 20:38:01] [15216/20440] OK ~burked/post1950/post1950.html (40,029b) @20190804
[2026-08-06 20:38:22] --- Progress: 15223/20440 (74%) | New: 257 | Fail: 33 | Throttled-deferred: 0 | Rate: 629/min | ETA 0.1h ---
[2026-08-06 20:40:04] [15244/20440] OK ~c180tom/al.jpg (6,381b) @20200128
[2026-08-06 20:40:19] --- Progress: 15250/20440 (74%) | New: 281 | Fail: 36 | Throttled-deferred: 0 | Rate: 583/min | ETA 0.1h ---
[2026-08-06 20:42:22] --- Progress: 15269/20440 (74%) | New: 298 | Fail: 38 | Throttled-deferred: 0 | Rate: 542/min | ETA 0.2h ---
[2026-08-06 20:42:23] [15271/20440] OK ~carcosa/bus.JPG (74,597b) @20190804
[2026-08-06 20:44:23] --- Progress: 15291/20440 (74%) | New: 317 | Fail: 41 | Throttled-deferred: 0 | Rate: 506/min | ETA 0.2h ---
[2026-08-06 20:44:35] [15299/20440] OK ~carol/T/tbabies.html (1,993b) @20010902
[2026-08-06 20:45:19] --- Progress: 15300/20440 (74%) | New: 326 | Fail: 41 | Throttled-deferred: 0 | Rate: 491/min | ETA 0.2h ---
[2026-08-06 20:47:23] --- Progress: 15323/20440 (74%) | New: 343 | Fail: 47 | Throttled-deferred: 0 | Rate: 461/min | ETA 0.2h ---
[2026-08-06 20:48:16] [15334/20440] OK ~cdickens/BiorhythmCurvesPEI.GIF (4,667b) @20200128
[2026-08-06 20:49:29] --- Progress: 15347/20440 (75%) | New: 360 | Fail: 54 | Throttled-deferred: 0 | Rate: 435/min | ETA 0.2h ---
[2026-08-06 20:49:45] --- Progress: 15350/20440 (75%) | New: 362 | Fail: 55 | Throttled-deferred: 0 | Rate: 431/min | ETA 0.2h ---
[2026-08-06 20:51:17] [15367/20440] OK ~chipa/3612b.JPG (33,256b) @20210518
[2026-08-06 20:51:50] --- Progress: 15373/20440 (75%) | New: 380 | Fail: 60 | Throttled-deferred: 0 | Rate: 408/min | ETA 0.2h ---
[2026-08-06 20:53:53] --- Progress: 15392/20440 (75%) | New: 395 | Fail: 64 | Throttled-deferred: 0 | Rate: 388/min | ETA 0.2h ---
[2026-08-06 20:54:45] [15399/20440] OK ~cjh/judges.html (1,857b) @20191221
[2026-08-06 20:54:46] --- Progress: 15400/20440 (75%) | New: 401 | Fail: 66 | Throttled-deferred: 0 | Rate: 379/min | ETA 0.2h ---
[2026-08-06 20:56:49] --- Progress: 15417/20440 (75%) | New: 413 | Fail: 71 | Throttled-deferred: 0 | Rate: 362/min | ETA 0.2h ---
[2026-08-06 20:58:14] [15433/20440] OK ~cwj2/whatyoucando3.html (24,998b) @20220428
[2026-08-06 20:58:51] --- Progress: 15439/20440 (75%) | New: 427 | Fail: 79 | Throttled-deferred: 0 | Rate: 346/min | ETA 0.2h ---
[2026-08-06 20:59:58] --- Progress: 15450/20440 (75%) | New: 435 | Fail: 82 | Throttled-deferred: 0 | Rate: 337/min | ETA 0.2h ---
[2026-08-06 21:01:55] [15468/20440] OK ~cwn/photos/bascinet_klapp_grill_front.jpg (22,301b) @20200128
[2026-08-06 21:02:03] --- Progress: 15469/20440 (75%) | New: 451 | Fail: 85 | Throttled-deferred: 0 | Rate: 323/min | ETA 0.3h ---
[2026-08-06 21:04:06] --- Progress: 15485/20440 (75%) | New: 465 | Fail: 87 | Throttled-deferred: 0 | Rate: 310/min | ETA 0.3h ---
[2026-08-06 21:05:09] [15495/20440] OK ~cwn/photos/para/wffc2000_1_tn.jpg (3,113b) @20050430
[2026-08-06 21:06:01] --- Progress: 15500/20440 (75%) | New: 480 | Fail: 87 | Throttled-deferred: 0 | Rate: 299/min | ETA 0.3h ---
[2026-08-06 21:08:05] --- Progress: 15517/20440 (75%) | New: 492 | Fail: 92 | Throttled-deferred: 0 | Rate: 288/min | ETA 0.3h ---
[2026-08-06 21:09:16] [15528/20440] OK ~dalus/bmw/all/engine/index.html (7,673b) @20190804
[2026-08-06 21:10:10] --- Progress: 15532/20440 (75%) | New: 501 | Fail: 98 | Throttled-deferred: 0 | Rate: 277/min | ETA 0.3h ---
[2026-08-06 21:12:12] --- Progress: 15545/20440 (76%) | New: 512 | Fail: 100 | Throttled-deferred: 0 | Rate: 268/min | ETA 0.3h ---
[2026-08-06 21:12:21] --- Progress: 15550/20440 (76%) | New: 515 | Fail: 102 | Throttled-deferred: 0 | Rate: 267/min | ETA 0.3h ---
[2026-08-06 21:13:30] [15561/20440] OK ~dalus/bmw/bmw.html (24,163b) @20191221
[2026-08-06 21:14:23] --- Progress: 15565/20440 (76%) | New: 529 | Fail: 103 | Throttled-deferred: 0 | Rate: 259/min | ETA 0.3h ---
[2026-08-06 21:16:24] --- Progress: 15579/20440 (76%) | New: 539 | Fail: 107 | Throttled-deferred: 0 | Rate: 250/min | ETA 0.3h ---
[2026-08-06 21:18:30] [15597/20440] OK ~davidk/politics/econopol.htm (2,782b) @20200128
[2026-08-06 21:18:30] --- Progress: 15597/20440 (76%) | New: 550 | Fail: 114 | Throttled-deferred: 0 | Rate: 242/min | ETA 0.3h ---
[2026-08-06 21:18:31] --- Progress: 15600/20440 (76%) | New: 551 | Fail: 116 | Throttled-deferred: 0 | Rate: 242/min | ETA 0.3h ---
[2026-08-06 21:20:32] --- Progress: 15611/20440 (76%) | New: 556 | Fail: 122 | Throttled-deferred: 0 | Rate: 235/min | ETA 0.3h ---
[2026-08-06 21:22:36] --- Progress: 15631/20440 (76%) | New: 569 | Fail: 129 | Throttled-deferred: 0 | Rate: 228/min | ETA 0.4h ---
[2026-08-06 21:23:52] [15640/20440] OK ~daylight/on_art.gif (516b) @20200128
[2026-08-06 21:24:38] --- Progress: 15645/20440 (76%) | New: 577 | Fail: 135 | Throttled-deferred: 0 | Rate: 222/min | ETA 0.4h ---
[2026-08-06 21:25:32] --- Progress: 15650/20440 (76%) | New: 580 | Fail: 137 | Throttled-deferred: 0 | Rate: 219/min | ETA 0.4h ---
[2026-08-06 21:27:34] --- Progress: 15665/20440 (76%) | New: 588 | Fail: 144 | Throttled-deferred: 0 | Rate: 213/min | ETA 0.4h ---
[2026-08-06 21:29:45] --- Progress: 15683/20440 (76%) | New: 599 | Fail: 151 | Throttled-deferred: 0 | Rate: 208/min | ETA 0.4h ---
[2026-08-06 21:29:45] [15684/20440] OK ~dcs/f04/f04alchem.html (4,748b) @20210518
[2026-08-06 21:31:06] --- Progress: 15700/20440 (76%) | New: 611 | Fail: 156 | Throttled-deferred: 0 | Rate: 204/min | ETA 0.4h ---
[2026-08-06 21:33:07] [15718/20440] OK ~dcs/s05/s05sard.html (3,459b) @20231015
[2026-08-06 21:33:07] --- Progress: 15718/20440 (76%) | New: 625 | Fail: 160 | Throttled-deferred: 0 | Rate: 199/min | ETA 0.4h ---
[2026-08-06 21:35:12] --- Progress: 15740/20440 (77%) | New: 641 | Fail: 166 | Throttled-deferred: 0 | Rate: 194/min | ETA 0.4h ---
[2026-08-06 21:35:59] --- Progress: 15750/20440 (77%) | New: 648 | Fail: 169 | Throttled-deferred: 0 | Rate: 193/min | ETA 0.4h ---
[2026-08-06 21:36:08] [15752/20440] OK ~demian/blessing.html (8,279b) @20020810
[2026-08-06 21:38:01] --- Progress: 15769/20440 (77%) | New: 662 | Fail: 174 | Throttled-deferred: 0 | Rate: 188/min | ETA 0.4h ---
[2026-08-06 21:40:04] --- Progress: 15784/20440 (77%) | New: 674 | Fail: 177 | Throttled-deferred: 0 | Rate: 184/min | ETA 0.4h ---
[2026-08-06 21:40:13] [15788/20440] OK ~demian/mr-d-p.html (10,813b) @20200128
[2026-08-06 21:41:28] --- Progress: 15800/20440 (77%) | New: 683 | Fail: 184 | Throttled-deferred: 0 | Rate: 181/min | ETA 0.4h ---
[2026-08-06 21:43:32] --- Progress: 15818/20440 (77%) | New: 694 | Fail: 191 | Throttled-deferred: 0 | Rate: 177/min | ETA 0.4h ---
[2026-08-06 21:45:20] [15831/20440] OK ~dianee/destinations/greece/_notes/jul13_gr.html (1,913b) @20030502
[2026-08-06 21:45:35] --- Progress: 15838/20440 (77%) | New: 704 | Fail: 201 | Throttled-deferred: 0 | Rate: 173/min | ETA 0.4h ---
[2026-08-06 21:47:16] --- Progress: 15850/20440 (77%) | New: 712 | Fail: 205 | Throttled-deferred: 0 | Rate: 170/min | ETA 0.4h ---
[2026-08-06 21:49:18] --- Progress: 15864/20440 (77%) | New: 718 | Fail: 213 | Throttled-deferred: 0 | Rate: 167/min | ETA 0.5h ---
[2026-08-06 21:50:55] [15878/20440] OK ~dobe/PNA500_XML.XML (151,185b) @20211028
[2026-08-06 21:51:21] --- Progress: 15879/20440 (77%) | New: 725 | Fail: 221 | Throttled-deferred: 0 | Rate: 163/min | ETA 0.5h ---
[2026-08-06 21:53:24] --- Progress: 15897/20440 (77%) | New: 734 | Fail: 230 | Throttled-deferred: 0 | Rate: 160/min | ETA 0.5h ---
[2026-08-06 21:53:47] --- Progress: 15900/20440 (77%) | New: 734 | Fail: 233 | Throttled-deferred: 0 | Rate: 160/min | ETA 0.5h ---
[2026-08-06 21:55:49] --- Progress: 15914/20440 (77%) | New: 741 | Fail: 240 | Throttled-deferred: 0 | Rate: 157/min | ETA 0.5h ---
[2026-08-06 21:57:30] [15931/20440] OK ~enumclaw/Resources/image69.gif (54,587b) @20041119
[2026-08-06 21:57:53] --- Progress: 15932/20440 (77%) | New: 751 | Fail: 248 | Throttled-deferred: 0 | Rate: 154/min | ETA 0.5h ---
[2026-08-06 21:59:34] --- Progress: 15950/20440 (78%) | New: 762 | Fail: 255 | Throttled-deferred: 0 | Rate: 151/min | ETA 0.5h ---
[2026-08-06 22:01:37] --- Progress: 15966/20440 (78%) | New: 772 | Fail: 261 | Throttled-deferred: 0 | Rate: 149/min | ETA 0.5h ---
[2026-08-06 22:01:37] [15969/20440] OK ~ericj/reviews/orangeroad/index.html (6,072b) @20210518
[2026-08-06 22:03:37] --- Progress: 15989/20440 (78%) | New: 791 | Fail: 265 | Throttled-deferred: 0 | Rate: 146/min | ETA 0.5h ---
[2026-08-06 22:04:19] [15999/20440] OK ~feminist/pres.msg.html (4,140b) @20211028
[2026-08-06 22:05:03] --- Progress: 16000/20440 (78%) | New: 801 | Fail: 266 | Throttled-deferred: 0 | Rate: 144/min | ETA 0.5h ---
[2026-08-06 22:07:08] --- Progress: 16017/20440 (78%) | New: 810 | Fail: 274 | Throttled-deferred: 0 | Rate: 142/min | ETA 0.5h ---
[2026-08-06 22:09:15] --- Progress: 16029/20440 (78%) | New: 817 | Fail: 279 | Throttled-deferred: 0 | Rate: 139/min | ETA 0.5h ---
[2026-08-06 22:11:09] [16044/20440] OK ~futon/Images/Economy/New_Yorker/TN/Taj.jpeg (2,576b) @20190804
[2026-08-06 22:11:17] --- Progress: 16045/20440 (78%) | New: 825 | Fail: 287 | Throttled-deferred: 0 | Rate: 137/min | ETA 0.5h ---
[2026-08-06 22:11:48] --- Progress: 16050/20440 (78%) | New: 826 | Fail: 291 | Throttled-deferred: 0 | Rate: 136/min | ETA 0.5h ---
[2026-08-06 22:13:51] --- Progress: 16070/20440 (78%) | New: 837 | Fail: 300 | Throttled-deferred: 0 | Rate: 134/min | ETA 0.5h ---
[2026-08-06 22:15:22] [16085/20440] OK ~gburlin/INTACT-L/archive/0303/index.html (44,892b) @20030427
[2026-08-06 22:15:54] --- Progress: 16089/20440 (78%) | New: 853 | Fail: 303 | Throttled-deferred: 0 | Rate: 132/min | ETA 0.5h ---
[2026-08-06 22:16:56] --- Progress: 16100/20440 (78%) | New: 858 | Fail: 309 | Throttled-deferred: 0 | Rate: 131/min | ETA 0.6h ---
[2026-08-06 22:19:18] --- Progress: 16118/20440 (78%) | New: 870 | Fail: 315 | Throttled-deferred: 0 | Rate: 129/min | ETA 0.6h ---
[2026-08-06 22:19:51] [16127/20440] OK ~ghawk/env.htm (564b) @20211028
[2026-08-06 22:21:23] --- Progress: 16137/20440 (78%) | New: 880 | Fail: 324 | Throttled-deferred: 0 | Rate: 127/min | ETA 0.6h ---
[2026-08-06 22:23:25] --- Progress: 16150/20440 (79%) | New: 885 | Fail: 332 | Throttled-deferred: 0 | Rate: 125/min | ETA 0.6h ---
[2026-08-06 22:25:28] --- Progress: 16165/20440 (79%) | New: 892 | Fail: 340 | Throttled-deferred: 0 | Rate: 123/min | ETA 0.6h ---
[2026-08-06 22:27:07] [16179/20440] OK ~gluhm/wildlife/oystertn.jpg (4,583b) @20190804
[2026-08-06 22:27:32] --- Progress: 16182/20440 (79%) | New: 902 | Fail: 347 | Throttled-deferred: 0 | Rate: 121/min | ETA 0.6h ---
[2026-08-06 22:29:37] --- Progress: 16200/20440 (79%) | New: 911 | Fail: 356 | Throttled-deferred: 0 | Rate: 120/min | ETA 0.6h ---
[2026-08-06 22:31:44] --- Progress: 16215/20440 (79%) | New: 916 | Fail: 366 | Throttled-deferred: 0 | Rate: 118/min | ETA 0.6h ---
[2026-08-06 22:33:46] --- Progress: 16230/20440 (79%) | New: 923 | Fail: 374 | Throttled-deferred: 0 | Rate: 116/min | ETA 0.6h ---
[2026-08-06 22:34:17] [16234/20440] OK ~hwang/haiku.htm (9,080b) @20210518
[2026-08-06 22:35:50] --- Progress: 16248/20440 (79%) | New: 933 | Fail: 382 | Throttled-deferred: 0 | Rate: 115/min | ETA 0.6h ---
[2026-08-06 22:36:04] --- Progress: 16250/20440 (79%) | New: 935 | Fail: 382 | Throttled-deferred: 0 | Rate: 115/min | ETA 0.6h ---
[2026-08-06 22:38:06] --- Progress: 16266/20440 (79%) | New: 944 | Fail: 389 | Throttled-deferred: 0 | Rate: 113/min | ETA 0.6h ---
[2026-08-06 22:39:15] [16276/20440] OK ~jbm/downloads/downloads_body.html (4,824b) @20191221
[2026-08-06 22:40:09] --- Progress: 16284/20440 (79%) | New: 957 | Fail: 394 | Throttled-deferred: 0 | Rate: 112/min | ETA 0.6h ---
[2026-08-06 22:42:12] --- Progress: 16298/20440 (79%) | New: 961 | Fail: 404 | Throttled-deferred: 0 | Rate: 110/min | ETA 0.6h ---
[2026-08-06 22:42:27] --- Progress: 16300/20440 (79%) | New: 962 | Fail: 405 | Throttled-deferred: 0 | Rate: 110/min | ETA 0.6h ---
[2026-08-06 22:44:22] [16320/20440] OK ~jet/javascript/switch/other.html (257b) @20041120
[2026-08-06 22:44:30] --- Progress: 16321/20440 (79%) | New: 976 | Fail: 412 | Throttled-deferred: 0 | Rate: 109/min | ETA 0.6h ---
[2026-08-06 22:46:32] --- Progress: 16335/20440 (79%) | New: 983 | Fail: 419 | Throttled-deferred: 0 | Rate: 107/min | ETA 0.6h ---
[2026-08-06 22:48:34] --- Progress: 16350/20440 (79%) | New: 989 | Fail: 428 | Throttled-deferred: 0 | Rate: 106/min | ETA 0.6h ---
[2026-08-06 22:50:36] --- Progress: 16364/20440 (80%) | New: 994 | Fail: 437 | Throttled-deferred: 0 | Rate: 105/min | ETA 0.6h ---
[2026-08-06 22:51:31] [16372/20440] OK ~jlk/m5fig37.jpg (13,410b) @20190804
[2026-08-06 22:52:41] --- Progress: 16380/20440 (80%) | New: 1003 | Fail: 444 | Throttled-deferred: 0 | Rate: 103/min | ETA 0.7h ---
[2026-08-06 22:54:48] --- Progress: 16399/20440 (80%) | New: 1015 | Fail: 451 | Throttled-deferred: 0 | Rate: 102/min | ETA 0.7h ---
[2026-08-06 22:55:06] --- Progress: 16400/20440 (80%) | New: 1015 | Fail: 452 | Throttled-deferred: 0 | Rate: 102/min | ETA 0.7h ---
[2026-08-06 22:56:55] [16416/20440] OK ~joanne/catalog/images/f1_.jpg (38,444b) @20211028
[2026-08-06 22:57:10] --- Progress: 16417/20440 (80%) | New: 1026 | Fail: 458 | Throttled-deferred: 0 | Rate: 101/min | ETA 0.7h ---
[2026-08-06 22:59:27] --- Progress: 16433/20440 (80%) | New: 1034 | Fail: 466 | Throttled-deferred: 0 | Rate: 99/min | ETA 0.7h ---
[2026-08-06 23:01:38] --- Progress: 16450/20440 (80%) | New: 1042 | Fail: 475 | Throttled-deferred: 0 | Rate: 98/min | ETA 0.7h ---
[2026-08-06 23:03:47] --- Progress: 16467/20440 (80%) | New: 1049 | Fail: 485 | Throttled-deferred: 0 | Rate: 97/min | ETA 0.7h ---
[2026-08-06 23:03:55] [16468/20440] OK ~jrp/k12.html (6,493b) @20190804
[2026-08-06 23:05:50] --- Progress: 16482/20440 (80%) | New: 1055 | Fail: 494 | Throttled-deferred: 0 | Rate: 96/min | ETA 0.7h ---
[2026-08-06 23:07:54] --- Progress: 16500/20440 (80%) | New: 1064 | Fail: 503 | Throttled-deferred: 0 | Rate: 95/min | ETA 0.7h ---
[2026-08-06 23:09:56] --- Progress: 16513/20440 (80%) | New: 1068 | Fail: 512 | Throttled-deferred: 0 | Rate: 94/min | ETA 0.7h ---
[2026-08-06 23:11:04] [16522/20440] OK ~kmcc/PHOTOS/03. Welcome Evening/slides/02.html (1,011b) @20200128
[2026-08-06 23:11:57] --- Progress: 16526/20440 (80%) | New: 1077 | Fail: 516 | Throttled-deferred: 0 | Rate: 93/min | ETA 0.7h ---
[2026-08-06 23:13:58] --- Progress: 16541/20440 (80%) | New: 1082 | Fail: 526 | Throttled-deferred: 0 | Rate: 92/min | ETA 0.7h ---
[2026-08-06 23:15:08] --- Progress: 16550/20440 (80%) | New: 1086 | Fail: 531 | Throttled-deferred: 0 | Rate: 91/min | ETA 0.7h ---
[2026-08-06 23:17:11] --- Progress: 16568/20440 (81%) | New: 1096 | Fail: 539 | Throttled-deferred: 0 | Rate: 91/min | ETA 0.7h ---
[2026-08-06 23:17:49] [16574/20440] OK ~knapper/artflvd.html (2,101b) @20211028
[2026-08-06 23:19:13] --- Progress: 16584/20440 (81%) | New: 1104 | Fail: 547 | Throttled-deferred: 0 | Rate: 90/min | ETA 0.7h ---
[2026-08-06 23:21:38] --- Progress: 16599/20440 (81%) | New: 1110 | Fail: 556 | Throttled-deferred: 0 | Rate: 89/min | ETA 0.7h ---
[2026-08-06 23:21:45] --- Progress: 16600/20440 (81%) | New: 1110 | Fail: 557 | Throttled-deferred: 0 | Rate: 88/min | ETA 0.7h ---
[2026-08-06 23:23:26] [16620/20440] OK ~krautm/chaco.html (7,698b) @20011118
[2026-08-06 23:23:56] --- Progress: 16624/20440 (81%) | New: 1125 | Fail: 566 | Throttled-deferred: 0 | Rate: 88/min | ETA 0.7h ---
[2026-08-06 23:26:06] --- Progress: 16643/20440 (81%) | New: 1140 | Fail: 570 | Throttled-deferred: 0 | Rate: 87/min | ETA 0.7h ---
[2026-08-06 23:26:25] --- Progress: 16650/20440 (81%) | New: 1145 | Fail: 572 | Throttled-deferred: 0 | Rate: 87/min | ETA 0.7h ---
[2026-08-06 23:27:20] [16656/20440] OK ~ktlange/MCIraqiTankinprotectivebunker3-91.jpg (34,567b) @20210518
[2026-08-06 23:28:31] --- Progress: 16664/20440 (81%) | New: 1157 | Fail: 574 | Throttled-deferred: 0 | Rate: 86/min | ETA 0.7h ---
[2026-08-06 23:29:42] [16682/20440] OK ~kyuss/index.html (15,219b) @20190804
[2026-08-06 23:30:34] --- Progress: 16685/20440 (81%) | New: 1177 | Fail: 575 | Throttled-deferred: 0 | Rate: 85/min | ETA 0.7h ---
[2026-08-06 23:31:48] --- Progress: 16700/20440 (81%) | New: 1192 | Fail: 575 | Throttled-deferred: 0 | Rate: 85/min | ETA 0.7h ---
[2026-08-06 23:32:49] [16709/20440] OK ~largesse/INDD/toptenreasons.html (8,837b) @20190804
[2026-08-06 23:33:52] --- Progress: 16721/20440 (81%) | New: 1210 | Fail: 578 | Throttled-deferred: 0 | Rate: 84/min | ETA 0.7h ---
[2026-08-06 23:34:57] [16736/20440] OK ~lisanne/images/bl/a02.gif (312b) @20030427
[2026-08-06 23:35:53] --- Progress: 16745/20440 (81%) | New: 1234 | Fail: 578 | Throttled-deferred: 0 | Rate: 83/min | ETA 0.7h ---
[2026-08-06 23:36:13] --- Progress: 16750/20440 (81%) | New: 1239 | Fail: 578 | Throttled-deferred: 0 | Rate: 83/min | ETA 0.7h ---
[2026-08-06 23:38:44] --- Progress: 16759/20440 (81%) | New: 1247 | Fail: 579 | Throttled-deferred: 0 | Rate: 82/min | ETA 0.7h ---
[2026-08-06 23:39:15] [16767/20440] OK ~lynnjohn/STRAFORD1603.html (11,885b) @20210518
[2026-08-06 23:41:14] --- Progress: 16787/20440 (82%) | New: 1266 | Fail: 588 | Throttled-deferred: 0 | Rate: 81/min | ETA 0.8h ---
[2026-08-06 23:41:35] [16799/20440] OK ~mcalpin/rem.htm (13,387b) @20020705
[2026-08-06 23:41:37] --- Progress: 16800/20440 (82%) | New: 1276 | Fail: 591 | Throttled-deferred: 0 | Rate: 81/min | ETA 0.7h ---
[2026-08-06 23:43:38] --- Progress: 16822/20440 (82%) | New: 1298 | Fail: 591 | Throttled-deferred: 0 | Rate: 80/min | ETA 0.8h ---
[2026-08-06 23:43:39] [16824/20440] OK ~mcalpin/store/yard/Patio Clocks & Thermometers.htm (20,564b) @20050124
[2026-08-06 23:45:42] --- Progress: 16842/20440 (82%) | New: 1316 | Fail: 593 | Throttled-deferred: 0 | Rate: 80/min | ETA 0.8h ---
[2026-08-06 23:46:26] --- Progress: 16850/20440 (82%) | New: 1323 | Fail: 594 | Throttled-deferred: 0 | Rate: 79/min | ETA 0.8h ---
[2026-08-06 23:46:27] [16852/20440] OK ~mighetto/lsexpert.htm (9,508b) @20210518
[2026-08-06 23:48:27] --- Progress: 16874/20440 (82%) | New: 1345 | Fail: 596 | Throttled-deferred: 0 | Rate: 79/min | ETA 0.8h ---
[2026-08-06 23:48:48] [16880/20440] OK ~mirader/lz/zepfest/index.html (2,327b) @20231015
[2026-08-06 23:50:32] --- Progress: 16895/20440 (82%) | New: 1363 | Fail: 599 | Throttled-deferred: 0 | Rate: 78/min | ETA 0.8h ---
[2026-08-06 23:50:43] --- Progress: 16900/20440 (82%) | New: 1367 | Fail: 600 | Throttled-deferred: 0 | Rate: 78/min | ETA 0.8h ---
[2026-08-06 23:51:01] [16909/20440] OK ~miyaguch/ls36/ls36p13.gif (3,672b) @20030427
[2026-08-06 23:52:46] --- Progress: 16925/20440 (82%) | New: 1388 | Fail: 604 | Throttled-deferred: 0 | Rate: 77/min | ETA 0.8h ---
[2026-08-06 23:53:48] [16939/20440] OK ~miyaguch/schmies.html (47,802b) @20020708
[2026-08-06 23:54:39] --- Progress: 16950/20440 (82%) | New: 1411 | Fail: 606 | Throttled-deferred: 0 | Rate: 77/min | ETA 0.8h ---
[2026-08-06 23:56:09] [16969/20440] OK ~mohundro/mush/lsh/lsh.nostalgia.html (3,620b) @20010902
[2026-08-06 23:56:45] --- Progress: 16976/20440 (83%) | New: 1432 | Fail: 611 | Throttled-deferred: 0 | Rate: 76/min | ETA 0.8h ---
[2026-08-06 23:59:04] --- Progress: 16994/20440 (83%) | New: 1449 | Fail: 612 | Throttled-deferred: 0 | Rate: 76/min | ETA 0.8h ---
[2026-08-06 23:59:12] [16995/20440] OK ~mvargas/gallery2/pages/snowmo_mike1.htm (1,146b) @20191221
[2026-08-06 23:59:21] --- Progress: 17000/20440 (83%) | New: 1454 | Fail: 613 | Throttled-deferred: 0 | Rate: 75/min | ETA 0.8h ---
[2026-08-07 00:01:39] --- Progress: 17018/20440 (83%) | New: 1469 | Fail: 616 | Throttled-deferred: 0 | Rate: 75/min | ETA 0.8h ---
[2026-08-07 00:02:28] [17027/20440] OK ~ncpa/morenews.html (852b) @20011117
[2026-08-07 00:03:50] --- Progress: 17039/20440 (83%) | New: 1484 | Fail: 622 | Throttled-deferred: 0 | Rate: 74/min | ETA 0.8h ---
[2026-08-07 00:04:59] --- Progress: 17050/20440 (83%) | New: 1490 | Fail: 627 | Throttled-deferred: 0 | Rate: 74/min | ETA 0.8h ---
[2026-08-07 00:06:55] [17068/20440] OK ~nickz/bike.html (6,808b) @20220428
[2026-08-07 00:07:18] --- Progress: 17070/20440 (83%) | New: 1502 | Fail: 635 | Throttled-deferred: 0 | Rate: 73/min | ETA 0.8h ---
[2026-08-07 00:09:28] --- Progress: 17089/20440 (83%) | New: 1516 | Fail: 640 | Throttled-deferred: 0 | Rate: 73/min | ETA 0.8h ---
[2026-08-07 00:10:38] [17100/20440] OK ~nickz/okie04/img/PA142444.JPG (53,224b) @20190804
[2026-08-07 00:10:38] --- Progress: 17100/20440 (83%) | New: 1525 | Fail: 642 | Throttled-deferred: 0 | Rate: 72/min | ETA 0.8h ---
[2026-08-07 00:12:41] --- Progress: 17120/20440 (83%) | New: 1542 | Fail: 645 | Throttled-deferred: 0 | Rate: 72/min | ETA 0.8h ---
[2026-08-07 00:13:44] [17131/20440] OK ~nickz/okie07/okie07.html (18,866b) @20190804
[2026-08-07 00:14:46] --- Progress: 17139/20440 (83%) | New: 1558 | Fail: 648 | Throttled-deferred: 0 | Rate: 71/min | ETA 0.8h ---
[2026-08-07 00:15:48] --- Progress: 17150/20440 (83%) | New: 1568 | Fail: 649 | Throttled-deferred: 0 | Rate: 71/min | ETA 0.8h ---
[2026-08-07 00:16:51] [17159/20440] OK ~nickz/uv/img/RC111391.JPG (25,150b) @20191221
[2026-08-07 00:17:51] --- Progress: 17164/20440 (83%) | New: 1579 | Fail: 652 | Throttled-deferred: 0 | Rate: 70/min | ETA 0.8h ---
[2026-08-07 00:19:53] --- Progress: 17179/20440 (84%) | New: 1588 | Fail: 658 | Throttled-deferred: 0 | Rate: 70/min | ETA 0.8h ---
[2026-08-07 00:21:19] [17195/20440] OK ~noir/ftitles/glassk/glass03t.jpg (5,737b) @20211028
[2026-08-07 00:21:56] --- Progress: 17196/20440 (84%) | New: 1601 | Fail: 662 | Throttled-deferred: 0 | Rate: 69/min | ETA 0.8h ---
[2026-08-07 00:21:57] --- Progress: 17200/20440 (84%) | New: 1605 | Fail: 662 | Throttled-deferred: 0 | Rate: 69/min | ETA 0.8h ---
[2026-08-07 00:23:59] --- Progress: 17213/20440 (84%) | New: 1615 | Fail: 665 | Throttled-deferred: 0 | Rate: 69/min | ETA 0.8h ---
[2026-08-07 00:25:46] [17227/20440] OK ~noir/ftitles/outpast/index.shtml (4,694b) @20200128
[2026-08-07 00:26:02] --- Progress: 17230/20440 (84%) | New: 1627 | Fail: 670 | Throttled-deferred: 0 | Rate: 68/min | ETA 0.8h ---
[2026-08-07 00:28:04] --- Progress: 17247/20440 (84%) | New: 1640 | Fail: 674 | Throttled-deferred: 0 | Rate: 68/min | ETA 0.8h ---
[2026-08-07 00:28:05] --- Progress: 17250/20440 (84%) | New: 1641 | Fail: 676 | Throttled-deferred: 0 | Rate: 68/min | ETA 0.8h ---
[2026-08-07 00:29:07] [17260/20440] OK ~ogre/beginner/20010508.html (52,876b) @20210518
[2026-08-07 00:30:07] --- Progress: 17269/20440 (84%) | New: 1656 | Fail: 680 | Throttled-deferred: 0 | Rate: 67/min | ETA 0.8h ---
[2026-08-07 00:32:11] --- Progress: 17287/20440 (84%) | New: 1670 | Fail: 684 | Throttled-deferred: 0 | Rate: 67/min | ETA 0.8h ---
[2026-08-07 00:33:14] [17295/20440] OK ~ogre/links/tab.html (27,138b) @20191221
[2026-08-07 00:34:15] --- Progress: 17300/20440 (84%) | New: 1679 | Fail: 688 | Throttled-deferred: 0 | Rate: 67/min | ETA 0.8h ---
[2026-08-07 00:36:18] --- Progress: 17317/20440 (84%) | New: 1691 | Fail: 693 | Throttled-deferred: 0 | Rate: 66/min | ETA 0.8h ---
[2026-08-07 00:37:28] [17329/20440] OK ~p0lez1/5245L/index.html (492b) @20200128
[2026-08-07 00:38:29] --- Progress: 17336/20440 (84%) | New: 1705 | Fail: 698 | Throttled-deferred: 0 | Rate: 66/min | ETA 0.8h ---
[2026-08-07 00:39:45] --- Progress: 17350/20440 (84%) | New: 1714 | Fail: 703 | Throttled-deferred: 0 | Rate: 65/min | ETA 0.8h ---
[2026-08-07 00:41:47] --- Progress: 17367/20440 (84%) | New: 1724 | Fail: 710 | Throttled-deferred: 0 | Rate: 65/min | ETA 0.8h ---
[2026-08-07 00:41:57] [17371/20440] OK ~parents/webpre/dv/results2002.html (6,437b) @20190804
[2026-08-07 00:43:50] --- Progress: 17380/20440 (85%) | New: 1727 | Fail: 720 | Throttled-deferred: 0 | Rate: 64/min | ETA 0.8h ---
[2026-08-07 00:45:46] --- Progress: 17400/20440 (85%) | New: 1739 | Fail: 728 | Throttled-deferred: 0 | Rate: 64/min | ETA 0.8h ---
[2026-08-07 00:47:48] --- Progress: 17415/20440 (85%) | New: 1743 | Fail: 739 | Throttled-deferred: 0 | Rate: 64/min | ETA 0.8h ---
[2026-08-07 00:48:58] [17424/20440] OK ~pbender/nba-daily/final/stand-final13-14.txt (14,065b) @20220428
[2026-08-07 00:49:59] --- Progress: 17431/20440 (85%) | New: 1754 | Fail: 744 | Throttled-deferred: 0 | Rate: 63/min | ETA 0.8h ---
[2026-08-07 00:52:02] --- Progress: 17445/20440 (85%) | New: 1761 | Fail: 751 | Throttled-deferred: 0 | Rate: 63/min | ETA 0.8h ---
[2026-08-07 00:52:10] --- Progress: 17450/20440 (85%) | New: 1761 | Fail: 756 | Throttled-deferred: 0 | Rate: 63/min | ETA 0.8h ---
[2026-08-07 00:54:13] --- Progress: 17467/20440 (85%) | New: 1773 | Fail: 761 | Throttled-deferred: 0 | Rate: 62/min | ETA 0.8h ---
[2026-08-07 00:54:43] [17469/20440] OK ~pc22/Trips/index.html (732b) @20211028
[2026-08-07 00:56:14] --- Progress: 17485/20440 (85%) | New: 1786 | Fail: 766 | Throttled-deferred: 0 | Rate: 62/min | ETA 0.8h ---
[2026-08-07 00:57:48] --- Progress: 17500/20440 (85%) | New: 1798 | Fail: 769 | Throttled-deferred: 0 | Rate: 62/min | ETA 0.8h ---
[2026-08-07 00:58:11] [17503/20440] OK ~physmith/desert.jpg (2,109b) @20210518
[2026-08-07 00:59:51] --- Progress: 17523/20440 (85%) | New: 1816 | Fail: 774 | Throttled-deferred: 0 | Rate: 61/min | ETA 0.8h ---
[2026-08-07 01:01:41] [17538/20440] OK ~physmith/turqmot.jpg (5,303b) @20200128
[2026-08-07 01:01:56] --- Progress: 17539/20440 (85%) | New: 1826 | Fail: 780 | Throttled-deferred: 0 | Rate: 61/min | ETA 0.8h ---
[2026-08-07 01:03:42] --- Progress: 17550/20440 (85%) | New: 1831 | Fail: 786 | Throttled-deferred: 0 | Rate: 61/min | ETA 0.8h ---
[2026-08-07 01:05:48] --- Progress: 17563/20440 (85%) | New: 1832 | Fail: 798 | Throttled-deferred: 0 | Rate: 60/min | ETA 0.8h ---
[2026-08-07 01:07:50] --- Progress: 17575/20440 (85%) | New: 1834 | Fail: 808 | Throttled-deferred: 0 | Rate: 60/min | ETA 0.8h ---
[2026-08-07 01:09:52] --- Progress: 17586/20440 (86%) | New: 1834 | Fail: 819 | Throttled-deferred: 0 | Rate: 59/min | ETA 0.8h ---
[2026-08-07 01:11:17] --- Progress: 17600/20440 (86%) | New: 1840 | Fail: 827 | Throttled-deferred: 0 | Rate: 59/min | ETA 0.8h ---
[2026-08-07 01:13:30] --- Progress: 17617/20440 (86%) | New: 1849 | Fail: 835 | Throttled-deferred: 0 | Rate: 59/min | ETA 0.8h ---
[2026-08-07 01:13:35] [17618/20440] OK ~pristine/images/hotlinehelper.gif (296b) @20211028
[2026-08-07 01:15:45] --- Progress: 17637/20440 (86%) | New: 1863 | Fail: 841 | Throttled-deferred: 0 | Rate: 58/min | ETA 0.8h ---
[2026-08-07 01:17:40] --- Progress: 17650/20440 (86%) | New: 1868 | Fail: 849 | Throttled-deferred: 0 | Rate: 58/min | ETA 0.8h ---
[2026-08-07 01:19:11] [17662/20440] OK ~pristine/images/publicspace.gif (333b) @20211028
[2026-08-07 01:19:40] --- Progress: 17664/20440 (86%) | New: 1876 | Fail: 855 | Throttled-deferred: 0 | Rate: 58/min | ETA 0.8h ---
[2026-08-07 01:21:44] --- Progress: 17681/20440 (86%) | New: 1889 | Fail: 859 | Throttled-deferred: 0 | Rate: 57/min | ETA 0.8h ---
[2026-08-07 01:23:52] --- Progress: 17697/20440 (86%) | New: 1896 | Fail: 868 | Throttled-deferred: 0 | Rate: 57/min | ETA 0.8h ---
[2026-08-07 01:24:14] --- Progress: 17700/20440 (86%) | New: 1897 | Fail: 870 | Throttled-deferred: 0 | Rate: 57/min | ETA 0.8h ---
[2026-08-07 01:25:38] [17711/20440] OK ~pristine/para.html (52,587b) @20200128
[2026-08-07 01:26:28] --- Progress: 17718/20440 (86%) | New: 1905 | Fail: 880 | Throttled-deferred: 0 | Rate: 57/min | ETA 0.8h ---
[2026-08-07 01:28:28] --- Progress: 17733/20440 (86%) | New: 1909 | Fail: 891 | Throttled-deferred: 0 | Rate: 56/min | ETA 0.8h ---
[2026-08-07 01:30:29] --- Progress: 17747/20440 (86%) | New: 1913 | Fail: 901 | Throttled-deferred: 0 | Rate: 56/min | ETA 0.8h ---
[2026-08-07 01:30:59] --- Progress: 17750/20440 (86%) | New: 1914 | Fail: 903 | Throttled-deferred: 0 | Rate: 56/min | ETA 0.8h ---
[2026-08-07 01:32:50] [17770/20440] OK ~ralphj/eagledancer1.html (3,115b) @20041117
[2026-08-07 01:33:03] --- Progress: 17771/20440 (86%) | New: 1926 | Fail: 912 | Throttled-deferred: 0 | Rate: 56/min | ETA 0.8h ---
[2026-08-07 01:35:09] --- Progress: 17791/20440 (87%) | New: 1937 | Fail: 921 | Throttled-deferred: 0 | Rate: 55/min | ETA 0.8h ---
[2026-08-07 01:36:13] --- Progress: 17800/20440 (87%) | New: 1944 | Fail: 923 | Throttled-deferred: 0 | Rate: 55/min | ETA 0.8h ---
[2026-08-07 01:37:40] [17813/20440] OK ~ralphj/xmu75.jpg (66,666b) @20040707
[2026-08-07 01:38:25] --- Progress: 17818/20440 (87%) | New: 1952 | Fail: 933 | Throttled-deferred: 0 | Rate: 55/min | ETA 0.8h ---
[2026-08-07 01:40:27] --- Progress: 17833/20440 (87%) | New: 1959 | Fail: 941 | Throttled-deferred: 0 | Rate: 55/min | ETA 0.8h ---
[2026-08-07 01:42:37] --- Progress: 17850/20440 (87%) | New: 1967 | Fail: 950 | Throttled-deferred: 0 | Rate: 54/min | ETA 0.8h ---
[2026-08-07 01:43:39] [17861/20440] OK ~rarnold/education.htm (103,794b) @20190804
[2026-08-07 01:44:40] --- Progress: 17876/20440 (87%) | New: 1986 | Fail: 957 | Throttled-deferred: 0 | Rate: 54/min | ETA 0.8h ---
[2026-08-07 01:46:41] --- Progress: 17894/20440 (87%) | New: 1995 | Fail: 966 | Throttled-deferred: 0 | Rate: 54/min | ETA 0.8h ---
[2026-08-07 01:47:20] --- Progress: 17900/20440 (87%) | New: 1997 | Fail: 970 | Throttled-deferred: 0 | Rate: 54/min | ETA 0.8h ---
[2026-08-07 01:48:25] [17909/20440] OK ~recall/bleed/0211.htm (33,371b) @20190804
[2026-08-07 01:49:23] --- Progress: 17913/20440 (87%) | New: 2001 | Fail: 979 | Throttled-deferred: 0 | Rate: 53/min | ETA 0.8h ---
[2026-08-07 01:51:27] --- Progress: 17932/20440 (87%) | New: 2010 | Fail: 989 | Throttled-deferred: 0 | Rate: 53/min | ETA 0.8h ---
[2026-08-07 01:53:31] --- Progress: 17946/20440 (87%) | New: 2016 | Fail: 997 | Throttled-deferred: 0 | Rate: 53/min | ETA 0.8h ---
[2026-08-07 01:54:08] --- Progress: 17950/20440 (87%) | New: 2017 | Fail: 1000 | Throttled-deferred: 0 | Rate: 53/min | ETA 0.8h ---
[2026-08-07 01:56:10] --- Progress: 17967/20440 (87%) | New: 2023 | Fail: 1011 | Throttled-deferred: 0 | Rate: 53/min | ETA 0.8h ---
[2026-08-07 01:56:12] [17969/20440] OK ~samoyed/iwpa/0001/entry_status.htm (87,293b) @20010908
[2026-08-07 01:58:21] --- Progress: 17984/20440 (87%) | New: 2030 | Fail: 1021 | Throttled-deferred: 0 | Rate: 52/min | ETA 0.8h ---
[2026-08-07 02:00:25] --- Progress: 17999/20440 (88%) | New: 2036 | Fail: 1030 | Throttled-deferred: 0 | Rate: 52/min | ETA 0.8h ---
[2026-08-07 02:00:36] --- Progress: 18000/20440 (88%) | New: 2036 | Fail: 1031 | Throttled-deferred: 0 | Rate: 52/min | ETA 0.8h ---
[2026-08-07 02:02:39] --- Progress: 18018/20440 (88%) | New: 2044 | Fail: 1041 | Throttled-deferred: 0 | Rate: 52/min | ETA 0.8h ---
[2026-08-07 02:03:58] [18030/20440] OK ~samoyed/iwpa/9899/Notes1-15.htm (10,842b) @20050420
[2026-08-07 02:04:40] --- Progress: 18039/20440 (88%) | New: 2056 | Fail: 1050 | Throttled-deferred: 0 | Rate: 51/min | ETA 0.8h ---
[2026-08-07 02:05:44] --- Progress: 18050/20440 (88%) | New: 2062 | Fail: 1055 | Throttled-deferred: 0 | Rate: 51/min | ETA 0.8h ---
[2026-08-07 02:07:56] --- Progress: 18071/20440 (88%) | New: 2073 | Fail: 1065 | Throttled-deferred: 0 | Rate: 51/min | ETA 0.8h ---
[2026-08-07 02:09:11] [18080/20440] OK ~starship/product_3.html (15,246b) @20210518
[2026-08-07 02:10:05] --- Progress: 18091/20440 (88%) | New: 2083 | Fail: 1075 | Throttled-deferred: 0 | Rate: 51/min | ETA 0.8h ---
[2026-08-07 02:10:53] --- Progress: 18100/20440 (88%) | New: 2088 | Fail: 1079 | Throttled-deferred: 0 | Rate: 51/min | ETA 0.8h ---
[2026-08-07 02:13:02] --- Progress: 18118/20440 (88%) | New: 2097 | Fail: 1088 | Throttled-deferred: 0 | Rate: 50/min | ETA 0.8h ---
[2026-08-07 02:13:51] [18126/20440] OK ~tegan/aqua/media/collectors.html (4,789b) @20200128
[2026-08-07 02:15:07] --- Progress: 18141/20440 (88%) | New: 2110 | Fail: 1098 | Throttled-deferred: 0 | Rate: 50/min | ETA 0.8h ---
[2026-08-07 02:16:10] --- Progress: 18150/20440 (88%) | New: 2116 | Fail: 1101 | Throttled-deferred: 0 | Rate: 50/min | ETA 0.8h ---
[2026-08-07 02:18:11] --- Progress: 18164/20440 (88%) | New: 2120 | Fail: 1111 | Throttled-deferred: 0 | Rate: 50/min | ETA 0.8h ---
[2026-08-07 02:18:58] [18171/20440] OK ~tegan/cp/cpf00.html (1,591b) @20190804
[2026-08-07 02:20:23] --- Progress: 18182/20440 (88%) | New: 2129 | Fail: 1120 | Throttled-deferred: 0 | Rate: 50/min | ETA 0.8h ---
[2026-08-07 02:22:26] --- Progress: 18200/20440 (89%) | New: 2141 | Fail: 1126 | Throttled-deferred: 0 | Rate: 49/min | ETA 0.8h ---
[2026-08-07 02:23:46] [18214/20440] OK ~telical/order.html (7,951b) @20220428
[2026-08-07 02:24:30] --- Progress: 18222/20440 (89%) | New: 2155 | Fail: 1134 | Throttled-deferred: 0 | Rate: 49/min | ETA 0.8h ---
[2026-08-07 02:26:31] --- Progress: 18235/20440 (89%) | New: 2158 | Fail: 1144 | Throttled-deferred: 0 | Rate: 49/min | ETA 0.8h ---
[2026-08-07 02:28:25] --- Progress: 18250/20440 (89%) | New: 2166 | Fail: 1151 | Throttled-deferred: 0 | Rate: 49/min | ETA 0.7h ---
[2026-08-07 02:29:41] [18262/20440] OK ~tlotus/images/EgyptDiveFish.jpg (12,718b) @20210518
[2026-08-07 02:30:30] --- Progress: 18273/20440 (89%) | New: 2184 | Fail: 1156 | Throttled-deferred: 0 | Rate: 49/min | ETA 0.7h ---
[2026-08-07 02:32:38] --- Progress: 18291/20440 (89%) | New: 2196 | Fail: 1162 | Throttled-deferred: 0 | Rate: 48/min | ETA 0.7h ---
[2026-08-07 02:33:40] --- Progress: 18300/20440 (89%) | New: 2199 | Fail: 1168 | Throttled-deferred: 0 | Rate: 48/min | ETA 0.7h ---
[2026-08-07 02:33:47] [18302/20440] OK ~turing/remailer/FAQ/faq.3.html (24,284b) @20020610
[2026-08-07 02:35:59] --- Progress: 18321/20440 (89%) | New: 2213 | Fail: 1175 | Throttled-deferred: 0 | Rate: 48/min | ETA 0.7h ---
[2026-08-07 02:38:11] --- Progress: 18339/20440 (89%) | New: 2222 | Fail: 1184 | Throttled-deferred: 0 | Rate: 48/min | ETA 0.7h ---
[2026-08-07 02:38:43] [18343/20440] OK ~two/219.htm (45,448b) @20190804
[2026-08-07 02:39:45] --- Progress: 18350/20440 (89%) | New: 2230 | Fail: 1187 | Throttled-deferred: 0 | Rate: 48/min | ETA 0.7h ---
[2026-08-07 02:41:50] --- Progress: 18374/20440 (89%) | New: 2245 | Fail: 1196 | Throttled-deferred: 0 | Rate: 47/min | ETA 0.7h ---
[2026-08-07 02:43:08] [18384/20440] OK ~vecna/altonbrown_becca.html (1,306b) @20220428
[2026-08-07 02:43:55] --- Progress: 18388/20440 (89%) | New: 2250 | Fail: 1205 | Throttled-deferred: 0 | Rate: 47/min | ETA 0.7h ---
[2026-08-07 02:45:13] --- Progress: 18400/20440 (90%) | New: 2255 | Fail: 1212 | Throttled-deferred: 0 | Rate: 47/min | ETA 0.7h ---
[2026-08-07 02:47:13] --- Progress: 18416/20440 (90%) | New: 2265 | Fail: 1218 | Throttled-deferred: 0 | Rate: 47/min | ETA 0.7h ---
[2026-08-07 02:49:18] --- Progress: 18431/20440 (90%) | New: 2271 | Fail: 1227 | Throttled-deferred: 0 | Rate: 47/min | ETA 0.7h ---
[2026-08-07 02:50:27] [18440/20440] OK ~vecna/sev2.jpg (4,571b) @20191221
[2026-08-07 02:51:21] --- Progress: 18446/20440 (90%) | New: 2279 | Fail: 1234 | Throttled-deferred: 0 | Rate: 46/min | ETA 0.7h ---
[2026-08-07 02:52:00] --- Progress: 18450/20440 (90%) | New: 2282 | Fail: 1235 | Throttled-deferred: 0 | Rate: 46/min | ETA 0.7h ---
[2026-08-07 02:54:07] --- Progress: 18464/20440 (90%) | New: 2287 | Fail: 1244 | Throttled-deferred: 0 | Rate: 46/min | ETA 0.7h ---
[2026-08-07 02:56:11] --- Progress: 18483/20440 (90%) | New: 2297 | Fail: 1253 | Throttled-deferred: 0 | Rate: 46/min | ETA 0.7h ---
[2026-08-07 02:56:35] [18488/20440] OK ~wallama/images/lcbanner7b.gif (11,316b) @20031120
[2026-08-07 02:57:52] --- Progress: 18500/20440 (90%) | New: 2306 | Fail: 1261 | Throttled-deferred: 0 | Rate: 46/min | ETA 0.7h ---
[2026-08-07 02:59:52] --- Progress: 18514/20440 (90%) | New: 2313 | Fail: 1268 | Throttled-deferred: 0 | Rate: 46/min | ETA 0.7h ---
[2026-08-07 03:01:58] --- Progress: 18532/20440 (90%) | New: 2324 | Fail: 1275 | Throttled-deferred: 0 | Rate: 45/min | ETA 0.7h ---
[2026-08-07 03:01:58] [18533/20440] OK ~wayneld/slowme.html (1,518b) @20190804
[2026-08-07 03:04:00] --- Progress: 18549/20440 (90%) | New: 2335 | Fail: 1281 | Throttled-deferred: 0 | Rate: 45/min | ETA 0.7h ---
[2026-08-07 03:04:44] --- Progress: 18550/20440 (90%) | New: 2335 | Fail: 1282 | Throttled-deferred: 0 | Rate: 45/min | ETA 0.7h ---
[2026-08-07 03:07:04] --- Progress: 18571/20440 (90%) | New: 2346 | Fail: 1292 | Throttled-deferred: 0 | Rate: 45/min | ETA 0.7h ---
[2026-08-07 03:09:04] --- Progress: 18585/20440 (90%) | New: 2348 | Fail: 1304 | Throttled-deferred: 0 | Rate: 45/min | ETA 0.7h ---
[2026-08-07 03:09:23] [18588/20440] OK ~weidai/scan-mirror/csp.html (478b) @20210518
[2026-08-07 03:10:46] --- Progress: 18600/20440 (90%) | New: 2355 | Fail: 1312 | Throttled-deferred: 0 | Rate: 45/min | ETA 0.7h ---
[2026-08-07 03:13:14] --- Progress: 18619/20440 (91%) | New: 2365 | Fail: 1321 | Throttled-deferred: 0 | Rate: 44/min | ETA 0.7h ---
[2026-08-07 03:15:16] --- Progress: 18637/20440 (91%) | New: 2371 | Fail: 1333 | Throttled-deferred: 0 | Rate: 44/min | ETA 0.7h ---
[2026-08-07 03:16:01] [18646/20440] OK ~wesn/waflyfishers/msg07728.html (3,881b) @20220428
[2026-08-07 03:16:29] --- Progress: 18650/20440 (91%) | New: 2377 | Fail: 1340 | Throttled-deferred: 0 | Rate: 44/min | ETA 0.7h ---
[2026-08-07 03:18:29] --- Progress: 18666/20440 (91%) | New: 2385 | Fail: 1348 | Throttled-deferred: 0 | Rate: 44/min | ETA 0.7h ---
[2026-08-07 03:20:47] --- Progress: 18684/20440 (91%) | New: 2395 | Fail: 1356 | Throttled-deferred: 0 | Rate: 44/min | ETA 0.7h ---
[2026-08-07 03:22:45] [18698/20440] OK ~yijing/text/yi_3.html (61,391b) @20200128
[2026-08-07 03:22:45] 
=== PHASE 3: Generating Index ===
[2026-08-07 03:22:48] WordPress PDF extraction: found 189 PDF(s)
[2026-08-07 03:23:01]   PDF OK: optical_tempest.pdf
[2026-08-07 03:41:52]   PDF OK: ieee02-optical.pdf
[2026-08-07 03:56:15]   PDFs: 2 downloaded, 48 cached, 139 failed
[2026-08-07 03:56:15]   Missing PDFs list: /Users/esaruoho/work/merlib-mirror/sites/amasci.com/_missing_pdfs.txt
[2026-08-07 03:56:15] Generating index...
[2026-08-07 03:56:15] Index: 26870 files
[2026-08-07 03:56:15]   .txt: 9436
[2026-08-07 03:56:15]   .html: 7112
[2026-08-07 03:56:15]   .jpg: 3458
[2026-08-07 03:56:15]   .htm: 2510
[2026-08-07 03:56:15]   .gif: 2447
[2026-08-07 03:56:15]   .md: 825
[2026-08-07 03:56:15]   .shtml: 158
[2026-08-07 03:56:15]   .jpeg: 121
[2026-08-07 03:56:15]   .pdf: 104
[2026-08-07 03:56:15]   .zip: 70
[2026-08-07 03:56:15]   .png: 56
[2026-08-07 03:56:15]   .doc: 25
[2026-08-07 03:56:15]   .save: 24
[2026-08-07 03:56:15]   .exe: 22
[2026-08-07 03:56:15]   .xml: 21
[2026-08-07 03:56:15] 
============================================================
[2026-08-07 03:56:15] MIRROR COMPLETE
[2026-08-07 03:56:15] Total URLs: 20440
[2026-08-07 03:56:15] Downloaded: 17281
[2026-08-07 03:56:15] Failed: 1365
[2026-08-07 03:56:15] Files: 26870
[2026-08-07 03:56:15] ============================================================
[2026-08-07 03:56:15] 
Next step: fe-ingest.sh /Users/esaruoho/work/merlib-mirror/sites/amasci.com
[2026-08-07 04:20:44] ============================================================
[2026-08-07 04:20:44] WAYBACK MIRROR: amasci.com
[2026-08-07 04:20:44] Output: /Users/esaruoho/work/merlib-mirror/sites/amasci.com
[2026-08-07 04:20:44] Delay: 1.0s
[2026-08-07 04:20:44] ============================================================
[2026-08-07 04:20:44] Resuming: phase=downloading, 17281 already done
[2026-08-07 04:20:44] 
=== PHASE 2: Downloading ===
[2026-08-07 04:20:44] Collapsed 34 host-variant duplicate(s) to one fetch each
[2026-08-07 04:20:44] Skipping 1,742 unmirrorable URL(s) (server-side / WordPress plumbing) — not fetched, not counted as failures
[2026-08-07 04:20:44] Downloading 1,383 of 20,440 with 6 worker(s) (delay 1.0s each)
[2026-08-07 04:20:44] --- pass 1/6: 1,383 URL(s), 6 worker(s) ---
[2026-08-07 04:23:21] --- Progress: 17328/20440 (84%) | New: 0 | Fail: 13 | Throttled-deferred: 0 | Rate: 6603/min | ETA 0.0h ---
[2026-08-07 04:25:27] --- Progress: 17350/20440 (84%) | New: 8 | Fail: 27 | Throttled-deferred: 0 | Rate: 3676/min | ETA 0.0h ---
[2026-08-07 04:27:07] [17372/20440] OK ~chance/montana/q.html (1,074b) @20010921
[2026-08-07 04:27:56] --- Progress: 17378/20440 (85%) | New: 31 | Fail: 32 | Throttled-deferred: 0 | Rate: 2414/min | ETA 0.0h ---
[2026-08-07 04:29:18] --- Progress: 17400/20440 (85%) | New: 48 | Fail: 37 | Throttled-deferred: 0 | Rate: 2031/min | ETA 0.0h ---
[2026-08-07 04:29:19] [17402/20440] OK ~cwn/photos/para/wffc2000_2_tn.jpg (3,471b) @20050430
[2026-08-07 04:31:22] --- Progress: 17428/20440 (85%) | New: 74 | Fail: 39 | Throttled-deferred: 0 | Rate: 1639/min | ETA 0.0h ---
[2026-08-07 04:31:22] [17429/20440] OK ~dammit/auc/misctea.JPG (22,630b) @20231015
[2026-08-07 04:33:17] --- Progress: 17450/20440 (85%) | New: 94 | Fail: 41 | Throttled-deferred: 0 | Rate: 1391/min | ETA 0.0h ---
[2026-08-07 04:34:08] [17457/20440] OK ~daylight/Pix/EA/ASHLAR2.GIF (6,544b) @20190804
[2026-08-07 04:35:20] --- Progress: 17478/20440 (85%) | New: 121 | Fail: 42 | Throttled-deferred: 0 | Rate: 1197/min | ETA 0.0h ---
[2026-08-07 04:35:28] [17482/20440] OK ~dcs/s05/poeticsCallan.pdf (111,540b) @20231015
[2026-08-07 04:36:30] --- Progress: 17500/20440 (85%) | New: 143 | Fail: 42 | Throttled-deferred: 0 | Rate: 1109/min | ETA 0.0h ---
[2026-08-07 04:37:16] [17507/20440] OK ~demian/sw-d08.html (3,643b) @20041028
[2026-08-07 04:38:36] --- Progress: 17523/20440 (85%) | New: 163 | Fail: 45 | Throttled-deferred: 0 | Rate: 981/min | ETA 0.0h ---
[2026-08-07 04:40:20] [17540/20440] OK ~dobe/PNAack.htm (14,123b) @20010603
[2026-08-07 04:40:45] --- Progress: 17550/20440 (85%) | New: 184 | Fail: 51 | Throttled-deferred: 0 | Rate: 877/min | ETA 0.1h ---
[2026-08-07 04:42:24] [17570/20440] OK ~enumclaw/origins.html (2,192b) @20190804
[2026-08-07 04:42:47] --- Progress: 17573/20440 (85%) | New: 203 | Fail: 55 | Throttled-deferred: 0 | Rate: 797/min | ETA 0.1h ---
[2026-08-07 04:44:55] --- Progress: 17595/20440 (86%) | New: 217 | Fail: 63 | Throttled-deferred: 0 | Rate: 727/min | ETA 0.1h ---
[2026-08-07 04:45:28] --- Progress: 17600/20440 (86%) | New: 222 | Fail: 63 | Throttled-deferred: 0 | Rate: 711/min | ETA 0.1h ---
[2026-08-07 04:46:42] [17608/20440] OK ~futon/Images/SIS/GroupA/TN/Miro.jpeg (2,096b) @20231015
[2026-08-07 04:47:30] --- Progress: 17621/20440 (86%) | New: 235 | Fail: 71 | Throttled-deferred: 0 | Rate: 658/min | ETA 0.1h ---
[2026-08-07 04:49:29] [17642/20440] OK ~ghawk/images/analog/bar32.gif (63b) @20211028
[2026-08-07 04:49:31] --- Progress: 17643/20440 (86%) | New: 250 | Fail: 78 | Throttled-deferred: 0 | Rate: 613/min | ETA 0.1h ---
[2026-08-07 04:50:34] --- Progress: 17650/20440 (86%) | New: 252 | Fail: 83 | Throttled-deferred: 0 | Rate: 592/min | ETA 0.1h ---
[2026-08-07 04:52:38] --- Progress: 17671/20440 (86%) | New: 267 | Fail: 89 | Throttled-deferred: 0 | Rate: 554/min | ETA 0.1h ---
[2026-08-07 04:54:40] --- Progress: 17686/20440 (86%) | New: 272 | Fail: 99 | Throttled-deferred: 0 | Rate: 521/min | ETA 0.1h ---
[2026-08-07 04:56:05] [17697/20440] OK ~hwang/images/kobe/P6030014_small.JPG (2,215b) @20231015
[2026-08-07 04:56:14] --- Progress: 17700/20440 (86%) | New: 278 | Fail: 107 | Throttled-deferred: 0 | Rate: 498/min | ETA 0.1h ---
[2026-08-07 04:58:16] --- Progress: 17725/20440 (86%) | New: 296 | Fail: 114 | Throttled-deferred: 0 | Rate: 472/min | ETA 0.1h ---
[2026-08-07 04:58:47] [17730/20440] OK ~jessamyn/journal/00pix/index.html (15,264b) @20200128
[2026-08-07 05:00:17] --- Progress: 17746/20440 (86%) | New: 310 | Fail: 121 | Throttled-deferred: 0 | Rate: 449/min | ETA 0.1h ---
[2026-08-07 05:00:29] --- Progress: 17750/20440 (86%) | New: 314 | Fail: 121 | Throttled-deferred: 0 | Rate: 447/min | ETA 0.1h ---
[2026-08-07 05:02:11] [17765/20440] OK ~jlubin/disabled/graphics/chair.gif (378b) @20030427
[2026-08-07 05:02:29] --- Progress: 17769/20440 (86%) | New: 328 | Fail: 126 | Throttled-deferred: 0 | Rate: 426/min | ETA 0.1h ---
[2026-08-07 05:04:30] --- Progress: 17790/20440 (87%) | New: 343 | Fail: 132 | Throttled-deferred: 0 | Rate: 406/min | ETA 0.1h ---
[2026-08-07 05:05:39] [17799/20440] OK ~jrp/clothes.html (5,003b) @20231015
[2026-08-07 05:05:55] --- Progress: 17800/20440 (87%) | New: 351 | Fail: 134 | Throttled-deferred: 0 | Rate: 394/min | ETA 0.1h ---
[2026-08-07 05:07:57] --- Progress: 17818/20440 (87%) | New: 362 | Fail: 141 | Throttled-deferred: 0 | Rate: 377/min | ETA 0.1h ---
[2026-08-07 05:09:59] --- Progress: 17838/20440 (87%) | New: 373 | Fail: 150 | Throttled-deferred: 0 | Rate: 362/min | ETA 0.1h ---
[2026-08-07 05:10:02] [17840/20440] OK ~kmcc/PHOTOS/04. Schloss Rosenburg/thumbs/P6250015.JPG (6,094b) @20231015
[2026-08-07 05:11:22] --- Progress: 17850/20440 (87%) | New: 380 | Fail: 155 | Throttled-deferred: 0 | Rate: 352/min | ETA 0.1h ---
[2026-08-07 05:13:26] --- Progress: 17871/20440 (87%) | New: 394 | Fail: 162 | Throttled-deferred: 0 | Rate: 339/min | ETA 0.1h ---
[2026-08-07 05:14:06] [17880/20440] OK ~knapper/pattbk2.JPG (72,285b) @20020324
[2026-08-07 05:15:31] --- Progress: 17891/20440 (87%) | New: 406 | Fail: 170 | Throttled-deferred: 0 | Rate: 327/min | ETA 0.1h ---
[2026-08-07 05:16:29] --- Progress: 17900/20440 (87%) | New: 410 | Fail: 175 | Throttled-deferred: 0 | Rate: 321/min | ETA 0.1h ---
[2026-08-07 05:18:33] --- Progress: 17916/20440 (87%) | New: 414 | Fail: 187 | Throttled-deferred: 0 | Rate: 310/min | ETA 0.1h ---
[2026-08-07 05:20:21] [17935/20440] OK ~mk/gubelin.html (674b) @20211028
[2026-08-07 05:20:44] --- Progress: 17936/20440 (87%) | New: 425 | Fail: 196 | Throttled-deferred: 0 | Rate: 299/min | ETA 0.1h ---
[2026-08-07 05:22:46] --- Progress: 17948/20440 (87%) | New: 427 | Fail: 206 | Throttled-deferred: 0 | Rate: 289/min | ETA 0.1h ---
[2026-08-07 05:22:54] --- Progress: 17950/20440 (87%) | New: 427 | Fail: 208 | Throttled-deferred: 0 | Rate: 289/min | ETA 0.1h ---
[2026-08-07 05:25:05] --- Progress: 17965/20440 (87%) | New: 430 | Fail: 220 | Throttled-deferred: 0 | Rate: 279/min | ETA 0.1h ---
[2026-08-07 05:27:09] --- Progress: 17988/20440 (88%) | New: 445 | Fail: 228 | Throttled-deferred: 0 | Rate: 271/min | ETA 0.2h ---
[2026-08-07 05:27:53] [17995/20440] OK ~noir/ftitles/sorry/rev.shtml (3,523b) @20210518
[2026-08-07 05:28:47] --- Progress: 18000/20440 (88%) | New: 453 | Fail: 232 | Throttled-deferred: 0 | Rate: 265/min | ETA 0.2h ---
[2026-08-07 05:30:50] --- Progress: 18018/20440 (88%) | New: 460 | Fail: 243 | Throttled-deferred: 0 | Rate: 257/min | ETA 0.2h ---
[2026-08-07 05:32:51] --- Progress: 18035/20440 (88%) | New: 468 | Fail: 252 | Throttled-deferred: 0 | Rate: 250/min | ETA 0.2h ---
[2026-08-07 05:35:02] --- Progress: 18050/20440 (88%) | New: 470 | Fail: 265 | Throttled-deferred: 0 | Rate: 243/min | ETA 0.2h ---
[2026-08-07 05:36:59] [18064/20440] OK ~pbender/nba-daily/draft01.txt (5,939b) @20191221
[2026-08-07 05:37:03] --- Progress: 18065/20440 (88%) | New: 475 | Fail: 275 | Throttled-deferred: 0 | Rate: 237/min | ETA 0.2h ---
[2026-08-07 05:39:03] --- Progress: 18081/20440 (88%) | New: 485 | Fail: 281 | Throttled-deferred: 0 | Rate: 231/min | ETA 0.2h ---
[2026-08-07 05:41:07] --- Progress: 18099/20440 (88%) | New: 495 | Fail: 289 | Throttled-deferred: 0 | Rate: 225/min | ETA 0.2h ---
[2026-08-07 05:41:13] --- Progress: 18100/20440 (88%) | New: 496 | Fail: 289 | Throttled-deferred: 0 | Rate: 225/min | ETA 0.2h ---
[2026-08-07 05:41:44] [18106/20440] OK ~physmith/staff1pr.html (698b) @20220428
[2026-08-07 05:43:15] --- Progress: 18115/20440 (88%) | New: 504 | Fail: 296 | Throttled-deferred: 0 | Rate: 220/min | ETA 0.2h ---
[2026-08-07 05:45:29] --- Progress: 18128/20440 (88%) | New: 504 | Fail: 309 | Throttled-deferred: 0 | Rate: 214/min | ETA 0.2h ---
[2026-08-07 05:47:36] --- Progress: 18141/20440 (88%) | New: 504 | Fail: 322 | Throttled-deferred: 0 | Rate: 209/min | ETA 0.2h ---
[2026-08-07 05:48:31] --- Progress: 18150/20440 (88%) | New: 508 | Fail: 327 | Throttled-deferred: 0 | Rate: 207/min | ETA 0.2h ---
[2026-08-07 05:50:40] --- Progress: 18170/20440 (88%) | New: 523 | Fail: 332 | Throttled-deferred: 0 | Rate: 202/min | ETA 0.2h ---
[2026-08-07 05:50:40] [18172/20440] OK ~pristine/images/msmediaplayer.gif (564b) @20220428
[2026-08-07 05:52:41] --- Progress: 18193/20440 (89%) | New: 541 | Fail: 337 | Throttled-deferred: 0 | Rate: 198/min | ETA 0.2h ---
[2026-08-07 05:53:30] --- Progress: 18200/20440 (89%) | New: 544 | Fail: 341 | Throttled-deferred: 0 | Rate: 196/min | ETA 0.2h ---
[2026-08-07 05:55:31] --- Progress: 18212/20440 (89%) | New: 545 | Fail: 352 | Throttled-deferred: 0 | Rate: 192/min | ETA 0.2h ---
[2026-08-07 05:57:53] --- Progress: 18226/20440 (89%) | New: 547 | Fail: 364 | Throttled-deferred: 0 | Rate: 188/min | ETA 0.2h ---
[2026-08-07 05:58:19] [18234/20440] OK ~pygmy/frankpic.html (291b) @20231015
[2026-08-07 05:59:56] --- Progress: 18245/20440 (89%) | New: 555 | Fail: 375 | Throttled-deferred: 0 | Rate: 184/min | ETA 0.2h ---
[2026-08-07 06:00:07] --- Progress: 18250/20440 (89%) | New: 558 | Fail: 377 | Throttled-deferred: 0 | Rate: 184/min | ETA 0.2h ---
[2026-08-07 06:02:09] --- Progress: 18267/20440 (89%) | New: 572 | Fail: 380 | Throttled-deferred: 0 | Rate: 180/min | ETA 0.2h ---
[2026-08-07 06:02:40] [18272/20440] OK ~rarnold/CEOs.htm (11,241b) @20220428
[2026-08-07 06:04:12] --- Progress: 18285/20440 (89%) | New: 582 | Fail: 388 | Throttled-deferred: 0 | Rate: 177/min | ETA 0.2h ---
[2026-08-07 06:05:41] --- Progress: 18300/20440 (89%) | New: 591 | Fail: 394 | Throttled-deferred: 0 | Rate: 174/min | ETA 0.2h ---
[2026-08-07 06:06:39] [18310/20440] OK ~recall/bleed/0802.htm (41,507b) @20220428
[2026-08-07 06:07:47] --- Progress: 18319/20440 (89%) | New: 606 | Fail: 398 | Throttled-deferred: 0 | Rate: 171/min | ETA 0.2h ---
[2026-08-07 06:09:50] --- Progress: 18336/20440 (89%) | New: 615 | Fail: 406 | Throttled-deferred: 0 | Rate: 168/min | ETA 0.2h ---
[2026-08-07 06:11:45] --- Progress: 18350/20440 (89%) | New: 621 | Fail: 414 | Throttled-deferred: 0 | Rate: 165/min | ETA 0.2h ---
[2026-08-07 06:12:16] [18356/20440] OK ~samoyed/iwpa/0102/Pull97.html (26,298b) @20200128
[2026-08-07 06:13:48] --- Progress: 18367/20440 (89%) | New: 632 | Fail: 420 | Throttled-deferred: 0 | Rate: 162/min | ETA 0.2h ---
[2026-08-07 06:15:52] --- Progress: 18383/20440 (89%) | New: 637 | Fail: 431 | Throttled-deferred: 0 | Rate: 160/min | ETA 0.2h ---
[2026-08-07 06:17:31] --- Progress: 18400/20440 (90%) | New: 645 | Fail: 440 | Throttled-deferred: 0 | Rate: 158/min | ETA 0.2h ---
[2026-08-07 06:18:48] [18411/20440] OK ~surfer/CCA/_derived/vehicles.htm_cmp_cca110_vbtn_a.gif (1,866b) @20231015
[2026-08-07 06:19:34] --- Progress: 18414/20440 (90%) | New: 652 | Fail: 447 | Throttled-deferred: 0 | Rate: 155/min | ETA 0.2h ---
[2026-08-07 06:21:37] --- Progress: 18430/20440 (90%) | New: 660 | Fail: 455 | Throttled-deferred: 0 | Rate: 152/min | ETA 0.2h ---
[2026-08-07 06:23:40] --- Progress: 18449/20440 (90%) | New: 673 | Fail: 461 | Throttled-deferred: 0 | Rate: 150/min | ETA 0.2h ---
[2026-08-07 06:23:41] --- Progress: 18450/20440 (90%) | New: 674 | Fail: 461 | Throttled-deferred: 0 | Rate: 150/min | ETA 0.2h ---
[2026-08-07 06:23:55] [18453/20440] OK ~tegan/xena/pics/herc1x.jpg (10,761b) @20211028
[2026-08-07 06:25:42] --- Progress: 18471/20440 (90%) | New: 689 | Fail: 467 | Throttled-deferred: 0 | Rate: 148/min | ETA 0.2h ---
[2026-08-07 06:27:08] [18487/20440] OK ~tlotus/images/dolphins_mini.jpg (5,699b) @20211028
[2026-08-07 06:27:53] --- Progress: 18491/20440 (90%) | New: 702 | Fail: 474 | Throttled-deferred: 0 | Rate: 145/min | ETA 0.2h ---
[2026-08-07 06:29:04] --- Progress: 18500/20440 (90%) | New: 706 | Fail: 479 | Throttled-deferred: 0 | Rate: 144/min | ETA 0.2h ---
[2026-08-07 06:31:07] --- Progress: 18519/20440 (90%) | New: 717 | Fail: 487 | Throttled-deferred: 0 | Rate: 142/min | ETA 0.2h ---
[2026-08-07 06:32:31] [18534/20440] OK ~vecna/alaska_shore_18.jpg (57,343b) @20220428
[2026-08-07 06:33:09] --- Progress: 18538/20440 (90%) | New: 729 | Fail: 494 | Throttled-deferred: 0 | Rate: 140/min | ETA 0.2h ---
[2026-08-07 06:34:19] --- Progress: 18550/20440 (90%) | New: 736 | Fail: 499 | Throttled-deferred: 0 | Rate: 139/min | ETA 0.2h ---
[2026-08-07 06:36:05] [18566/20440] OK ~vecna/whirlw.htm (37,333b) @20040721
[2026-08-07 06:36:21] --- Progress: 18570/20440 (90%) | New: 752 | Fail: 503 | Throttled-deferred: 0 | Rate: 137/min | ETA 0.2h ---
[2026-08-07 06:38:22] --- Progress: 18586/20440 (90%) | New: 761 | Fail: 510 | Throttled-deferred: 0 | Rate: 135/min | ETA 0.2h ---
[2026-08-07 06:40:16] --- Progress: 18600/20440 (90%) | New: 767 | Fail: 518 | Throttled-deferred: 0 | Rate: 133/min | ETA 0.2h ---
[2026-08-07 06:42:13] [18616/20440] OK ~webguy/sounds/2001.mid (12,613b) @20231015
[2026-08-07 06:42:21] --- Progress: 18617/20440 (91%) | New: 776 | Fail: 526 | Throttled-deferred: 0 | Rate: 131/min | ETA 0.2h ---
[2026-08-07 06:44:28] --- Progress: 18631/20440 (91%) | New: 778 | Fail: 538 | Throttled-deferred: 0 | Rate: 130/min | ETA 0.2h ---
[2026-08-07 06:46:32] --- Progress: 18648/20440 (91%) | New: 784 | Fail: 549 | Throttled-deferred: 0 | Rate: 128/min | ETA 0.2h ---
[2026-08-07 06:46:33] --- Progress: 18650/20440 (91%) | New: 784 | Fail: 551 | Throttled-deferred: 0 | Rate: 128/min | ETA 0.2h ---
[2026-08-07 06:48:34] --- Progress: 18667/20440 (91%) | New: 792 | Fail: 560 | Throttled-deferred: 0 | Rate: 126/min | ETA 0.2h ---
[2026-08-07 06:50:39] --- Progress: 18684/20440 (91%) | New: 799 | Fail: 570 | Throttled-deferred: 0 | Rate: 125/min | ETA 0.2h ---
[2026-08-07 06:50:39] [18685/20440] OK ~whitby/cusco.html (12,273b) @20190804
[2026-08-07 06:52:44] --- Progress: 18698/20440 (91%) | New: 801 | Fail: 582 | Throttled-deferred: 0 | Rate: 123/min | ETA 0.2h ---
[2026-08-07 06:52:44] 
=== PHASE 3: Generating Index ===
[2026-08-07 06:52:46] WordPress PDF extraction: found 202 PDF(s)
[2026-08-07 07:25:48]   PDFs: 0 downloaded, 50 cached, 152 failed
[2026-08-07 07:25:48]   Missing PDFs list: /Users/esaruoho/work/merlib-mirror/sites/amasci.com/_missing_pdfs.txt
[2026-08-07 07:25:48] Generating index...
[2026-08-07 07:25:48] Index: 28089 files
[2026-08-07 07:25:48]   .txt: 9899
[2026-08-07 07:25:48]   .html: 7446
[2026-08-07 07:25:48]   .jpg: 3613
[2026-08-07 07:25:48]   .htm: 2633
[2026-08-07 07:25:48]   .gif: 2561
[2026-08-07 07:25:48]   .md: 825
[2026-08-07 07:25:48]   .shtml: 163
[2026-08-07 07:25:48]   .jpeg: 129
[2026-08-07 07:25:48]   .pdf: 107
[2026-08-07 07:25:48]   .zip: 70
[2026-08-07 07:25:48]   .png: 56
[2026-08-07 07:25:48]   .doc: 25
[2026-08-07 07:25:48]   .save: 24
[2026-08-07 07:25:48]   .xml: 23
[2026-08-07 07:25:48]   .exe: 23
[2026-08-07 07:25:48] 
============================================================
[2026-08-07 07:25:48] MIRROR COMPLETE
[2026-08-07 07:25:48] Total URLs: 20440
[2026-08-07 07:25:48] Downloaded: 18082
[2026-08-07 07:25:48] Failed: 582
[2026-08-07 07:25:48] Files: 28089
[2026-08-07 07:25:48] ============================================================
[2026-08-07 07:25:48] 
Next step: fe-ingest.sh /Users/esaruoho/work/merlib-mirror/sites/amasci.com
[2026-08-07 17:14:23] ============================================================
[2026-08-07 17:14:23] WAYBACK MIRROR: amasci.com
[2026-08-07 17:14:23] Output: /Users/esaruoho/work/merlib-mirror/sites/amasci.com
[2026-08-07 17:14:23] Delay: 1.0s
[2026-08-07 17:14:23] ============================================================
[2026-08-07 17:14:23] Resuming: phase=downloading, 18082 already done
[2026-08-07 17:14:23] 
=== PHASE 2: Downloading ===
[2026-08-07 17:14:23] Collapsed 18 host-variant duplicate(s) to one fetch each
[2026-08-07 17:14:23] Skipping 1,742 unmirrorable URL(s) (server-side / WordPress plumbing) — not fetched, not counted as failures
[2026-08-07 17:14:23] Downloading 598 of 20,440 with 6 worker(s) (delay 1.0s each)
[2026-08-07 17:14:23] --- pass 1/6: 598 URL(s), 6 worker(s) ---
[2026-08-07 17:16:25] --- Progress: 18108/20440 (88%) | New: 0 | Fail: 8 | Throttled-deferred: 0 | Rate: 8921/min | ETA 0.0h ---
[2026-08-07 17:18:30] --- Progress: 18113/20440 (88%) | New: 0 | Fail: 13 | Throttled-deferred: 0 | Rate: 4400/min | ETA 0.0h ---
[2026-08-07 17:20:43] --- Progress: 18118/20440 (88%) | New: 2 | Fail: 16 | Throttled-deferred: 0 | Rate: 2863/min | ETA 0.0h ---
[2026-08-07 17:23:41] --- Progress: 18126/20440 (88%) | New: 3 | Fail: 23 | Throttled-deferred: 0 | Rate: 1950/min | ETA 0.0h ---
[2026-08-07 17:25:42] --- Progress: 18135/20440 (88%) | New: 4 | Fail: 31 | Throttled-deferred: 0 | Rate: 1604/min | ETA 0.0h ---
[2026-08-07 17:28:56] --- Progress: 18142/20440 (88%) | New: 7 | Fail: 35 | Throttled-deferred: 0 | Rate: 1247/min | ETA 0.0h ---
[2026-08-07 17:31:10] --- Progress: 18149/20440 (88%) | New: 8 | Fail: 41 | Throttled-deferred: 0 | Rate: 1082/min | ETA 0.0h ---
[2026-08-07 17:31:18] --- Progress: 18150/20440 (88%) | New: 8 | Fail: 42 | Throttled-deferred: 0 | Rate: 1073/min | ETA 0.0h ---
[2026-08-07 17:33:25] --- Progress: 18164/20440 (88%) | New: 14 | Fail: 50 | Throttled-deferred: 0 | Rate: 955/min | ETA 0.0h ---
[2026-08-07 17:35:45] --- Progress: 18171/20440 (88%) | New: 19 | Fail: 52 | Throttled-deferred: 0 | Rate: 850/min | ETA 0.0h ---
[2026-08-07 17:38:02] --- Progress: 18178/20440 (88%) | New: 22 | Fail: 56 | Throttled-deferred: 0 | Rate: 769/min | ETA 0.0h ---
[2026-08-07 17:39:39] [18185/20440] OK ~gluhm/bio/equipmentsale.htm (3,517b) @20031219
[2026-08-07 17:40:04] --- Progress: 18188/20440 (88%) | New: 26 | Fail: 62 | Throttled-deferred: 0 | Rate: 708/min | ETA 0.1h ---
[2026-08-07 17:42:40] --- Progress: 18200/20440 (89%) | New: 29 | Fail: 71 | Throttled-deferred: 0 | Rate: 644/min | ETA 0.1h ---
[2026-08-07 17:44:47] --- Progress: 18209/20440 (89%) | New: 29 | Fail: 80 | Throttled-deferred: 0 | Rate: 599/min | ETA 0.1h ---
[2026-08-07 17:47:13] --- Progress: 18221/20440 (89%) | New: 37 | Fail: 84 | Throttled-deferred: 0 | Rate: 555/min | ETA 0.1h ---
[2026-08-07 17:49:20] --- Progress: 18234/20440 (89%) | New: 42 | Fail: 92 | Throttled-deferred: 0 | Rate: 522/min | ETA 0.1h ---
[2026-08-07 17:51:07] [18242/20440] OK ~jrp/images/FamilyVisit/2004_08_05/image004.htm (3,581b) @20041116
[2026-08-07 17:51:33] --- Progress: 18244/20440 (89%) | New: 51 | Fail: 93 | Throttled-deferred: 0 | Rate: 491/min | ETA 0.1h ---
[2026-08-07 17:52:00] --- Progress: 18250/20440 (89%) | New: 55 | Fail: 95 | Throttled-deferred: 0 | Rate: 485/min | ETA 0.1h ---
[2026-08-07 17:54:07] --- Progress: 18260/20440 (89%) | New: 62 | Fail: 98 | Throttled-deferred: 0 | Rate: 460/min | ETA 0.1h ---
[2026-08-07 17:56:09] --- Progress: 18272/20440 (89%) | New: 71 | Fail: 101 | Throttled-deferred: 0 | Rate: 438/min | ETA 0.1h ---
[2026-08-07 17:56:58] [18278/20440] OK ~krautm/culture.html (497b) @20211028
[2026-08-07 17:58:34] --- Progress: 18280/20440 (89%) | New: 76 | Fail: 104 | Throttled-deferred: 0 | Rate: 414/min | ETA 0.1h ---
[2026-08-07 18:01:06] --- Progress: 18287/20440 (89%) | New: 81 | Fail: 106 | Throttled-deferred: 0 | Rate: 391/min | ETA 0.1h ---
[2026-08-07 18:03:37] --- Progress: 18293/20440 (89%) | New: 81 | Fail: 112 | Throttled-deferred: 0 | Rate: 372/min | ETA 0.1h ---
[2026-08-07 18:05:47] --- Progress: 18296/20440 (89%) | New: 82 | Fail: 114 | Throttled-deferred: 0 | Rate: 356/min | ETA 0.1h ---
[2026-08-07 18:06:32] --- Progress: 18300/20440 (89%) | New: 84 | Fail: 116 | Throttled-deferred: 0 | Rate: 351/min | ETA 0.1h ---
[2026-08-07 18:08:36] --- Progress: 18314/20440 (89%) | New: 93 | Fail: 121 | Throttled-deferred: 0 | Rate: 338/min | ETA 0.1h ---
[2026-08-07 18:10:42] --- Progress: 18323/20440 (89%) | New: 98 | Fail: 125 | Throttled-deferred: 0 | Rate: 325/min | ETA 0.1h ---
[2026-08-07 18:11:49] [18328/20440] OK ~nickz/bh97pix/HILLCAKE.JPG (50,725b) @20231015
[2026-08-07 18:12:42] --- Progress: 18332/20440 (89%) | New: 102 | Fail: 130 | Throttled-deferred: 0 | Rate: 314/min | ETA 0.1h ---
[2026-08-07 18:14:55] --- Progress: 18345/20440 (89%) | New: 113 | Fail: 132 | Throttled-deferred: 0 | Rate: 303/min | ETA 0.1h ---
[2026-08-07 18:16:50] --- Progress: 18350/20440 (89%) | New: 115 | Fail: 135 | Throttled-deferred: 0 | Rate: 294/min | ETA 0.1h ---
[2026-08-07 18:19:35] --- Progress: 18360/20440 (89%) | New: 120 | Fail: 140 | Throttled-deferred: 0 | Rate: 282/min | ETA 0.1h ---
[2026-08-07 18:21:45] --- Progress: 18369/20440 (89%) | New: 122 | Fail: 147 | Throttled-deferred: 0 | Rate: 273/min | ETA 0.1h ---
[2026-08-07 18:23:46] --- Progress: 18379/20440 (89%) | New: 124 | Fail: 155 | Throttled-deferred: 0 | Rate: 265/min | ETA 0.1h ---
[2026-08-07 18:25:47] --- Progress: 18383/20440 (89%) | New: 124 | Fail: 159 | Throttled-deferred: 0 | Rate: 257/min | ETA 0.1h ---
[2026-08-07 18:26:22] [18386/20440] OK ~pbender/nba-daily/final/playoff-final93-94.txt (1,108b) @20230712
[2026-08-07 18:28:07] --- Progress: 18397/20440 (90%) | New: 133 | Fail: 164 | Throttled-deferred: 0 | Rate: 250/min | ETA 0.1h ---
[2026-08-07 18:28:21] --- Progress: 18400/20440 (90%) | New: 135 | Fail: 165 | Throttled-deferred: 0 | Rate: 249/min | ETA 0.1h ---
[2026-08-07 18:30:43] --- Progress: 18408/20440 (90%) | New: 141 | Fail: 167 | Throttled-deferred: 0 | Rate: 241/min | ETA 0.1h ---
[2026-08-07 18:32:43] [18421/20440] OK ~pristine/bbs.html (20,526b) @20020109
[2026-08-07 18:33:14] --- Progress: 18422/20440 (90%) | New: 151 | Fail: 171 | Throttled-deferred: 0 | Rate: 234/min | ETA 0.1h ---
[2026-08-07 18:35:17] --- Progress: 18432/20440 (90%) | New: 156 | Fail: 176 | Throttled-deferred: 0 | Rate: 228/min | ETA 0.1h ---
[2026-08-07 18:37:19] --- Progress: 18450/20440 (90%) | New: 174 | Fail: 176 | Throttled-deferred: 0 | Rate: 222/min | ETA 0.1h ---
[2026-08-07 18:37:20] [18451/20440] OK ~pristine/irc.html (63,229b) @20080116
[2026-08-07 18:39:37] --- Progress: 18468/20440 (90%) | New: 192 | Fail: 176 | Throttled-deferred: 0 | Rate: 217/min | ETA 0.2h ---
[2026-08-07 18:41:48] [18479/20440] OK ~pristine/web20.html (33,364b) @20080116
[2026-08-07 18:41:49] --- Progress: 18479/20440 (90%) | New: 200 | Fail: 179 | Throttled-deferred: 0 | Rate: 211/min | ETA 0.2h ---
[2026-08-07 18:43:52] --- Progress: 18492/20440 (90%) | New: 209 | Fail: 183 | Throttled-deferred: 0 | Rate: 207/min | ETA 0.2h ---
[2026-08-07 18:46:42] --- Progress: 18500/20440 (90%) | New: 216 | Fail: 184 | Throttled-deferred: 0 | Rate: 200/min | ETA 0.2h ---
[2026-08-07 18:48:02] [18512/20440] OK ~robertf/index.html (4,225b) @20020604
[2026-08-07 18:49:12] --- Progress: 18514/20440 (90%) | New: 226 | Fail: 188 | Throttled-deferred: 0 | Rate: 195/min | ETA 0.2h ---
[2026-08-07 18:51:16] --- Progress: 18530/20440 (90%) | New: 237 | Fail: 193 | Throttled-deferred: 0 | Rate: 191/min | ETA 0.2h ---
[2026-08-07 18:53:24] --- Progress: 18537/20440 (90%) | New: 243 | Fail: 194 | Throttled-deferred: 0 | Rate: 187/min | ETA 0.2h ---
[2026-08-07 18:55:49] --- Progress: 18548/20440 (90%) | New: 246 | Fail: 202 | Throttled-deferred: 0 | Rate: 183/min | ETA 0.2h ---
[2026-08-07 18:56:13] --- Progress: 18550/20440 (90%) | New: 247 | Fail: 203 | Throttled-deferred: 0 | Rate: 182/min | ETA 0.2h ---
[2026-08-07 18:57:00] [18555/20440] OK ~stevemc/images/WHTHOUSE.GIF (21,356b) @20231015
[2026-08-07 18:59:05] --- Progress: 18560/20440 (90%) | New: 252 | Fail: 208 | Throttled-deferred: 0 | Rate: 177/min | ETA 0.2h ---
[2026-08-07 19:01:20] --- Progress: 18567/20440 (90%) | New: 254 | Fail: 213 | Throttled-deferred: 0 | Rate: 174/min | ETA 0.2h ---
[2026-08-07 19:03:21] --- Progress: 18579/20440 (90%) | New: 264 | Fail: 215 | Throttled-deferred: 0 | Rate: 170/min | ETA 0.2h ---
[2026-08-07 19:04:35] [18591/20440] OK ~toates/malick/trl/tellawel_t.jpg (3,853b) @20030529
[2026-08-07 19:05:38] --- Progress: 18594/20440 (90%) | New: 277 | Fail: 217 | Throttled-deferred: 0 | Rate: 167/min | ETA 0.2h ---
[2026-08-07 19:06:39] --- Progress: 18600/20440 (90%) | New: 280 | Fail: 220 | Throttled-deferred: 0 | Rate: 166/min | ETA 0.2h ---
[2026-08-07 19:08:44] --- Progress: 18609/20440 (91%) | New: 286 | Fail: 223 | Throttled-deferred: 0 | Rate: 163/min | ETA 0.2h ---
[2026-08-07 19:11:22] --- Progress: 18624/20440 (91%) | New: 298 | Fail: 226 | Throttled-deferred: 0 | Rate: 159/min | ETA 0.2h ---
[2026-08-07 19:11:30] [18626/20440] OK ~wakemup/index.html (15,324b) @20200128
[2026-08-07 19:13:31] --- Progress: 18638/20440 (91%) | New: 311 | Fail: 227 | Throttled-deferred: 0 | Rate: 156/min | ETA 0.2h ---
[2026-08-07 19:15:33] --- Progress: 18645/20440 (91%) | New: 315 | Fail: 230 | Throttled-deferred: 0 | Rate: 154/min | ETA 0.2h ---
[2026-08-07 19:16:58] --- Progress: 18650/20440 (91%) | New: 315 | Fail: 235 | Throttled-deferred: 0 | Rate: 152/min | ETA 0.2h ---
[2026-08-07 19:19:01] --- Progress: 18658/20440 (91%) | New: 316 | Fail: 242 | Throttled-deferred: 0 | Rate: 150/min | ETA 0.2h ---
[2026-08-07 19:21:11] --- Progress: 18671/20440 (91%) | New: 322 | Fail: 249 | Throttled-deferred: 0 | Rate: 147/min | ETA 0.2h ---
[2026-08-07 19:23:15] --- Progress: 18679/20440 (91%) | New: 324 | Fail: 255 | Throttled-deferred: 0 | Rate: 145/min | ETA 0.2h ---
[2026-08-07 19:23:18] [18680/20440] OK ~wesn/waflyfishers/msg07757.html (7,749b) @20011209
[2026-08-07 19:25:22] --- Progress: 18691/20440 (91%) | New: 332 | Fail: 259 | Throttled-deferred: 0 | Rate: 143/min | ETA 0.2h ---
[2026-08-07 19:27:30] --- Progress: 18698/20440 (91%) | New: 332 | Fail: 266 | Throttled-deferred: 0 | Rate: 140/min | ETA 0.2h ---
[2026-08-07 19:27:30] 
=== PHASE 3: Generating Index ===
[2026-08-07 19:27:34] WordPress PDF extraction: found 199 PDF(s)
[2026-08-07 19:50:03]   PDF OK: userguide.pdf
[2026-08-07 19:59:35]   PDFs: 1 downloaded, 48 cached, 150 failed
[2026-08-07 19:59:35]   Missing PDFs list: /Users/esaruoho/work/merlib-mirror/sites/amasci.com/_missing_pdfs.txt
[2026-08-07 19:59:35] Generating index...
[2026-08-07 19:59:35] Index: 46505 files
[2026-08-07 19:59:35]   .md: 18704
[2026-08-07 19:59:35]   .txt: 10124
[2026-08-07 19:59:35]   .html: 7629
[2026-08-07 19:59:35]   .jpg: 3664
[2026-08-07 19:59:35]   .htm: 2674
[2026-08-07 19:59:35]   .gif: 2591
[2026-08-07 19:59:35]   .shtml: 164
[2026-08-07 19:59:35]   .jpeg: 131
[2026-08-07 19:59:35]   .pdf: 109
[2026-08-07 19:59:35]   .zip: 70
[2026-08-07 19:59:35]   .png: 56
[2026-08-07 19:59:35]   .doc: 25
[2026-08-07 19:59:35]   .save: 24
[2026-08-07 19:59:35]   .exe: 24
[2026-08-07 19:59:35]   .xml: 23
[2026-08-07 19:59:35] 
============================================================
[2026-08-07 19:59:35] MIRROR COMPLETE
[2026-08-07 19:59:35] Total URLs: 20440
[2026-08-07 19:59:35] Downloaded: 18414
[2026-08-07 19:59:35] Failed: 266
[2026-08-07 19:59:35] Files: 46505
[2026-08-07 19:59:35] ============================================================
[2026-08-07 19:59:35] 
Next step: fe-ingest.sh /Users/esaruoho/work/merlib-mirror/sites/amasci.com
